Initialized native services in: /home/runner/.gradle/native
Initialized jansi services in: /home/runner/.gradle/native
Received JVM installation metadata from '/usr/lib/jvm/temurin-17-jdk-amd64': {JAVA_HOME=/usr/lib/jvm/temurin-17-jdk-amd64, JAVA_VERSION=17.0.19, JAVA_VENDOR=Eclipse Adoptium, RUNTIME_NAME=OpenJDK Runtime Environment, RUNTIME_VERSION=17.0.19+10, VM_NAME=OpenJDK 64-Bit Server VM, VM_VERSION=17.0.19+10, VM_VENDOR=Eclipse Adoptium, OS_ARCH=amd64}
Removing 0 daemon stop events from registry
Starting a Gradle Daemon (subsequent builds will be faster)
Starting process 'Gradle build daemon'. Working directory: /home/runner/.gradle/daemon/8.9 Command: /usr/lib/jvm/temurin-17-jdk-amd64/bin/java --add-opens=java.base/java.util=ALL-UNNAMED --add-opens=java.base/java.lang=ALL-UNNAMED --add-opens=java.base/java.lang.invoke=ALL-UNNAMED --add-opens=java.prefs/java.util.prefs=ALL-UNNAMED --add-exports=jdk.compiler/com.sun.tools.javac.api=ALL-UNNAMED --add-exports=jdk.compiler/com.sun.tools.javac.util=ALL-UNNAMED --add-opens=java.base/java.nio.charset=ALL-UNNAMED --add-opens=java.base/java.net=ALL-UNNAMED --add-opens=java.base/java.util.concurrent.atomic=ALL-UNNAMED -Xmx3g -Dfile.encoding=UTF-8 -Duser.country -Duser.language=en -Duser.variant -cp /home/runner/work/_temp/.gradle-actions/gradle-installations/installs/gradle-8.9/lib/gradle-daemon-main-8.9.jar -javaagent:/home/runner/work/_temp/.gradle-actions/gradle-installations/installs/gradle-8.9/lib/agents/gradle-instrumentation-agent-8.9.jar org.gradle.launcher.daemon.bootstrap.GradleDaemon 8.9
Successfully started process 'Gradle build daemon'
An attempt to start the daemon took 1.061 secs.
The client will now receive all logging from the daemon (pid: 2688). The daemon log file: /home/runner/.gradle/daemon/8.9/daemon-2688.out.log
Starting build in new daemon [memory: 3 GiB]
Using 4 worker leases.
Received JVM installation metadata from '/usr/lib/jvm/temurin-17-jdk-amd64': {JAVA_HOME=/usr/lib/jvm/temurin-17-jdk-amd64, JAVA_VERSION=17.0.19, JAVA_VENDOR=Eclipse Adoptium, RUNTIME_NAME=OpenJDK Runtime Environment, RUNTIME_VERSION=17.0.19+10, VM_NAME=OpenJDK 64-Bit Server VM, VM_VERSION=17.0.19+10, VM_VENDOR=Eclipse Adoptium, OS_ARCH=amd64}
Watching the file system is configured to be enabled if available
Now considering [/home/runner/work/atrangi-document-workspace/atrangi-document-workspace] as hierarchies to watch
File system watching is active
Starting Build
Settings evaluated using settings file '/home/runner/work/atrangi-document-workspace/atrangi-document-workspace/settings.gradle.kts'.
Projects loaded. Root project using build file '/home/runner/work/atrangi-document-workspace/atrangi-document-workspace/build.gradle.kts'.
Included projects: [root project 'AtrangiDocumentWorkspace', project ':app']

> Configure project :
Evaluating root project 'AtrangiDocumentWorkspace' using build file '/home/runner/work/atrangi-document-workspace/atrangi-document-workspace/build.gradle.kts'.
Transforming gradle-8.7.3.jar (com.android.tools.build:gradle:8.7.3) with InstrumentationAnalysisTransform
Transforming gradle-settings-api-8.7.3.jar (com.android.tools.build:gradle-settings-api:8.7.3) with InstrumentationAnalysisTransform
Transforming lint-model-31.7.3.jar (com.android.tools.lint:lint-model:31.7.3) with InstrumentationAnalysisTransform
Transforming builder-8.7.3.jar (com.android.tools.build:builder:8.7.3) with InstrumentationAnalysisTransform
Transforming manifest-merger-31.7.3.jar (com.android.tools.build:manifest-merger:31.7.3) with InstrumentationAnalysisTransform
Transforming sdk-common-31.7.3.jar (com.android.tools:sdk-common:31.7.3) with InstrumentationAnalysisTransform
Transforming sdklib-31.7.3.jar (com.android.tools:sdklib:31.7.3) with InstrumentationAnalysisTransform
Transforming repository-31.7.3.jar (com.android.tools:repository:31.7.3) with InstrumentationAnalysisTransform
Transforming aaptcompiler-8.7.3.jar (com.android.tools.build:aaptcompiler:8.7.3) with InstrumentationAnalysisTransform
Transforming tracker-31.7.3.jar (com.android.tools.analytics-library:tracker:31.7.3) with InstrumentationAnalysisTransform
Transforming shared-31.7.3.jar (com.android.tools.analytics-library:shared:31.7.3) with InstrumentationAnalysisTransform
Transforming databinding-compiler-common-8.7.3.jar (androidx.databinding:databinding-compiler-common:8.7.3) with InstrumentationAnalysisTransform
Transforming android-test-plugin-host-emulator-control-proto-31.7.3.jar (com.android.tools.utp:android-test-plugin-host-emulator-control-proto:31.7.3) with InstrumentationAnalysisTransform
Transforming android-test-plugin-host-retention-proto-31.7.3.jar (com.android.tools.utp:android-test-plugin-host-retention-proto:31.7.3) with InstrumentationAnalysisTransform
Transforming builder-model-8.7.3.jar (com.android.tools.build:builder-model:8.7.3) with InstrumentationAnalysisTransform
Transforming gradle-api-8.7.3.jar (com.android.tools.build:gradle-api:8.7.3) with InstrumentationAnalysisTransform
Transforming builder-test-api-8.7.3.jar (com.android.tools.build:builder-test-api:8.7.3) with InstrumentationAnalysisTransform
Transforming ddmlib-31.7.3.jar (com.android.tools.ddms:ddmlib:31.7.3) with InstrumentationAnalysisTransform
Transforming layoutlib-api-31.7.3.jar (com.android.tools.layoutlib:layoutlib-api:31.7.3) with InstrumentationAnalysisTransform
Transforming dvlib-31.7.3.jar (com.android.tools:dvlib:31.7.3) with InstrumentationAnalysisTransform
Transforming common-31.7.3.jar (com.android.tools:common:31.7.3) with InstrumentationAnalysisTransform
Transforming kotlin-stdlib-jdk8-1.9.20.jar (org.jetbrains.kotlin:kotlin-stdlib-jdk8:1.9.20) with InstrumentationAnalysisTransform
Transforming jetifier-processor-1.0.0-beta10.jar (com.android.tools.build.jetifier:jetifier-processor:1.0.0-beta10) with InstrumentationAnalysisTransform
Transforming jetifier-core-1.0.0-beta10.jar (com.android.tools.build.jetifier:jetifier-core:1.0.0-beta10) with InstrumentationAnalysisTransform
Transforming kotlin-reflect-1.9.23.jar (org.jetbrains.kotlin:kotlin-reflect:1.9.23) with InstrumentationAnalysisTransform
Transforming kotlin-stdlib-jdk7-1.9.20.jar (org.jetbrains.kotlin:kotlin-stdlib-jdk7:1.9.20) with InstrumentationAnalysisTransform
Transforming kotlin-stdlib-1.9.23.jar (org.jetbrains.kotlin:kotlin-stdlib:1.9.23) with InstrumentationAnalysisTransform
Transforming annotations-13.0.jar (org.jetbrains:annotations:13.0) with InstrumentationAnalysisTransform
Transforming kotlin-gradle-plugin-model-2.0.21.jar (org.jetbrains.kotlin:kotlin-gradle-plugin-model:2.0.21) with InstrumentationAnalysisTransform
Transforming kotlin-gradle-plugin-api-2.0.21.jar (org.jetbrains.kotlin:kotlin-gradle-plugin-api:2.0.21) with InstrumentationAnalysisTransform
Transforming kotlin-gradle-plugin-2.0.21-gradle85.jar (org.jetbrains.kotlin:kotlin-gradle-plugin:2.0.21) with InstrumentationAnalysisTransform
Transforming bundletool-1.17.1.jar (com.android.tools.build:bundletool:1.17.1) with InstrumentationAnalysisTransform
Transforming aapt2-proto-8.7.3-12006047.jar (com.android.tools.build:aapt2-proto:8.7.3-12006047) with InstrumentationAnalysisTransform
Transforming crash-31.7.3.jar (com.android.tools.analytics-library:crash:31.7.3) with InstrumentationAnalysisTransform
Transforming lint-typedef-remover-31.7.3.jar (com.android.tools.lint:lint-typedef-remover:31.7.3) with InstrumentationAnalysisTransform
Transforming databinding-common-8.7.3.jar (androidx.databinding:databinding-common:8.7.3) with InstrumentationAnalysisTransform
Transforming baseLibrary-8.7.3.jar (com.android.databinding:baseLibrary:8.7.3) with InstrumentationAnalysisTransform
Transforming android-device-provider-ddmlib-proto-31.7.3.jar (com.android.tools.utp:android-device-provider-ddmlib-proto:31.7.3) with InstrumentationAnalysisTransform
Transforming android-device-provider-gradle-proto-31.7.3.jar (com.android.tools.utp:android-device-provider-gradle-proto:31.7.3) with InstrumentationAnalysisTransform
Transforming android-device-provider-profile-proto-31.7.3.jar (com.android.tools.utp:android-device-provider-profile-proto:31.7.3) with InstrumentationAnalysisTransform
Transforming android-test-plugin-host-additional-test-output-proto-31.7.3.jar (com.android.tools.utp:android-test-plugin-host-additional-test-output-proto:31.7.3) with InstrumentationAnalysisTransform
Transforming android-test-plugin-host-coverage-proto-31.7.3.jar (com.android.tools.utp:android-test-plugin-host-coverage-proto:31.7.3) with InstrumentationAnalysisTransform
Transforming android-test-plugin-host-logcat-proto-31.7.3.jar (com.android.tools.utp:android-test-plugin-host-logcat-proto:31.7.3) with InstrumentationAnalysisTransform
Transforming android-test-plugin-host-apk-installer-proto-31.7.3.jar (com.android.tools.utp:android-test-plugin-host-apk-installer-proto:31.7.3) with InstrumentationAnalysisTransform
Transforming android-test-plugin-result-listener-gradle-proto-31.7.3.jar (com.android.tools.utp:android-test-plugin-result-listener-gradle-proto:31.7.3) with InstrumentationAnalysisTransform
Transforming transform-api-2.0.0-deprecated-use-gradle-api.jar (com.android.tools.build:transform-api:2.0.0-deprecated-use-gradle-api) with InstrumentationAnalysisTransform
Transforming httpmime-4.5.6.jar (org.apache.httpcomponents:httpmime:4.5.6) with InstrumentationAnalysisTransform
Transforming commons-io-2.13.0.jar (commons-io:commons-io:2.13.0) with InstrumentationAnalysisTransform
Transforming asm-commons-9.6.jar (org.ow2.asm:asm-commons:9.6) with InstrumentationAnalysisTransform
Transforming asm-util-9.6.jar (org.ow2.asm:asm-util:9.6) with InstrumentationAnalysisTransform
Transforming asm-analysis-9.6.jar (org.ow2.asm:asm-analysis:9.6) with InstrumentationAnalysisTransform
Transforming asm-tree-9.6.jar (org.ow2.asm:asm-tree:9.6) with InstrumentationAnalysisTransform
Transforming asm-9.6.jar (org.ow2.asm:asm:9.6) with InstrumentationAnalysisTransform
Transforming apkzlib-8.7.3.jar (com.android.tools.build:apkzlib:8.7.3) with InstrumentationAnalysisTransform
Transforming bcpkix-jdk18on-1.77.jar (org.bouncycastle:bcpkix-jdk18on:1.77) with InstrumentationAnalysisTransform
Transforming jaxb-runtime-2.3.2.jar (org.glassfish.jaxb:jaxb-runtime:2.3.2) with InstrumentationAnalysisTransform
Transforming jopt-simple-4.9.jar (net.sf.jopt-simple:jopt-simple:4.9) with InstrumentationAnalysisTransform
Transforming javapoet-1.10.0.jar (com.squareup:javapoet:1.10.0) with InstrumentationAnalysisTransform
Transforming protobuf-java-util-3.22.3.jar (com.google.protobuf:protobuf-java-util:3.22.3) with InstrumentationAnalysisTransform
Transforming grpc-protobuf-1.57.0.jar (io.grpc:grpc-protobuf:1.57.0) with InstrumentationAnalysisTransform
Transforming tink-1.7.0.jar (com.google.crypto.tink:tink:1.7.0) with InstrumentationAnalysisTransform
Transforming protos-31.7.3.jar (com.android.tools.analytics-library:protos:31.7.3) with InstrumentationAnalysisTransform
Transforming proto-google-common-protos-2.17.0.jar (com.google.api.grpc:proto-google-common-protos:2.17.0) with InstrumentationAnalysisTransform
Transforming protobuf-java-3.22.3.jar (com.google.protobuf:protobuf-java:3.22.3) with InstrumentationAnalysisTransform
Transforming grpc-netty-1.57.0.jar (io.grpc:grpc-netty:1.57.0) with InstrumentationAnalysisTransform
Transforming grpc-core-1.57.0.jar (io.grpc:grpc-core:1.57.0) with InstrumentationAnalysisTransform
Transforming kotlin-build-statistics-2.0.21.jar (org.jetbrains.kotlin:kotlin-build-statistics:2.0.21) with InstrumentationAnalysisTransform
Transforming gson-2.10.1.jar (com.google.code.gson:gson:2.10.1) with InstrumentationAnalysisTransform
Transforming grpc-stub-1.57.0.jar (io.grpc:grpc-stub:1.57.0) with InstrumentationAnalysisTransform
Transforming core-proto-0.0.9-alpha02.jar (com.google.testing.platform:core-proto:0.0.9-alpha02) with InstrumentationAnalysisTransform
Transforming tensorflow-lite-metadata-0.1.0-rc2.jar (org.tensorflow:tensorflow-lite-metadata:0.1.0-rc2) with InstrumentationAnalysisTransform
Transforming flatbuffers-java-1.12.0.jar (com.google.flatbuffers:flatbuffers-java:1.12.0) with InstrumentationAnalysisTransform
Transforming kotlin-gradle-plugin-idea-proto-2.0.21.jar (org.jetbrains.kotlin:kotlin-gradle-plugin-idea-proto:2.0.21) with InstrumentationAnalysisTransform
Transforming kotlin-gradle-plugin-idea-2.0.21.jar (org.jetbrains.kotlin:kotlin-gradle-plugin-idea:2.0.21) with InstrumentationAnalysisTransform
Transforming kotlin-klib-commonizer-api-2.0.21.jar (org.jetbrains.kotlin:kotlin-klib-commonizer-api:2.0.21) with InstrumentationAnalysisTransform
Transforming kotlin-build-tools-api-2.0.21.jar (org.jetbrains.kotlin:kotlin-build-tools-api:2.0.21) with InstrumentationAnalysisTransform
Transforming kotlin-compiler-runner-2.0.21.jar (org.jetbrains.kotlin:kotlin-compiler-runner:2.0.21) with InstrumentationAnalysisTransform
Transforming kotlin-native-utils-2.0.21.jar (org.jetbrains.kotlin:kotlin-native-utils:2.0.21) with InstrumentationAnalysisTransform
Transforming kotlin-util-klib-2.0.21.jar (org.jetbrains.kotlin:kotlin-util-klib:2.0.21) with InstrumentationAnalysisTransform
Transforming kotlin-compiler-embeddable-2.0.21.jar (org.jetbrains.kotlin:kotlin-compiler-embeddable:2.0.21) with InstrumentationAnalysisTransform
Transforming jimfs-1.1.jar (com.google.jimfs:jimfs:1.1) with InstrumentationAnalysisTransform
Transforming grpc-context-1.57.0.jar (io.grpc:grpc-context:1.57.0) with InstrumentationAnalysisTransform
Transforming grpc-protobuf-lite-1.57.0.jar (io.grpc:grpc-protobuf-lite:1.57.0) with InstrumentationAnalysisTransform
Transforming grpc-api-1.57.0.jar (io.grpc:grpc-api:1.57.0) with InstrumentationAnalysisTransform
Transforming guava-32.0.1-jre.jar (com.google.guava:guava:32.0.1-jre) with InstrumentationAnalysisTransform
Transforming dagger-2.28.3.jar (com.google.dagger:dagger:2.28.3) with InstrumentationAnalysisTransform
Transforming javax.inject-1.jar (javax.inject:javax.inject:1) with InstrumentationAnalysisTransform
Transforming kxml2-2.3.0.jar (net.sf.kxml:kxml2:2.3.0) with InstrumentationAnalysisTransform
Transforming bcutil-jdk18on-1.77.jar (org.bouncycastle:bcutil-jdk18on:1.77) with InstrumentationAnalysisTransform
Transforming bcprov-jdk18on-1.77.jar (org.bouncycastle:bcprov-jdk18on:1.77) with InstrumentationAnalysisTransform
Transforming trove4j-1.0.20200330.jar (org.jetbrains.intellij.deps:trove4j:1.0.20200330) with InstrumentationAnalysisTransform
Transforming commons-compress-1.21.jar (org.apache.commons:commons-compress:1.21) with InstrumentationAnalysisTransform
Transforming httpclient-4.5.14.jar (org.apache.httpcomponents:httpclient:4.5.14) with InstrumentationAnalysisTransform
Transforming httpcore-4.4.16.jar (org.apache.httpcomponents:httpcore:4.4.16) with InstrumentationAnalysisTransform
Transforming javax.activation-1.2.0.jar (com.sun.activation:javax.activation:1.2.0) with InstrumentationAnalysisTransform
Transforming signflinger-8.7.3.jar (com.android:signflinger:8.7.3) with InstrumentationAnalysisTransform
Transforming zipflinger-8.7.3.jar (com.android:zipflinger:8.7.3) with InstrumentationAnalysisTransform
Transforming annotations-31.7.3.jar (com.android.tools:annotations:31.7.3) with InstrumentationAnalysisTransform
Transforming jna-platform-5.6.0.jar (net.java.dev.jna:jna-platform:5.6.0) with InstrumentationAnalysisTransform
Transforming juniversalchardet-1.0.3.jar (com.googlecode.juniversalchardet:juniversalchardet:1.0.3) with InstrumentationAnalysisTransform
Transforming javax.annotation-api-1.3.2.jar (javax.annotation:javax.annotation-api:1.3.2) with InstrumentationAnalysisTransform
Transforming stax-ex-1.8.1.jar (org.jvnet.staxex:stax-ex:1.8.1) with InstrumentationAnalysisTransform
Transforming jakarta.xml.bind-api-2.3.2.jar (jakarta.xml.bind:jakarta.xml.bind-api:2.3.2) with InstrumentationAnalysisTransform
Transforming txw2-2.3.2.jar (org.glassfish.jaxb:txw2:2.3.2) with InstrumentationAnalysisTransform
Transforming istack-commons-runtime-3.0.8.jar (com.sun.istack:istack-commons-runtime:3.0.8) with InstrumentationAnalysisTransform
Transforming FastInfoset-1.2.16.jar (com.sun.xml.fastinfoset:FastInfoset:1.2.16) with InstrumentationAnalysisTransform
Transforming jakarta.activation-api-1.2.1.jar (jakarta.activation:jakarta.activation-api:1.2.1) with InstrumentationAnalysisTransform
Transforming auto-value-annotations-1.6.2.jar (com.google.auto.value:auto-value-annotations:1.6.2) with InstrumentationAnalysisTransform
Transforming error_prone_annotations-2.18.0.jar (com.google.errorprone:error_prone_annotations:2.18.0) with InstrumentationAnalysisTransform
Transforming jose4j-0.9.5.jar (org.bitbucket.b_c:jose4j:0.9.5) with InstrumentationAnalysisTransform
Transforming slf4j-api-1.7.30.jar (org.slf4j:slf4j-api:1.7.30) with InstrumentationAnalysisTransform
Transforming jdom2-2.0.6.jar (org.jdom:jdom2:2.0.6) with InstrumentationAnalysisTransform
Transforming jsr305-3.0.2.jar (com.google.code.findbugs:jsr305:3.0.2) with InstrumentationAnalysisTransform
Transforming j2objc-annotations-2.8.jar (com.google.j2objc:j2objc-annotations:2.8) with InstrumentationAnalysisTransform
Transforming annotations-4.1.1.4.jar (com.google.android:annotations:4.1.1.4) with InstrumentationAnalysisTransform
Transforming animal-sniffer-annotations-1.23.jar (org.codehaus.mojo:animal-sniffer-annotations:1.23) with InstrumentationAnalysisTransform
Transforming perfmark-api-0.26.0.jar (io.perfmark:perfmark-api:0.26.0) with InstrumentationAnalysisTransform
Transforming netty-codec-http2-4.1.93.Final.jar (io.netty:netty-codec-http2:4.1.93.Final) with InstrumentationAnalysisTransform
Transforming netty-handler-proxy-4.1.93.Final.jar (io.netty:netty-handler-proxy:4.1.93.Final) with InstrumentationAnalysisTransform
Transforming netty-codec-http-4.1.93.Final.jar (io.netty:netty-codec-http:4.1.93.Final) with InstrumentationAnalysisTransform
Transforming netty-handler-4.1.93.Final.jar (io.netty:netty-handler:4.1.93.Final) with InstrumentationAnalysisTransform
Transforming netty-transport-native-unix-common-4.1.93.Final.jar (io.netty:netty-transport-native-unix-common:4.1.93.Final) with InstrumentationAnalysisTransform
Transforming checker-qual-3.33.0.jar (org.checkerframework:checker-qual:3.33.0) with InstrumentationAnalysisTransform
Transforming commons-codec-1.11.jar (commons-codec:commons-codec:1.11) with InstrumentationAnalysisTransform
Transforming apksig-8.7.3.jar (com.android.tools.build:apksig:8.7.3) with InstrumentationAnalysisTransform
Transforming javawriter-2.5.0.jar (com.squareup:javawriter:2.5.0) with InstrumentationAnalysisTransform
Transforming kotlin-gradle-plugin-annotations-2.0.21.jar (org.jetbrains.kotlin:kotlin-gradle-plugin-annotations:2.0.21) with InstrumentationAnalysisTransform
Transforming kotlin-tooling-core-2.0.21.jar (org.jetbrains.kotlin:kotlin-tooling-core:2.0.21) with InstrumentationAnalysisTransform
Transforming kotlin-daemon-client-2.0.21.jar (org.jetbrains.kotlin:kotlin-daemon-client:2.0.21) with InstrumentationAnalysisTransform
Transforming kotlinx-coroutines-core-jvm-1.6.4.jar (org.jetbrains.kotlinx:kotlinx-coroutines-core-jvm:1.6.4) with InstrumentationAnalysisTransform
Transforming kotlin-util-io-2.0.21.jar (org.jetbrains.kotlin:kotlin-util-io:2.0.21) with InstrumentationAnalysisTransform
Transforming kotlin-daemon-embeddable-2.0.21.jar (org.jetbrains.kotlin:kotlin-daemon-embeddable:2.0.21) with InstrumentationAnalysisTransform
Transforming failureaccess-1.0.1.jar (com.google.guava:failureaccess:1.0.1) with InstrumentationAnalysisTransform
Transforming listenablefuture-9999.0-empty-to-avoid-conflict-with-guava.jar (com.google.guava:listenablefuture:9999.0-empty-to-avoid-conflict-with-guava) with InstrumentationAnalysisTransform
Transforming commons-logging-1.2.jar (commons-logging:commons-logging:1.2) with InstrumentationAnalysisTransform
Transforming jna-5.6.0.jar (net.java.dev.jna:jna:5.6.0) with InstrumentationAnalysisTransform
Transforming netty-codec-socks-4.1.93.Final.jar (io.netty:netty-codec-socks:4.1.93.Final) with InstrumentationAnalysisTransform
Transforming netty-codec-4.1.93.Final.jar (io.netty:netty-codec:4.1.93.Final) with InstrumentationAnalysisTransform
Transforming netty-transport-4.1.93.Final.jar (io.netty:netty-transport:4.1.93.Final) with InstrumentationAnalysisTransform
Transforming netty-buffer-4.1.93.Final.jar (io.netty:netty-buffer:4.1.93.Final) with InstrumentationAnalysisTransform
Transforming netty-resolver-4.1.93.Final.jar (io.netty:netty-resolver:4.1.93.Final) with InstrumentationAnalysisTransform
Transforming netty-common-4.1.93.Final.jar (io.netty:netty-common:4.1.93.Final) with InstrumentationAnalysisTransform
Transforming gradle-8.7.3.jar (com.android.tools.build:gradle:8.7.3) with InstrumentationAnalysisTransform
Transforming gradle-8.7.3.jar (com.android.tools.build:gradle:8.7.3) with MergeInstrumentationAnalysisTransform
Transforming gradle-settings-api-8.7.3.jar (com.android.tools.build:gradle-settings-api:8.7.3) with InstrumentationAnalysisTransform
Transforming gradle-settings-api-8.7.3.jar (com.android.tools.build:gradle-settings-api:8.7.3) with MergeInstrumentationAnalysisTransform
Transforming lint-model-31.7.3.jar (com.android.tools.lint:lint-model:31.7.3) with InstrumentationAnalysisTransform
Transforming lint-model-31.7.3.jar (com.android.tools.lint:lint-model:31.7.3) with MergeInstrumentationAnalysisTransform
Transforming builder-8.7.3.jar (com.android.tools.build:builder:8.7.3) with InstrumentationAnalysisTransform
Transforming builder-8.7.3.jar (com.android.tools.build:builder:8.7.3) with MergeInstrumentationAnalysisTransform
Transforming manifest-merger-31.7.3.jar (com.android.tools.build:manifest-merger:31.7.3) with InstrumentationAnalysisTransform
Transforming manifest-merger-31.7.3.jar (com.android.tools.build:manifest-merger:31.7.3) with MergeInstrumentationAnalysisTransform
Transforming sdk-common-31.7.3.jar (com.android.tools:sdk-common:31.7.3) with InstrumentationAnalysisTransform
Transforming sdk-common-31.7.3.jar (com.android.tools:sdk-common:31.7.3) with MergeInstrumentationAnalysisTransform
Transforming sdklib-31.7.3.jar (com.android.tools:sdklib:31.7.3) with InstrumentationAnalysisTransform
Transforming sdklib-31.7.3.jar (com.android.tools:sdklib:31.7.3) with MergeInstrumentationAnalysisTransform
Transforming repository-31.7.3.jar (com.android.tools:repository:31.7.3) with InstrumentationAnalysisTransform
Transforming repository-31.7.3.jar (com.android.tools:repository:31.7.3) with MergeInstrumentationAnalysisTransform
Transforming aaptcompiler-8.7.3.jar (com.android.tools.build:aaptcompiler:8.7.3) with InstrumentationAnalysisTransform
Transforming aaptcompiler-8.7.3.jar (com.android.tools.build:aaptcompiler:8.7.3) with MergeInstrumentationAnalysisTransform
Transforming tracker-31.7.3.jar (com.android.tools.analytics-library:tracker:31.7.3) with InstrumentationAnalysisTransform
Transforming tracker-31.7.3.jar (com.android.tools.analytics-library:tracker:31.7.3) with MergeInstrumentationAnalysisTransform
Transforming shared-31.7.3.jar (com.android.tools.analytics-library:shared:31.7.3) with InstrumentationAnalysisTransform
Transforming shared-31.7.3.jar (com.android.tools.analytics-library:shared:31.7.3) with MergeInstrumentationAnalysisTransform
Transforming databinding-compiler-common-8.7.3.jar (androidx.databinding:databinding-compiler-common:8.7.3) with InstrumentationAnalysisTransform
Transforming databinding-compiler-common-8.7.3.jar (androidx.databinding:databinding-compiler-common:8.7.3) with MergeInstrumentationAnalysisTransform
Transforming android-test-plugin-host-emulator-control-proto-31.7.3.jar (com.android.tools.utp:android-test-plugin-host-emulator-control-proto:31.7.3) with InstrumentationAnalysisTransform
Transforming android-test-plugin-host-emulator-control-proto-31.7.3.jar (com.android.tools.utp:android-test-plugin-host-emulator-control-proto:31.7.3) with MergeInstrumentationAnalysisTransform
Transforming android-test-plugin-host-retention-proto-31.7.3.jar (com.android.tools.utp:android-test-plugin-host-retention-proto:31.7.3) with InstrumentationAnalysisTransform
Transforming android-test-plugin-host-retention-proto-31.7.3.jar (com.android.tools.utp:android-test-plugin-host-retention-proto:31.7.3) with MergeInstrumentationAnalysisTransform
Transforming builder-model-8.7.3.jar (com.android.tools.build:builder-model:8.7.3) with InstrumentationAnalysisTransform
Transforming builder-model-8.7.3.jar (com.android.tools.build:builder-model:8.7.3) with MergeInstrumentationAnalysisTransform
Transforming gradle-api-8.7.3.jar (com.android.tools.build:gradle-api:8.7.3) with InstrumentationAnalysisTransform
Transforming gradle-api-8.7.3.jar (com.android.tools.build:gradle-api:8.7.3) with MergeInstrumentationAnalysisTransform
Transforming builder-test-api-8.7.3.jar (com.android.tools.build:builder-test-api:8.7.3) with InstrumentationAnalysisTransform
Transforming builder-test-api-8.7.3.jar (com.android.tools.build:builder-test-api:8.7.3) with MergeInstrumentationAnalysisTransform
Transforming ddmlib-31.7.3.jar (com.android.tools.ddms:ddmlib:31.7.3) with InstrumentationAnalysisTransform
Transforming ddmlib-31.7.3.jar (com.android.tools.ddms:ddmlib:31.7.3) with MergeInstrumentationAnalysisTransform
Transforming layoutlib-api-31.7.3.jar (com.android.tools.layoutlib:layoutlib-api:31.7.3) with InstrumentationAnalysisTransform
Transforming layoutlib-api-31.7.3.jar (com.android.tools.layoutlib:layoutlib-api:31.7.3) with MergeInstrumentationAnalysisTransform
Transforming dvlib-31.7.3.jar (com.android.tools:dvlib:31.7.3) with InstrumentationAnalysisTransform
Transforming dvlib-31.7.3.jar (com.android.tools:dvlib:31.7.3) with MergeInstrumentationAnalysisTransform
Transforming common-31.7.3.jar (com.android.tools:common:31.7.3) with InstrumentationAnalysisTransform
Transforming common-31.7.3.jar (com.android.tools:common:31.7.3) with MergeInstrumentationAnalysisTransform
Transforming kotlin-stdlib-jdk8-1.9.20.jar (org.jetbrains.kotlin:kotlin-stdlib-jdk8:1.9.20) with InstrumentationAnalysisTransform
Transforming kotlin-stdlib-jdk8-1.9.20.jar (org.jetbrains.kotlin:kotlin-stdlib-jdk8:1.9.20) with MergeInstrumentationAnalysisTransform
Transforming jetifier-processor-1.0.0-beta10.jar (com.android.tools.build.jetifier:jetifier-processor:1.0.0-beta10) with InstrumentationAnalysisTransform
Transforming jetifier-processor-1.0.0-beta10.jar (com.android.tools.build.jetifier:jetifier-processor:1.0.0-beta10) with MergeInstrumentationAnalysisTransform
Transforming jetifier-core-1.0.0-beta10.jar (com.android.tools.build.jetifier:jetifier-core:1.0.0-beta10) with InstrumentationAnalysisTransform
Transforming jetifier-core-1.0.0-beta10.jar (com.android.tools.build.jetifier:jetifier-core:1.0.0-beta10) with MergeInstrumentationAnalysisTransform
Transforming kotlin-reflect-1.9.23.jar (org.jetbrains.kotlin:kotlin-reflect:1.9.23) with InstrumentationAnalysisTransform
Transforming kotlin-reflect-1.9.23.jar (org.jetbrains.kotlin:kotlin-reflect:1.9.23) with MergeInstrumentationAnalysisTransform
Transforming kotlin-stdlib-jdk7-1.9.20.jar (org.jetbrains.kotlin:kotlin-stdlib-jdk7:1.9.20) with InstrumentationAnalysisTransform
Transforming kotlin-stdlib-jdk7-1.9.20.jar (org.jetbrains.kotlin:kotlin-stdlib-jdk7:1.9.20) with MergeInstrumentationAnalysisTransform
Transforming kotlin-stdlib-1.9.23.jar (org.jetbrains.kotlin:kotlin-stdlib:1.9.23) with InstrumentationAnalysisTransform
Transforming kotlin-stdlib-1.9.23.jar (org.jetbrains.kotlin:kotlin-stdlib:1.9.23) with MergeInstrumentationAnalysisTransform
Transforming annotations-13.0.jar (org.jetbrains:annotations:13.0) with InstrumentationAnalysisTransform
Transforming annotations-13.0.jar (org.jetbrains:annotations:13.0) with MergeInstrumentationAnalysisTransform
Transforming kotlin-gradle-plugin-model-2.0.21.jar (org.jetbrains.kotlin:kotlin-gradle-plugin-model:2.0.21) with InstrumentationAnalysisTransform
Transforming kotlin-gradle-plugin-model-2.0.21.jar (org.jetbrains.kotlin:kotlin-gradle-plugin-model:2.0.21) with MergeInstrumentationAnalysisTransform
Transforming gradle-8.7.3.jar (com.android.tools.build:gradle:8.7.3) with ExternalDependencyInstrumentingArtifactTransform
Transforming kotlin-gradle-plugin-api-2.0.21.jar (org.jetbrains.kotlin:kotlin-gradle-plugin-api:2.0.21) with InstrumentationAnalysisTransform
Transforming kotlin-gradle-plugin-api-2.0.21.jar (org.jetbrains.kotlin:kotlin-gradle-plugin-api:2.0.21) with MergeInstrumentationAnalysisTransform
Transforming kotlin-gradle-plugin-2.0.21-gradle85.jar (org.jetbrains.kotlin:kotlin-gradle-plugin:2.0.21) with InstrumentationAnalysisTransform
Transforming kotlin-gradle-plugin-2.0.21-gradle85.jar (org.jetbrains.kotlin:kotlin-gradle-plugin:2.0.21) with MergeInstrumentationAnalysisTransform
Transforming bundletool-1.17.1.jar (com.android.tools.build:bundletool:1.17.1) with InstrumentationAnalysisTransform
Transforming bundletool-1.17.1.jar (com.android.tools.build:bundletool:1.17.1) with MergeInstrumentationAnalysisTransform
Transforming aapt2-proto-8.7.3-12006047.jar (com.android.tools.build:aapt2-proto:8.7.3-12006047) with InstrumentationAnalysisTransform
Transforming aapt2-proto-8.7.3-12006047.jar (com.android.tools.build:aapt2-proto:8.7.3-12006047) with MergeInstrumentationAnalysisTransform
Transforming crash-31.7.3.jar (com.android.tools.analytics-library:crash:31.7.3) with InstrumentationAnalysisTransform
Transforming crash-31.7.3.jar (com.android.tools.analytics-library:crash:31.7.3) with MergeInstrumentationAnalysisTransform
Transforming lint-typedef-remover-31.7.3.jar (com.android.tools.lint:lint-typedef-remover:31.7.3) with InstrumentationAnalysisTransform
Transforming lint-typedef-remover-31.7.3.jar (com.android.tools.lint:lint-typedef-remover:31.7.3) with MergeInstrumentationAnalysisTransform
Transforming databinding-common-8.7.3.jar (androidx.databinding:databinding-common:8.7.3) with InstrumentationAnalysisTransform
Transforming databinding-common-8.7.3.jar (androidx.databinding:databinding-common:8.7.3) with MergeInstrumentationAnalysisTransform
Transforming baseLibrary-8.7.3.jar (com.android.databinding:baseLibrary:8.7.3) with InstrumentationAnalysisTransform
Transforming baseLibrary-8.7.3.jar (com.android.databinding:baseLibrary:8.7.3) with MergeInstrumentationAnalysisTransform
Transforming android-device-provider-ddmlib-proto-31.7.3.jar (com.android.tools.utp:android-device-provider-ddmlib-proto:31.7.3) with InstrumentationAnalysisTransform
Transforming android-device-provider-ddmlib-proto-31.7.3.jar (com.android.tools.utp:android-device-provider-ddmlib-proto:31.7.3) with MergeInstrumentationAnalysisTransform
Transforming android-device-provider-gradle-proto-31.7.3.jar (com.android.tools.utp:android-device-provider-gradle-proto:31.7.3) with InstrumentationAnalysisTransform
Transforming android-device-provider-gradle-proto-31.7.3.jar (com.android.tools.utp:android-device-provider-gradle-proto:31.7.3) with MergeInstrumentationAnalysisTransform
Transforming android-device-provider-profile-proto-31.7.3.jar (com.android.tools.utp:android-device-provider-profile-proto:31.7.3) with InstrumentationAnalysisTransform
Transforming android-device-provider-profile-proto-31.7.3.jar (com.android.tools.utp:android-device-provider-profile-proto:31.7.3) with MergeInstrumentationAnalysisTransform
Transforming android-test-plugin-host-additional-test-output-proto-31.7.3.jar (com.android.tools.utp:android-test-plugin-host-additional-test-output-proto:31.7.3) with InstrumentationAnalysisTransform
Transforming android-test-plugin-host-additional-test-output-proto-31.7.3.jar (com.android.tools.utp:android-test-plugin-host-additional-test-output-proto:31.7.3) with MergeInstrumentationAnalysisTransform
Transforming android-test-plugin-host-coverage-proto-31.7.3.jar (com.android.tools.utp:android-test-plugin-host-coverage-proto:31.7.3) with InstrumentationAnalysisTransform
Transforming android-test-plugin-host-coverage-proto-31.7.3.jar (com.android.tools.utp:android-test-plugin-host-coverage-proto:31.7.3) with MergeInstrumentationAnalysisTransform
Transforming android-test-plugin-host-logcat-proto-31.7.3.jar (com.android.tools.utp:android-test-plugin-host-logcat-proto:31.7.3) with InstrumentationAnalysisTransform
Transforming android-test-plugin-host-logcat-proto-31.7.3.jar (com.android.tools.utp:android-test-plugin-host-logcat-proto:31.7.3) with MergeInstrumentationAnalysisTransform
Transforming android-test-plugin-host-apk-installer-proto-31.7.3.jar (com.android.tools.utp:android-test-plugin-host-apk-installer-proto:31.7.3) with InstrumentationAnalysisTransform
Transforming android-test-plugin-host-apk-installer-proto-31.7.3.jar (com.android.tools.utp:android-test-plugin-host-apk-installer-proto:31.7.3) with MergeInstrumentationAnalysisTransform
Transforming android-test-plugin-result-listener-gradle-proto-31.7.3.jar (com.android.tools.utp:android-test-plugin-result-listener-gradle-proto:31.7.3) with InstrumentationAnalysisTransform
Transforming android-test-plugin-result-listener-gradle-proto-31.7.3.jar (com.android.tools.utp:android-test-plugin-result-listener-gradle-proto:31.7.3) with MergeInstrumentationAnalysisTransform
Transforming transform-api-2.0.0-deprecated-use-gradle-api.jar (com.android.tools.build:transform-api:2.0.0-deprecated-use-gradle-api) with InstrumentationAnalysisTransform
Transforming transform-api-2.0.0-deprecated-use-gradle-api.jar (com.android.tools.build:transform-api:2.0.0-deprecated-use-gradle-api) with MergeInstrumentationAnalysisTransform
Transforming httpmime-4.5.6.jar (org.apache.httpcomponents:httpmime:4.5.6) with InstrumentationAnalysisTransform
Transforming httpmime-4.5.6.jar (org.apache.httpcomponents:httpmime:4.5.6) with MergeInstrumentationAnalysisTransform
Transforming commons-io-2.13.0.jar (commons-io:commons-io:2.13.0) with InstrumentationAnalysisTransform
Transforming commons-io-2.13.0.jar (commons-io:commons-io:2.13.0) with MergeInstrumentationAnalysisTransform
Transforming asm-commons-9.6.jar (org.ow2.asm:asm-commons:9.6) with InstrumentationAnalysisTransform
Transforming asm-commons-9.6.jar (org.ow2.asm:asm-commons:9.6) with MergeInstrumentationAnalysisTransform
Transforming asm-util-9.6.jar (org.ow2.asm:asm-util:9.6) with InstrumentationAnalysisTransform
Transforming asm-util-9.6.jar (org.ow2.asm:asm-util:9.6) with MergeInstrumentationAnalysisTransform
Transforming asm-analysis-9.6.jar (org.ow2.asm:asm-analysis:9.6) with InstrumentationAnalysisTransform
Transforming asm-analysis-9.6.jar (org.ow2.asm:asm-analysis:9.6) with MergeInstrumentationAnalysisTransform
Transforming asm-tree-9.6.jar (org.ow2.asm:asm-tree:9.6) with InstrumentationAnalysisTransform
Transforming asm-tree-9.6.jar (org.ow2.asm:asm-tree:9.6) with MergeInstrumentationAnalysisTransform
Transforming asm-9.6.jar (org.ow2.asm:asm:9.6) with InstrumentationAnalysisTransform
Transforming asm-9.6.jar (org.ow2.asm:asm:9.6) with MergeInstrumentationAnalysisTransform
Transforming apkzlib-8.7.3.jar (com.android.tools.build:apkzlib:8.7.3) with InstrumentationAnalysisTransform
Transforming gradle-settings-api-8.7.3.jar (com.android.tools.build:gradle-settings-api:8.7.3) with ExternalDependencyInstrumentingArtifactTransform
Transforming apkzlib-8.7.3.jar (com.android.tools.build:apkzlib:8.7.3) with MergeInstrumentationAnalysisTransform
Transforming bcpkix-jdk18on-1.77.jar (org.bouncycastle:bcpkix-jdk18on:1.77) with InstrumentationAnalysisTransform
Transforming bcpkix-jdk18on-1.77.jar (org.bouncycastle:bcpkix-jdk18on:1.77) with MergeInstrumentationAnalysisTransform
Transforming jaxb-runtime-2.3.2.jar (org.glassfish.jaxb:jaxb-runtime:2.3.2) with InstrumentationAnalysisTransform
Transforming jaxb-runtime-2.3.2.jar (org.glassfish.jaxb:jaxb-runtime:2.3.2) with MergeInstrumentationAnalysisTransform
Transforming jopt-simple-4.9.jar (net.sf.jopt-simple:jopt-simple:4.9) with InstrumentationAnalysisTransform
Transforming jopt-simple-4.9.jar (net.sf.jopt-simple:jopt-simple:4.9) with MergeInstrumentationAnalysisTransform
Transforming javapoet-1.10.0.jar (com.squareup:javapoet:1.10.0) with InstrumentationAnalysisTransform
Transforming javapoet-1.10.0.jar (com.squareup:javapoet:1.10.0) with MergeInstrumentationAnalysisTransform
Transforming protobuf-java-util-3.22.3.jar (com.google.protobuf:protobuf-java-util:3.22.3) with InstrumentationAnalysisTransform
Transforming protobuf-java-util-3.22.3.jar (com.google.protobuf:protobuf-java-util:3.22.3) with MergeInstrumentationAnalysisTransform
Transforming grpc-protobuf-1.57.0.jar (io.grpc:grpc-protobuf:1.57.0) with InstrumentationAnalysisTransform
Transforming grpc-protobuf-1.57.0.jar (io.grpc:grpc-protobuf:1.57.0) with MergeInstrumentationAnalysisTransform
Transforming tink-1.7.0.jar (com.google.crypto.tink:tink:1.7.0) with InstrumentationAnalysisTransform
Transforming tink-1.7.0.jar (com.google.crypto.tink:tink:1.7.0) with MergeInstrumentationAnalysisTransform
Transforming protos-31.7.3.jar (com.android.tools.analytics-library:protos:31.7.3) with InstrumentationAnalysisTransform
Transforming protos-31.7.3.jar (com.android.tools.analytics-library:protos:31.7.3) with MergeInstrumentationAnalysisTransform
Transforming proto-google-common-protos-2.17.0.jar (com.google.api.grpc:proto-google-common-protos:2.17.0) with InstrumentationAnalysisTransform
Transforming lint-model-31.7.3.jar (com.android.tools.lint:lint-model:31.7.3) with ExternalDependencyInstrumentingArtifactTransform
Transforming proto-google-common-protos-2.17.0.jar (com.google.api.grpc:proto-google-common-protos:2.17.0) with MergeInstrumentationAnalysisTransform
Transforming protobuf-java-3.22.3.jar (com.google.protobuf:protobuf-java:3.22.3) with InstrumentationAnalysisTransform
Transforming protobuf-java-3.22.3.jar (com.google.protobuf:protobuf-java:3.22.3) with MergeInstrumentationAnalysisTransform
Transforming grpc-netty-1.57.0.jar (io.grpc:grpc-netty:1.57.0) with InstrumentationAnalysisTransform
Transforming grpc-netty-1.57.0.jar (io.grpc:grpc-netty:1.57.0) with MergeInstrumentationAnalysisTransform
Transforming grpc-core-1.57.0.jar (io.grpc:grpc-core:1.57.0) with InstrumentationAnalysisTransform
Transforming grpc-core-1.57.0.jar (io.grpc:grpc-core:1.57.0) with MergeInstrumentationAnalysisTransform
Transforming kotlin-build-statistics-2.0.21.jar (org.jetbrains.kotlin:kotlin-build-statistics:2.0.21) with InstrumentationAnalysisTransform
Transforming kotlin-build-statistics-2.0.21.jar (org.jetbrains.kotlin:kotlin-build-statistics:2.0.21) with MergeInstrumentationAnalysisTransform
Transforming gson-2.10.1.jar (com.google.code.gson:gson:2.10.1) with InstrumentationAnalysisTransform
Transforming gson-2.10.1.jar (com.google.code.gson:gson:2.10.1) with MergeInstrumentationAnalysisTransform
Transforming grpc-stub-1.57.0.jar (io.grpc:grpc-stub:1.57.0) with InstrumentationAnalysisTransform
Transforming grpc-stub-1.57.0.jar (io.grpc:grpc-stub:1.57.0) with MergeInstrumentationAnalysisTransform
Transforming core-proto-0.0.9-alpha02.jar (com.google.testing.platform:core-proto:0.0.9-alpha02) with InstrumentationAnalysisTransform
Transforming core-proto-0.0.9-alpha02.jar (com.google.testing.platform:core-proto:0.0.9-alpha02) with MergeInstrumentationAnalysisTransform
Transforming tensorflow-lite-metadata-0.1.0-rc2.jar (org.tensorflow:tensorflow-lite-metadata:0.1.0-rc2) with InstrumentationAnalysisTransform
Transforming tensorflow-lite-metadata-0.1.0-rc2.jar (org.tensorflow:tensorflow-lite-metadata:0.1.0-rc2) with MergeInstrumentationAnalysisTransform
Transforming flatbuffers-java-1.12.0.jar (com.google.flatbuffers:flatbuffers-java:1.12.0) with InstrumentationAnalysisTransform
Transforming flatbuffers-java-1.12.0.jar (com.google.flatbuffers:flatbuffers-java:1.12.0) with MergeInstrumentationAnalysisTransform
Transforming kotlin-gradle-plugin-idea-proto-2.0.21.jar (org.jetbrains.kotlin:kotlin-gradle-plugin-idea-proto:2.0.21) with InstrumentationAnalysisTransform
Transforming kotlin-gradle-plugin-idea-proto-2.0.21.jar (org.jetbrains.kotlin:kotlin-gradle-plugin-idea-proto:2.0.21) with MergeInstrumentationAnalysisTransform
Transforming kotlin-gradle-plugin-idea-2.0.21.jar (org.jetbrains.kotlin:kotlin-gradle-plugin-idea:2.0.21) with InstrumentationAnalysisTransform
Transforming kotlin-gradle-plugin-idea-2.0.21.jar (org.jetbrains.kotlin:kotlin-gradle-plugin-idea:2.0.21) with MergeInstrumentationAnalysisTransform
Transforming kotlin-klib-commonizer-api-2.0.21.jar (org.jetbrains.kotlin:kotlin-klib-commonizer-api:2.0.21) with InstrumentationAnalysisTransform
Transforming kotlin-klib-commonizer-api-2.0.21.jar (org.jetbrains.kotlin:kotlin-klib-commonizer-api:2.0.21) with MergeInstrumentationAnalysisTransform
Transforming kotlin-build-tools-api-2.0.21.jar (org.jetbrains.kotlin:kotlin-build-tools-api:2.0.21) with InstrumentationAnalysisTransform
Transforming kotlin-build-tools-api-2.0.21.jar (org.jetbrains.kotlin:kotlin-build-tools-api:2.0.21) with MergeInstrumentationAnalysisTransform
Transforming kotlin-compiler-runner-2.0.21.jar (org.jetbrains.kotlin:kotlin-compiler-runner:2.0.21) with InstrumentationAnalysisTransform
Transforming kotlin-compiler-runner-2.0.21.jar (org.jetbrains.kotlin:kotlin-compiler-runner:2.0.21) with MergeInstrumentationAnalysisTransform
Transforming kotlin-native-utils-2.0.21.jar (org.jetbrains.kotlin:kotlin-native-utils:2.0.21) with InstrumentationAnalysisTransform
Transforming kotlin-native-utils-2.0.21.jar (org.jetbrains.kotlin:kotlin-native-utils:2.0.21) with MergeInstrumentationAnalysisTransform
Transforming builder-8.7.3.jar (com.android.tools.build:builder:8.7.3) with ExternalDependencyInstrumentingArtifactTransform
Transforming kotlin-util-klib-2.0.21.jar (org.jetbrains.kotlin:kotlin-util-klib:2.0.21) with InstrumentationAnalysisTransform
Transforming kotlin-util-klib-2.0.21.jar (org.jetbrains.kotlin:kotlin-util-klib:2.0.21) with MergeInstrumentationAnalysisTransform
Transforming kotlin-compiler-embeddable-2.0.21.jar (org.jetbrains.kotlin:kotlin-compiler-embeddable:2.0.21) with InstrumentationAnalysisTransform
Transforming kotlin-compiler-embeddable-2.0.21.jar (org.jetbrains.kotlin:kotlin-compiler-embeddable:2.0.21) with MergeInstrumentationAnalysisTransform
Transforming jimfs-1.1.jar (com.google.jimfs:jimfs:1.1) with InstrumentationAnalysisTransform
Transforming jimfs-1.1.jar (com.google.jimfs:jimfs:1.1) with MergeInstrumentationAnalysisTransform
Transforming grpc-context-1.57.0.jar (io.grpc:grpc-context:1.57.0) with InstrumentationAnalysisTransform
Transforming grpc-context-1.57.0.jar (io.grpc:grpc-context:1.57.0) with MergeInstrumentationAnalysisTransform
Transforming grpc-protobuf-lite-1.57.0.jar (io.grpc:grpc-protobuf-lite:1.57.0) with InstrumentationAnalysisTransform
Transforming grpc-protobuf-lite-1.57.0.jar (io.grpc:grpc-protobuf-lite:1.57.0) with MergeInstrumentationAnalysisTransform
Transforming grpc-api-1.57.0.jar (io.grpc:grpc-api:1.57.0) with InstrumentationAnalysisTransform
Transforming grpc-api-1.57.0.jar (io.grpc:grpc-api:1.57.0) with MergeInstrumentationAnalysisTransform
Transforming guava-32.0.1-jre.jar (com.google.guava:guava:32.0.1-jre) with InstrumentationAnalysisTransform
Transforming guava-32.0.1-jre.jar (com.google.guava:guava:32.0.1-jre) with MergeInstrumentationAnalysisTransform
Transforming dagger-2.28.3.jar (com.google.dagger:dagger:2.28.3) with InstrumentationAnalysisTransform
Transforming dagger-2.28.3.jar (com.google.dagger:dagger:2.28.3) with MergeInstrumentationAnalysisTransform
Transforming javax.inject-1.jar (javax.inject:javax.inject:1) with InstrumentationAnalysisTransform
Transforming javax.inject-1.jar (javax.inject:javax.inject:1) with MergeInstrumentationAnalysisTransform
Transforming kxml2-2.3.0.jar (net.sf.kxml:kxml2:2.3.0) with InstrumentationAnalysisTransform
Transforming kxml2-2.3.0.jar (net.sf.kxml:kxml2:2.3.0) with MergeInstrumentationAnalysisTransform
Transforming bcutil-jdk18on-1.77.jar (org.bouncycastle:bcutil-jdk18on:1.77) with InstrumentationAnalysisTransform
Transforming sdk-common-31.7.3.jar (com.android.tools:sdk-common:31.7.3) with ExternalDependencyInstrumentingArtifactTransform
Transforming bcutil-jdk18on-1.77.jar (org.bouncycastle:bcutil-jdk18on:1.77) with MergeInstrumentationAnalysisTransform
Transforming bcprov-jdk18on-1.77.jar (org.bouncycastle:bcprov-jdk18on:1.77) with InstrumentationAnalysisTransform
Transforming bcprov-jdk18on-1.77.jar (org.bouncycastle:bcprov-jdk18on:1.77) with MergeInstrumentationAnalysisTransform
Transforming trove4j-1.0.20200330.jar (org.jetbrains.intellij.deps:trove4j:1.0.20200330) with InstrumentationAnalysisTransform
Transforming trove4j-1.0.20200330.jar (org.jetbrains.intellij.deps:trove4j:1.0.20200330) with MergeInstrumentationAnalysisTransform
Transforming commons-compress-1.21.jar (org.apache.commons:commons-compress:1.21) with InstrumentationAnalysisTransform
Transforming commons-compress-1.21.jar (org.apache.commons:commons-compress:1.21) with MergeInstrumentationAnalysisTransform
Transforming httpclient-4.5.14.jar (org.apache.httpcomponents:httpclient:4.5.14) with InstrumentationAnalysisTransform
Transforming httpclient-4.5.14.jar (org.apache.httpcomponents:httpclient:4.5.14) with MergeInstrumentationAnalysisTransform
Transforming httpcore-4.4.16.jar (org.apache.httpcomponents:httpcore:4.4.16) with InstrumentationAnalysisTransform
Transforming httpcore-4.4.16.jar (org.apache.httpcomponents:httpcore:4.4.16) with MergeInstrumentationAnalysisTransform
Transforming javax.activation-1.2.0.jar (com.sun.activation:javax.activation:1.2.0) with InstrumentationAnalysisTransform
Transforming javax.activation-1.2.0.jar (com.sun.activation:javax.activation:1.2.0) with MergeInstrumentationAnalysisTransform
Transforming signflinger-8.7.3.jar (com.android:signflinger:8.7.3) with InstrumentationAnalysisTransform
Transforming signflinger-8.7.3.jar (com.android:signflinger:8.7.3) with MergeInstrumentationAnalysisTransform
Transforming zipflinger-8.7.3.jar (com.android:zipflinger:8.7.3) with InstrumentationAnalysisTransform
Transforming zipflinger-8.7.3.jar (com.android:zipflinger:8.7.3) with MergeInstrumentationAnalysisTransform
Transforming annotations-31.7.3.jar (com.android.tools:annotations:31.7.3) with InstrumentationAnalysisTransform
Transforming manifest-merger-31.7.3.jar (com.android.tools.build:manifest-merger:31.7.3) with ExternalDependencyInstrumentingArtifactTransform
Transforming annotations-31.7.3.jar (com.android.tools:annotations:31.7.3) with MergeInstrumentationAnalysisTransform
Transforming jna-platform-5.6.0.jar (net.java.dev.jna:jna-platform:5.6.0) with InstrumentationAnalysisTransform
Transforming jna-platform-5.6.0.jar (net.java.dev.jna:jna-platform:5.6.0) with MergeInstrumentationAnalysisTransform
Transforming juniversalchardet-1.0.3.jar (com.googlecode.juniversalchardet:juniversalchardet:1.0.3) with InstrumentationAnalysisTransform
Transforming juniversalchardet-1.0.3.jar (com.googlecode.juniversalchardet:juniversalchardet:1.0.3) with MergeInstrumentationAnalysisTransform
Transforming javax.annotation-api-1.3.2.jar (javax.annotation:javax.annotation-api:1.3.2) with InstrumentationAnalysisTransform
Transforming javax.annotation-api-1.3.2.jar (javax.annotation:javax.annotation-api:1.3.2) with MergeInstrumentationAnalysisTransform
Transforming stax-ex-1.8.1.jar (org.jvnet.staxex:stax-ex:1.8.1) with InstrumentationAnalysisTransform
Transforming stax-ex-1.8.1.jar (org.jvnet.staxex:stax-ex:1.8.1) with MergeInstrumentationAnalysisTransform
Transforming jakarta.xml.bind-api-2.3.2.jar (jakarta.xml.bind:jakarta.xml.bind-api:2.3.2) with InstrumentationAnalysisTransform
Transforming jakarta.xml.bind-api-2.3.2.jar (jakarta.xml.bind:jakarta.xml.bind-api:2.3.2) with MergeInstrumentationAnalysisTransform
Transforming txw2-2.3.2.jar (org.glassfish.jaxb:txw2:2.3.2) with InstrumentationAnalysisTransform
Transforming txw2-2.3.2.jar (org.glassfish.jaxb:txw2:2.3.2) with MergeInstrumentationAnalysisTransform
Transforming istack-commons-runtime-3.0.8.jar (com.sun.istack:istack-commons-runtime:3.0.8) with InstrumentationAnalysisTransform
Transforming sdklib-31.7.3.jar (com.android.tools:sdklib:31.7.3) with ExternalDependencyInstrumentingArtifactTransform
Transforming istack-commons-runtime-3.0.8.jar (com.sun.istack:istack-commons-runtime:3.0.8) with MergeInstrumentationAnalysisTransform
Transforming FastInfoset-1.2.16.jar (com.sun.xml.fastinfoset:FastInfoset:1.2.16) with InstrumentationAnalysisTransform
Transforming FastInfoset-1.2.16.jar (com.sun.xml.fastinfoset:FastInfoset:1.2.16) with MergeInstrumentationAnalysisTransform
Transforming jakarta.activation-api-1.2.1.jar (jakarta.activation:jakarta.activation-api:1.2.1) with InstrumentationAnalysisTransform
Transforming jakarta.activation-api-1.2.1.jar (jakarta.activation:jakarta.activation-api:1.2.1) with MergeInstrumentationAnalysisTransform
Transforming auto-value-annotations-1.6.2.jar (com.google.auto.value:auto-value-annotations:1.6.2) with InstrumentationAnalysisTransform
Transforming auto-value-annotations-1.6.2.jar (com.google.auto.value:auto-value-annotations:1.6.2) with MergeInstrumentationAnalysisTransform
Transforming error_prone_annotations-2.18.0.jar (com.google.errorprone:error_prone_annotations:2.18.0) with InstrumentationAnalysisTransform
Transforming error_prone_annotations-2.18.0.jar (com.google.errorprone:error_prone_annotations:2.18.0) with MergeInstrumentationAnalysisTransform
Transforming jose4j-0.9.5.jar (org.bitbucket.b_c:jose4j:0.9.5) with InstrumentationAnalysisTransform
Transforming jose4j-0.9.5.jar (org.bitbucket.b_c:jose4j:0.9.5) with MergeInstrumentationAnalysisTransform
Transforming slf4j-api-1.7.30.jar (org.slf4j:slf4j-api:1.7.30) with InstrumentationAnalysisTransform
Transforming slf4j-api-1.7.30.jar (org.slf4j:slf4j-api:1.7.30) with MergeInstrumentationAnalysisTransform
Transforming jdom2-2.0.6.jar (org.jdom:jdom2:2.0.6) with InstrumentationAnalysisTransform
Transforming jdom2-2.0.6.jar (org.jdom:jdom2:2.0.6) with MergeInstrumentationAnalysisTransform
Transforming jsr305-3.0.2.jar (com.google.code.findbugs:jsr305:3.0.2) with InstrumentationAnalysisTransform
Transforming jsr305-3.0.2.jar (com.google.code.findbugs:jsr305:3.0.2) with MergeInstrumentationAnalysisTransform
Transforming j2objc-annotations-2.8.jar (com.google.j2objc:j2objc-annotations:2.8) with InstrumentationAnalysisTransform
Transforming j2objc-annotations-2.8.jar (com.google.j2objc:j2objc-annotations:2.8) with MergeInstrumentationAnalysisTransform
Transforming annotations-4.1.1.4.jar (com.google.android:annotations:4.1.1.4) with InstrumentationAnalysisTransform
Transforming annotations-4.1.1.4.jar (com.google.android:annotations:4.1.1.4) with MergeInstrumentationAnalysisTransform
Transforming animal-sniffer-annotations-1.23.jar (org.codehaus.mojo:animal-sniffer-annotations:1.23) with InstrumentationAnalysisTransform
Transforming animal-sniffer-annotations-1.23.jar (org.codehaus.mojo:animal-sniffer-annotations:1.23) with MergeInstrumentationAnalysisTransform
Transforming perfmark-api-0.26.0.jar (io.perfmark:perfmark-api:0.26.0) with InstrumentationAnalysisTransform
Transforming perfmark-api-0.26.0.jar (io.perfmark:perfmark-api:0.26.0) with MergeInstrumentationAnalysisTransform
Transforming netty-codec-http2-4.1.93.Final.jar (io.netty:netty-codec-http2:4.1.93.Final) with InstrumentationAnalysisTransform
Transforming netty-codec-http2-4.1.93.Final.jar (io.netty:netty-codec-http2:4.1.93.Final) with MergeInstrumentationAnalysisTransform
Transforming netty-handler-proxy-4.1.93.Final.jar (io.netty:netty-handler-proxy:4.1.93.Final) with InstrumentationAnalysisTransform
Transforming netty-handler-proxy-4.1.93.Final.jar (io.netty:netty-handler-proxy:4.1.93.Final) with MergeInstrumentationAnalysisTransform
Transforming netty-codec-http-4.1.93.Final.jar (io.netty:netty-codec-http:4.1.93.Final) with InstrumentationAnalysisTransform
Transforming netty-codec-http-4.1.93.Final.jar (io.netty:netty-codec-http:4.1.93.Final) with MergeInstrumentationAnalysisTransform
Transforming netty-handler-4.1.93.Final.jar (io.netty:netty-handler:4.1.93.Final) with InstrumentationAnalysisTransform
Transforming netty-handler-4.1.93.Final.jar (io.netty:netty-handler:4.1.93.Final) with MergeInstrumentationAnalysisTransform
Transforming netty-transport-native-unix-common-4.1.93.Final.jar (io.netty:netty-transport-native-unix-common:4.1.93.Final) with InstrumentationAnalysisTransform
Transforming netty-transport-native-unix-common-4.1.93.Final.jar (io.netty:netty-transport-native-unix-common:4.1.93.Final) with MergeInstrumentationAnalysisTransform
Transforming checker-qual-3.33.0.jar (org.checkerframework:checker-qual:3.33.0) with InstrumentationAnalysisTransform
Transforming checker-qual-3.33.0.jar (org.checkerframework:checker-qual:3.33.0) with MergeInstrumentationAnalysisTransform
Transforming commons-codec-1.11.jar (commons-codec:commons-codec:1.11) with InstrumentationAnalysisTransform
Transforming commons-codec-1.11.jar (commons-codec:commons-codec:1.11) with MergeInstrumentationAnalysisTransform
Transforming apksig-8.7.3.jar (com.android.tools.build:apksig:8.7.3) with InstrumentationAnalysisTransform
Transforming apksig-8.7.3.jar (com.android.tools.build:apksig:8.7.3) with MergeInstrumentationAnalysisTransform
Transforming javawriter-2.5.0.jar (com.squareup:javawriter:2.5.0) with InstrumentationAnalysisTransform
Transforming javawriter-2.5.0.jar (com.squareup:javawriter:2.5.0) with MergeInstrumentationAnalysisTransform
Transforming kotlin-gradle-plugin-annotations-2.0.21.jar (org.jetbrains.kotlin:kotlin-gradle-plugin-annotations:2.0.21) with InstrumentationAnalysisTransform
Transforming kotlin-gradle-plugin-annotations-2.0.21.jar (org.jetbrains.kotlin:kotlin-gradle-plugin-annotations:2.0.21) with MergeInstrumentationAnalysisTransform
Transforming kotlin-tooling-core-2.0.21.jar (org.jetbrains.kotlin:kotlin-tooling-core:2.0.21) with InstrumentationAnalysisTransform
Transforming kotlin-tooling-core-2.0.21.jar (org.jetbrains.kotlin:kotlin-tooling-core:2.0.21) with MergeInstrumentationAnalysisTransform
Transforming kotlin-daemon-client-2.0.21.jar (org.jetbrains.kotlin:kotlin-daemon-client:2.0.21) with InstrumentationAnalysisTransform
Transforming kotlin-daemon-client-2.0.21.jar (org.jetbrains.kotlin:kotlin-daemon-client:2.0.21) with MergeInstrumentationAnalysisTransform
Transforming kotlinx-coroutines-core-jvm-1.6.4.jar (org.jetbrains.kotlinx:kotlinx-coroutines-core-jvm:1.6.4) with InstrumentationAnalysisTransform
Transforming kotlinx-coroutines-core-jvm-1.6.4.jar (org.jetbrains.kotlinx:kotlinx-coroutines-core-jvm:1.6.4) with MergeInstrumentationAnalysisTransform
Transforming kotlin-util-io-2.0.21.jar (org.jetbrains.kotlin:kotlin-util-io:2.0.21) with InstrumentationAnalysisTransform
Transforming kotlin-util-io-2.0.21.jar (org.jetbrains.kotlin:kotlin-util-io:2.0.21) with MergeInstrumentationAnalysisTransform
Transforming kotlin-daemon-embeddable-2.0.21.jar (org.jetbrains.kotlin:kotlin-daemon-embeddable:2.0.21) with InstrumentationAnalysisTransform
Transforming repository-31.7.3.jar (com.android.tools:repository:31.7.3) with ExternalDependencyInstrumentingArtifactTransform
Transforming kotlin-daemon-embeddable-2.0.21.jar (org.jetbrains.kotlin:kotlin-daemon-embeddable:2.0.21) with MergeInstrumentationAnalysisTransform
Transforming failureaccess-1.0.1.jar (com.google.guava:failureaccess:1.0.1) with InstrumentationAnalysisTransform
Transforming tracker-31.7.3.jar (com.android.tools.analytics-library:tracker:31.7.3) with ExternalDependencyInstrumentingArtifactTransform
Transforming failureaccess-1.0.1.jar (com.google.guava:failureaccess:1.0.1) with MergeInstrumentationAnalysisTransform
Transforming listenablefuture-9999.0-empty-to-avoid-conflict-with-guava.jar (com.google.guava:listenablefuture:9999.0-empty-to-avoid-conflict-with-guava) with InstrumentationAnalysisTransform
Transforming listenablefuture-9999.0-empty-to-avoid-conflict-with-guava.jar (com.google.guava:listenablefuture:9999.0-empty-to-avoid-conflict-with-guava) with MergeInstrumentationAnalysisTransform
Transforming commons-logging-1.2.jar (commons-logging:commons-logging:1.2) with InstrumentationAnalysisTransform
Transforming commons-logging-1.2.jar (commons-logging:commons-logging:1.2) with MergeInstrumentationAnalysisTransform
Transforming jna-5.6.0.jar (net.java.dev.jna:jna:5.6.0) with InstrumentationAnalysisTransform
Transforming jna-5.6.0.jar (net.java.dev.jna:jna:5.6.0) with MergeInstrumentationAnalysisTransform
Transforming netty-codec-socks-4.1.93.Final.jar (io.netty:netty-codec-socks:4.1.93.Final) with InstrumentationAnalysisTransform
Transforming netty-codec-socks-4.1.93.Final.jar (io.netty:netty-codec-socks:4.1.93.Final) with MergeInstrumentationAnalysisTransform
Transforming netty-codec-4.1.93.Final.jar (io.netty:netty-codec:4.1.93.Final) with InstrumentationAnalysisTransform
Transforming netty-codec-4.1.93.Final.jar (io.netty:netty-codec:4.1.93.Final) with MergeInstrumentationAnalysisTransform
Transforming netty-transport-4.1.93.Final.jar (io.netty:netty-transport:4.1.93.Final) with InstrumentationAnalysisTransform
Transforming aaptcompiler-8.7.3.jar (com.android.tools.build:aaptcompiler:8.7.3) with ExternalDependencyInstrumentingArtifactTransform
Transforming netty-transport-4.1.93.Final.jar (io.netty:netty-transport:4.1.93.Final) with MergeInstrumentationAnalysisTransform
Transforming netty-buffer-4.1.93.Final.jar (io.netty:netty-buffer:4.1.93.Final) with InstrumentationAnalysisTransform
Transforming netty-buffer-4.1.93.Final.jar (io.netty:netty-buffer:4.1.93.Final) with MergeInstrumentationAnalysisTransform
Transforming netty-resolver-4.1.93.Final.jar (io.netty:netty-resolver:4.1.93.Final) with InstrumentationAnalysisTransform
Transforming netty-resolver-4.1.93.Final.jar (io.netty:netty-resolver:4.1.93.Final) with MergeInstrumentationAnalysisTransform
Transforming netty-common-4.1.93.Final.jar (io.netty:netty-common:4.1.93.Final) with InstrumentationAnalysisTransform
Transforming netty-common-4.1.93.Final.jar (io.netty:netty-common:4.1.93.Final) with MergeInstrumentationAnalysisTransform
Transforming databinding-compiler-common-8.7.3.jar (androidx.databinding:databinding-compiler-common:8.7.3) with ExternalDependencyInstrumentingArtifactTransform
Transforming shared-31.7.3.jar (com.android.tools.analytics-library:shared:31.7.3) with ExternalDependencyInstrumentingArtifactTransform
Transforming android-test-plugin-host-emulator-control-proto-31.7.3.jar (com.android.tools.utp:android-test-plugin-host-emulator-control-proto:31.7.3) with ExternalDependencyInstrumentingArtifactTransform
Transforming android-test-plugin-host-retention-proto-31.7.3.jar (com.android.tools.utp:android-test-plugin-host-retention-proto:31.7.3) with ExternalDependencyInstrumentingArtifactTransform
Transforming builder-test-api-8.7.3.jar (com.android.tools.build:builder-test-api:8.7.3) with ExternalDependencyInstrumentingArtifactTransform
Transforming builder-model-8.7.3.jar (com.android.tools.build:builder-model:8.7.3) with ExternalDependencyInstrumentingArtifactTransform
Transforming ddmlib-31.7.3.jar (com.android.tools.ddms:ddmlib:31.7.3) with ExternalDependencyInstrumentingArtifactTransform
Transforming gradle-api-8.7.3.jar (com.android.tools.build:gradle-api:8.7.3) with ExternalDependencyInstrumentingArtifactTransform
Transforming dvlib-31.7.3.jar (com.android.tools:dvlib:31.7.3) with ExternalDependencyInstrumentingArtifactTransform
Transforming layoutlib-api-31.7.3.jar (com.android.tools.layoutlib:layoutlib-api:31.7.3) with ExternalDependencyInstrumentingArtifactTransform
Transforming kotlin-stdlib-jdk8-1.9.20.jar (org.jetbrains.kotlin:kotlin-stdlib-jdk8:1.9.20) with ExternalDependencyInstrumentingArtifactTransform
Transforming common-31.7.3.jar (com.android.tools:common:31.7.3) with ExternalDependencyInstrumentingArtifactTransform
Transforming jetifier-processor-1.0.0-beta10.jar (com.android.tools.build.jetifier:jetifier-processor:1.0.0-beta10) with ExternalDependencyInstrumentingArtifactTransform
Transforming jetifier-core-1.0.0-beta10.jar (com.android.tools.build.jetifier:jetifier-core:1.0.0-beta10) with ExternalDependencyInstrumentingArtifactTransform
Transforming kotlin-reflect-1.9.23.jar (org.jetbrains.kotlin:kotlin-reflect:1.9.23) with ExternalDependencyInstrumentingArtifactTransform
Transforming kotlin-stdlib-jdk7-1.9.20.jar (org.jetbrains.kotlin:kotlin-stdlib-jdk7:1.9.20) with ExternalDependencyInstrumentingArtifactTransform
Transforming kotlin-stdlib-1.9.23.jar (org.jetbrains.kotlin:kotlin-stdlib:1.9.23) with ExternalDependencyInstrumentingArtifactTransform
Transforming annotations-13.0.jar (org.jetbrains:annotations:13.0) with ExternalDependencyInstrumentingArtifactTransform
Transforming kotlin-gradle-plugin-model-2.0.21.jar (org.jetbrains.kotlin:kotlin-gradle-plugin-model:2.0.21) with ExternalDependencyInstrumentingArtifactTransform
Transforming kotlin-gradle-plugin-api-2.0.21.jar (org.jetbrains.kotlin:kotlin-gradle-plugin-api:2.0.21) with ExternalDependencyInstrumentingArtifactTransform
Transforming kotlin-gradle-plugin-2.0.21-gradle85.jar (org.jetbrains.kotlin:kotlin-gradle-plugin:2.0.21) with ExternalDependencyInstrumentingArtifactTransform
Transforming bundletool-1.17.1.jar (com.android.tools.build:bundletool:1.17.1) with ExternalDependencyInstrumentingArtifactTransform
Transforming aapt2-proto-8.7.3-12006047.jar (com.android.tools.build:aapt2-proto:8.7.3-12006047) with ExternalDependencyInstrumentingArtifactTransform
Transforming crash-31.7.3.jar (com.android.tools.analytics-library:crash:31.7.3) with ExternalDependencyInstrumentingArtifactTransform
Transforming databinding-common-8.7.3.jar (androidx.databinding:databinding-common:8.7.3) with ExternalDependencyInstrumentingArtifactTransform
Transforming lint-typedef-remover-31.7.3.jar (com.android.tools.lint:lint-typedef-remover:31.7.3) with ExternalDependencyInstrumentingArtifactTransform
Transforming baseLibrary-8.7.3.jar (com.android.databinding:baseLibrary:8.7.3) with ExternalDependencyInstrumentingArtifactTransform
Transforming android-device-provider-ddmlib-proto-31.7.3.jar (com.android.tools.utp:android-device-provider-ddmlib-proto:31.7.3) with ExternalDependencyInstrumentingArtifactTransform
Transforming android-device-provider-gradle-proto-31.7.3.jar (com.android.tools.utp:android-device-provider-gradle-proto:31.7.3) with ExternalDependencyInstrumentingArtifactTransform
Transforming android-device-provider-profile-proto-31.7.3.jar (com.android.tools.utp:android-device-provider-profile-proto:31.7.3) with ExternalDependencyInstrumentingArtifactTransform
Transforming android-test-plugin-host-coverage-proto-31.7.3.jar (com.android.tools.utp:android-test-plugin-host-coverage-proto:31.7.3) with ExternalDependencyInstrumentingArtifactTransform
Transforming android-test-plugin-host-additional-test-output-proto-31.7.3.jar (com.android.tools.utp:android-test-plugin-host-additional-test-output-proto:31.7.3) with ExternalDependencyInstrumentingArtifactTransform
Transforming android-test-plugin-host-logcat-proto-31.7.3.jar (com.android.tools.utp:android-test-plugin-host-logcat-proto:31.7.3) with ExternalDependencyInstrumentingArtifactTransform
Transforming android-test-plugin-host-apk-installer-proto-31.7.3.jar (com.android.tools.utp:android-test-plugin-host-apk-installer-proto:31.7.3) with ExternalDependencyInstrumentingArtifactTransform
Transforming transform-api-2.0.0-deprecated-use-gradle-api.jar (com.android.tools.build:transform-api:2.0.0-deprecated-use-gradle-api) with ExternalDependencyInstrumentingArtifactTransform
Transforming android-test-plugin-result-listener-gradle-proto-31.7.3.jar (com.android.tools.utp:android-test-plugin-result-listener-gradle-proto:31.7.3) with ExternalDependencyInstrumentingArtifactTransform
Transforming httpmime-4.5.6.jar (org.apache.httpcomponents:httpmime:4.5.6) with ExternalDependencyInstrumentingArtifactTransform
Transforming commons-io-2.13.0.jar (commons-io:commons-io:2.13.0) with ExternalDependencyInstrumentingArtifactTransform
Transforming asm-commons-9.6.jar (org.ow2.asm:asm-commons:9.6) with ExternalDependencyInstrumentingArtifactTransform
Transforming asm-util-9.6.jar (org.ow2.asm:asm-util:9.6) with ExternalDependencyInstrumentingArtifactTransform
Transforming asm-analysis-9.6.jar (org.ow2.asm:asm-analysis:9.6) with ExternalDependencyInstrumentingArtifactTransform
Transforming asm-tree-9.6.jar (org.ow2.asm:asm-tree:9.6) with ExternalDependencyInstrumentingArtifactTransform
Transforming asm-9.6.jar (org.ow2.asm:asm:9.6) with ExternalDependencyInstrumentingArtifactTransform
Transforming apkzlib-8.7.3.jar (com.android.tools.build:apkzlib:8.7.3) with ExternalDependencyInstrumentingArtifactTransform
Transforming jaxb-runtime-2.3.2.jar (org.glassfish.jaxb:jaxb-runtime:2.3.2) with ExternalDependencyInstrumentingArtifactTransform
Transforming bcpkix-jdk18on-1.77.jar (org.bouncycastle:bcpkix-jdk18on:1.77) with ExternalDependencyInstrumentingArtifactTransform
Transforming jopt-simple-4.9.jar (net.sf.jopt-simple:jopt-simple:4.9) with ExternalDependencyInstrumentingArtifactTransform
Transforming javapoet-1.10.0.jar (com.squareup:javapoet:1.10.0) with ExternalDependencyInstrumentingArtifactTransform
Transforming tink-1.7.0.jar (com.google.crypto.tink:tink:1.7.0) with ExternalDependencyInstrumentingArtifactTransform
Transforming grpc-protobuf-1.57.0.jar (io.grpc:grpc-protobuf:1.57.0) with ExternalDependencyInstrumentingArtifactTransform
Transforming protobuf-java-util-3.22.3.jar (com.google.protobuf:protobuf-java-util:3.22.3) with ExternalDependencyInstrumentingArtifactTransform
Transforming protos-31.7.3.jar (com.android.tools.analytics-library:protos:31.7.3) with ExternalDependencyInstrumentingArtifactTransform
Transforming proto-google-common-protos-2.17.0.jar (com.google.api.grpc:proto-google-common-protos:2.17.0) with ExternalDependencyInstrumentingArtifactTransform
Transforming grpc-netty-1.57.0.jar (io.grpc:grpc-netty:1.57.0) with ExternalDependencyInstrumentingArtifactTransform
Transforming protobuf-java-3.22.3.jar (com.google.protobuf:protobuf-java:3.22.3) with ExternalDependencyInstrumentingArtifactTransform
Transforming grpc-core-1.57.0.jar (io.grpc:grpc-core:1.57.0) with ExternalDependencyInstrumentingArtifactTransform
Transforming kotlin-build-statistics-2.0.21.jar (org.jetbrains.kotlin:kotlin-build-statistics:2.0.21) with ExternalDependencyInstrumentingArtifactTransform
Transforming grpc-stub-1.57.0.jar (io.grpc:grpc-stub:1.57.0) with ExternalDependencyInstrumentingArtifactTransform
Transforming gson-2.10.1.jar (com.google.code.gson:gson:2.10.1) with ExternalDependencyInstrumentingArtifactTransform
Transforming core-proto-0.0.9-alpha02.jar (com.google.testing.platform:core-proto:0.0.9-alpha02) with ExternalDependencyInstrumentingArtifactTransform
Transforming tensorflow-lite-metadata-0.1.0-rc2.jar (org.tensorflow:tensorflow-lite-metadata:0.1.0-rc2) with ExternalDependencyInstrumentingArtifactTransform
Transforming flatbuffers-java-1.12.0.jar (com.google.flatbuffers:flatbuffers-java:1.12.0) with ExternalDependencyInstrumentingArtifactTransform
Transforming kotlin-gradle-plugin-idea-proto-2.0.21.jar (org.jetbrains.kotlin:kotlin-gradle-plugin-idea-proto:2.0.21) with ExternalDependencyInstrumentingArtifactTransform
Transforming kotlin-gradle-plugin-idea-2.0.21.jar (org.jetbrains.kotlin:kotlin-gradle-plugin-idea:2.0.21) with ExternalDependencyInstrumentingArtifactTransform
Transforming kotlin-klib-commonizer-api-2.0.21.jar (org.jetbrains.kotlin:kotlin-klib-commonizer-api:2.0.21) with ExternalDependencyInstrumentingArtifactTransform
Transforming kotlin-build-tools-api-2.0.21.jar (org.jetbrains.kotlin:kotlin-build-tools-api:2.0.21) with ExternalDependencyInstrumentingArtifactTransform
Transforming kotlin-compiler-runner-2.0.21.jar (org.jetbrains.kotlin:kotlin-compiler-runner:2.0.21) with ExternalDependencyInstrumentingArtifactTransform
Transforming kotlin-native-utils-2.0.21.jar (org.jetbrains.kotlin:kotlin-native-utils:2.0.21) with ExternalDependencyInstrumentingArtifactTransform
Transforming kotlin-util-klib-2.0.21.jar (org.jetbrains.kotlin:kotlin-util-klib:2.0.21) with ExternalDependencyInstrumentingArtifactTransform
Transforming kotlin-compiler-embeddable-2.0.21.jar (org.jetbrains.kotlin:kotlin-compiler-embeddable:2.0.21) with ExternalDependencyInstrumentingArtifactTransform
Transforming jimfs-1.1.jar (com.google.jimfs:jimfs:1.1) with ExternalDependencyInstrumentingArtifactTransform
Transforming grpc-context-1.57.0.jar (io.grpc:grpc-context:1.57.0) with ExternalDependencyInstrumentingArtifactTransform
Transforming grpc-protobuf-lite-1.57.0.jar (io.grpc:grpc-protobuf-lite:1.57.0) with ExternalDependencyInstrumentingArtifactTransform
Transforming grpc-api-1.57.0.jar (io.grpc:grpc-api:1.57.0) with ExternalDependencyInstrumentingArtifactTransform
Transforming dagger-2.28.3.jar (com.google.dagger:dagger:2.28.3) with ExternalDependencyInstrumentingArtifactTransform
Transforming guava-32.0.1-jre.jar (com.google.guava:guava:32.0.1-jre) with ExternalDependencyInstrumentingArtifactTransform
Transforming javax.inject-1.jar (javax.inject:javax.inject:1) with ExternalDependencyInstrumentingArtifactTransform
Transforming kxml2-2.3.0.jar (net.sf.kxml:kxml2:2.3.0) with ExternalDependencyInstrumentingArtifactTransform
Transforming bcprov-jdk18on-1.77.jar (org.bouncycastle:bcprov-jdk18on:1.77) with ExternalDependencyInstrumentingArtifactTransform
Transforming bcutil-jdk18on-1.77.jar (org.bouncycastle:bcutil-jdk18on:1.77) with ExternalDependencyInstrumentingArtifactTransform
Transforming trove4j-1.0.20200330.jar (org.jetbrains.intellij.deps:trove4j:1.0.20200330) with ExternalDependencyInstrumentingArtifactTransform
Transforming httpclient-4.5.14.jar (org.apache.httpcomponents:httpclient:4.5.14) with ExternalDependencyInstrumentingArtifactTransform
Transforming commons-compress-1.21.jar (org.apache.commons:commons-compress:1.21) with ExternalDependencyInstrumentingArtifactTransform
Transforming httpcore-4.4.16.jar (org.apache.httpcomponents:httpcore:4.4.16) with ExternalDependencyInstrumentingArtifactTransform
Transforming signflinger-8.7.3.jar (com.android:signflinger:8.7.3) with ExternalDependencyInstrumentingArtifactTransform
Transforming javax.activation-1.2.0.jar (com.sun.activation:javax.activation:1.2.0) with ExternalDependencyInstrumentingArtifactTransform
Transforming annotations-31.7.3.jar (com.android.tools:annotations:31.7.3) with ExternalDependencyInstrumentingArtifactTransform
Transforming zipflinger-8.7.3.jar (com.android:zipflinger:8.7.3) with ExternalDependencyInstrumentingArtifactTransform
Transforming jna-platform-5.6.0.jar (net.java.dev.jna:jna-platform:5.6.0) with ExternalDependencyInstrumentingArtifactTransform
Transforming juniversalchardet-1.0.3.jar (com.googlecode.juniversalchardet:juniversalchardet:1.0.3) with ExternalDependencyInstrumentingArtifactTransform
Transforming javax.annotation-api-1.3.2.jar (javax.annotation:javax.annotation-api:1.3.2) with ExternalDependencyInstrumentingArtifactTransform
Transforming stax-ex-1.8.1.jar (org.jvnet.staxex:stax-ex:1.8.1) with ExternalDependencyInstrumentingArtifactTransform
Transforming txw2-2.3.2.jar (org.glassfish.jaxb:txw2:2.3.2) with ExternalDependencyInstrumentingArtifactTransform
Transforming jakarta.xml.bind-api-2.3.2.jar (jakarta.xml.bind:jakarta.xml.bind-api:2.3.2) with ExternalDependencyInstrumentingArtifactTransform
Transforming istack-commons-runtime-3.0.8.jar (com.sun.istack:istack-commons-runtime:3.0.8) with ExternalDependencyInstrumentingArtifactTransform
Transforming FastInfoset-1.2.16.jar (com.sun.xml.fastinfoset:FastInfoset:1.2.16) with ExternalDependencyInstrumentingArtifactTransform
Transforming auto-value-annotations-1.6.2.jar (com.google.auto.value:auto-value-annotations:1.6.2) with ExternalDependencyInstrumentingArtifactTransform
Transforming jakarta.activation-api-1.2.1.jar (jakarta.activation:jakarta.activation-api:1.2.1) with ExternalDependencyInstrumentingArtifactTransform
Transforming jose4j-0.9.5.jar (org.bitbucket.b_c:jose4j:0.9.5) with ExternalDependencyInstrumentingArtifactTransform
Transforming error_prone_annotations-2.18.0.jar (com.google.errorprone:error_prone_annotations:2.18.0) with ExternalDependencyInstrumentingArtifactTransform
Transforming slf4j-api-1.7.30.jar (org.slf4j:slf4j-api:1.7.30) with ExternalDependencyInstrumentingArtifactTransform
Transforming jdom2-2.0.6.jar (org.jdom:jdom2:2.0.6) with ExternalDependencyInstrumentingArtifactTransform
Transforming j2objc-annotations-2.8.jar (com.google.j2objc:j2objc-annotations:2.8) with ExternalDependencyInstrumentingArtifactTransform
Transforming annotations-4.1.1.4.jar (com.google.android:annotations:4.1.1.4) with ExternalDependencyInstrumentingArtifactTransform
Transforming jsr305-3.0.2.jar (com.google.code.findbugs:jsr305:3.0.2) with ExternalDependencyInstrumentingArtifactTransform
Transforming animal-sniffer-annotations-1.23.jar (org.codehaus.mojo:animal-sniffer-annotations:1.23) with ExternalDependencyInstrumentingArtifactTransform
Transforming netty-codec-http2-4.1.93.Final.jar (io.netty:netty-codec-http2:4.1.93.Final) with ExternalDependencyInstrumentingArtifactTransform
Transforming perfmark-api-0.26.0.jar (io.perfmark:perfmark-api:0.26.0) with ExternalDependencyInstrumentingArtifactTransform
Transforming netty-handler-proxy-4.1.93.Final.jar (io.netty:netty-handler-proxy:4.1.93.Final) with ExternalDependencyInstrumentingArtifactTransform
Transforming netty-codec-http-4.1.93.Final.jar (io.netty:netty-codec-http:4.1.93.Final) with ExternalDependencyInstrumentingArtifactTransform
Transforming netty-handler-4.1.93.Final.jar (io.netty:netty-handler:4.1.93.Final) with ExternalDependencyInstrumentingArtifactTransform
Transforming checker-qual-3.33.0.jar (org.checkerframework:checker-qual:3.33.0) with ExternalDependencyInstrumentingArtifactTransform
Transforming netty-transport-native-unix-common-4.1.93.Final.jar (io.netty:netty-transport-native-unix-common:4.1.93.Final) with ExternalDependencyInstrumentingArtifactTransform
Transforming commons-codec-1.11.jar (commons-codec:commons-codec:1.11) with ExternalDependencyInstrumentingArtifactTransform
Transforming javawriter-2.5.0.jar (com.squareup:javawriter:2.5.0) with ExternalDependencyInstrumentingArtifactTransform
Transforming apksig-8.7.3.jar (com.android.tools.build:apksig:8.7.3) with ExternalDependencyInstrumentingArtifactTransform
Transforming kotlin-gradle-plugin-annotations-2.0.21.jar (org.jetbrains.kotlin:kotlin-gradle-plugin-annotations:2.0.21) with ExternalDependencyInstrumentingArtifactTransform
Transforming kotlin-tooling-core-2.0.21.jar (org.jetbrains.kotlin:kotlin-tooling-core:2.0.21) with ExternalDependencyInstrumentingArtifactTransform
Transforming kotlinx-coroutines-core-jvm-1.6.4.jar (org.jetbrains.kotlinx:kotlinx-coroutines-core-jvm:1.6.4) with ExternalDependencyInstrumentingArtifactTransform
Transforming kotlin-daemon-client-2.0.21.jar (org.jetbrains.kotlin:kotlin-daemon-client:2.0.21) with ExternalDependencyInstrumentingArtifactTransform
Transforming kotlin-util-io-2.0.21.jar (org.jetbrains.kotlin:kotlin-util-io:2.0.21) with ExternalDependencyInstrumentingArtifactTransform
Transforming kotlin-daemon-embeddable-2.0.21.jar (org.jetbrains.kotlin:kotlin-daemon-embeddable:2.0.21) with ExternalDependencyInstrumentingArtifactTransform
Transforming failureaccess-1.0.1.jar (com.google.guava:failureaccess:1.0.1) with ExternalDependencyInstrumentingArtifactTransform
Transforming listenablefuture-9999.0-empty-to-avoid-conflict-with-guava.jar (com.google.guava:listenablefuture:9999.0-empty-to-avoid-conflict-with-guava) with ExternalDependencyInstrumentingArtifactTransform
Transforming commons-logging-1.2.jar (commons-logging:commons-logging:1.2) with ExternalDependencyInstrumentingArtifactTransform
Transforming jna-5.6.0.jar (net.java.dev.jna:jna:5.6.0) with ExternalDependencyInstrumentingArtifactTransform
Transforming netty-codec-4.1.93.Final.jar (io.netty:netty-codec:4.1.93.Final) with ExternalDependencyInstrumentingArtifactTransform
Transforming netty-codec-socks-4.1.93.Final.jar (io.netty:netty-codec-socks:4.1.93.Final) with ExternalDependencyInstrumentingArtifactTransform
Transforming netty-transport-4.1.93.Final.jar (io.netty:netty-transport:4.1.93.Final) with ExternalDependencyInstrumentingArtifactTransform
Transforming netty-buffer-4.1.93.Final.jar (io.netty:netty-buffer:4.1.93.Final) with ExternalDependencyInstrumentingArtifactTransform
Transforming netty-resolver-4.1.93.Final.jar (io.netty:netty-resolver:4.1.93.Final) with ExternalDependencyInstrumentingArtifactTransform
Transforming netty-common-4.1.93.Final.jar (io.netty:netty-common:4.1.93.Final) with ExternalDependencyInstrumentingArtifactTransform

> Configure project :app
Evaluating project ':app' using build file '/home/runner/work/atrangi-document-workspace/atrangi-document-workspace/app/build.gradle.kts'.
Using default execution profile
Using Kotlin Gradle Plugin gradle85 variant
All projects evaluated.
Task path ':app:assembleDebug' matched project ':app'
Task name matched 'assembleDebug'
Selected primary task 'assembleDebug' from project :app
Tasks to be executed: [task ':app:preBuild', task ':app:preDebugBuild', task ':app:mergeDebugNativeDebugMetadata', task ':app:checkKotlinGradlePluginConfigurationErrors', task ':app:checkDebugAarMetadata', task ':app:generateDebugResValues', task ':app:mapDebugSourceSetPaths', task ':app:generateDebugResources', task ':app:mergeDebugResources', task ':app:packageDebugResources', task ':app:parseDebugLocalResources', task ':app:createDebugCompatibleScreenManifests', task ':app:extractDeepLinksDebug', task ':app:processDebugMainManifest', task ':app:processDebugManifest', task ':app:processDebugManifestForPackage', task ':app:processDebugResources', task ':app:compileDebugKotlin', task ':app:javaPreCompileDebug', task ':app:compileDebugJavaWithJavac', task ':app:mergeDebugShaders', task ':app:compileDebugShaders', task ':app:generateDebugAssets', task ':app:mergeDebugAssets', task ':app:compressDebugAssets', task ':app:desugarDebugFileDependencies', task ':app:dexBuilderDebug', task ':app:mergeDebugGlobalSynthetics', task ':app:processDebugJavaRes', task ':app:mergeDebugJavaResource', task ':app:checkDebugDuplicateClasses', task ':app:mergeExtDexDebug', task ':app:mergeLibDexDebug', task ':app:mergeProjectDexDebug', task ':app:mergeDebugJniLibFolders', task ':app:mergeDebugNativeLibs', task ':app:stripDebugDebugSymbols', task ':app:validateSigningDebug', task ':app:writeDebugAppMetadata', task ':app:writeDebugSigningConfigVersions', task ':app:packageDebug', task ':app:createDebugApkListingFileRedirect', task ':app:assembleDebug']
Tasks that were excluded: []
Resolve mutations for :app:preBuild (Thread[Execution worker,5,main]) started.
:app:preBuild (Thread[Execution worker,5,main]) started.

> Task :app:preBuild UP-TO-DATE
Skipping task ':app:preBuild' as it has no actions.
Resolve mutations for :app:preDebugBuild (Thread[Execution worker,5,main]) started.
:app:preDebugBuild (Thread[Execution worker,5,main]) started.

> Task :app:preDebugBuild UP-TO-DATE
Skipping task ':app:preDebugBuild' as it has no actions.
Resolve mutations for :app:mergeDebugNativeDebugMetadata (Thread[Execution worker,5,main]) started.
:app:mergeDebugNativeDebugMetadata (Thread[Execution worker,5,main]) started.

> Task :app:mergeDebugNativeDebugMetadata NO-SOURCE
Skipping task ':app:mergeDebugNativeDebugMetadata' as it has no source files and no previous output files.
Resolve mutations for :app:checkKotlinGradlePluginConfigurationErrors (Thread[included builds,5,main]) started.
:app:checkKotlinGradlePluginConfigurationErrors (Thread[included builds,5,main]) started.

> Task :app:checkKotlinGradlePluginConfigurationErrors SKIPPED
Skipping task ':app:checkKotlinGradlePluginConfigurationErrors' as task onlyIf 'errorDiagnostics are present' is false.
Resolve mutations for :app:checkDebugAarMetadata (Thread[included builds,5,main]) started.
:app:checkDebugAarMetadata (Thread[included builds,5,main]) started.
Resolve mutations for :app:generateDebugResValues (Thread[Execution worker,5,main]) started.
:app:generateDebugResValues (Thread[Execution worker Thread 2,5,main]) started.

> Task :app:generateDebugResValues
Caching disabled for task ':app:generateDebugResValues' because:
  Build cache is disabled
Task ':app:generateDebugResValues' is not up-to-date because:
  No history is available.
Resolve mutations for :app:mapDebugSourceSetPaths (Thread[Execution worker Thread 2,5,main]) started.
:app:mapDebugSourceSetPaths (Thread[Execution worker,5,main]) started.

> Task :app:checkDebugAarMetadata
Transforming appcompat-1.7.0.aar (androidx.appcompat:appcompat:1.7.0) with ExtractAarTransform
Transforming appcompat-resources-1.7.0.aar (androidx.appcompat:appcompat-resources:1.7.0) with ExtractAarTransform
Transforming drawerlayout-1.0.0.aar (androidx.drawerlayout:drawerlayout:1.0.0) with ExtractAarTransform
Transforming webkit-1.12.1.aar (androidx.webkit:webkit:1.12.1) with ExtractAarTransform
Transforming appcompat-resources-1.7.0.aar (androidx.appcompat:appcompat-resources:1.7.0) with AarTransform
Transforming drawerlayout-1.0.0.aar (androidx.drawerlayout:drawerlayout:1.0.0) with AarTransform
Transforming webkit-1.12.1.aar (androidx.webkit:webkit:1.12.1) with AarTransform
Transforming emoji2-views-helper-1.3.0.aar (androidx.emoji2:emoji2-views-helper:1.3.0) with ExtractAarTransform
Transforming emoji2-1.3.0.aar (androidx.emoji2:emoji2:1.3.0) with ExtractAarTransform
Transforming work-runtime-ktx-2.10.1.aar (androidx.work:work-runtime-ktx:2.10.1) with ExtractAarTransform
Transforming emoji2-views-helper-1.3.0.aar (androidx.emoji2:emoji2-views-helper:1.3.0) with AarTransform
Transforming work-runtime-ktx-2.10.1.aar (androidx.work:work-runtime-ktx:2.10.1) with AarTransform
Transforming work-runtime-2.10.1.aar (androidx.work:work-runtime:2.10.1) with ExtractAarTransform
Transforming vectordrawable-animated-1.1.0.aar (androidx.vectordrawable:vectordrawable-animated:1.1.0) with ExtractAarTransform
Transforming emoji2-1.3.0.aar (androidx.emoji2:emoji2:1.3.0) with AarTransform
Transforming vectordrawable-1.1.0.aar (androidx.vectordrawable:vectordrawable:1.1.0) with ExtractAarTransform
Transforming work-runtime-2.10.1.aar (androidx.work:work-runtime:2.10.1) with AarTransform
Transforming vectordrawable-1.1.0.aar (androidx.vectordrawable:vectordrawable:1.1.0) with ExtractAarTransform
Transforming appcompat-1.7.0.aar (androidx.appcompat:appcompat:1.7.0) with AarTransform
Transforming vectordrawable-1.1.0.aar (androidx.vectordrawable:vectordrawable:1.1.0) with AarTransform
Transforming vectordrawable-1.1.0.aar (androidx.vectordrawable:vectordrawable:1.1.0) with AarTransform
Transforming vectordrawable-animated-1.1.0.aar (androidx.vectordrawable:vectordrawable-animated:1.1.0) with AarTransform
Transforming fragment-1.5.4.aar (androidx.fragment:fragment:1.5.4) with ExtractAarTransform
Transforming viewpager-1.0.0.aar (androidx.viewpager:viewpager:1.0.0) with ExtractAarTransform
Transforming customview-1.0.0.aar (androidx.customview:customview:1.0.0) with ExtractAarTransform
Transforming customview-1.0.0.aar (androidx.customview:customview:1.0.0) with ExtractAarTransform
Transforming fragment-1.5.4.aar (androidx.fragment:fragment:1.5.4) with AarTransform
Transforming customview-1.0.0.aar (androidx.customview:customview:1.0.0) with AarTransform
Transforming viewpager-1.0.0.aar (androidx.viewpager:viewpager:1.0.0) with AarTransform
Transforming customview-1.0.0.aar (androidx.customview:customview:1.0.0) with AarTransform
Transforming loader-1.0.0.aar (androidx.loader:loader:1.0.0) with ExtractAarTransform
Transforming core-1.15.0.aar (androidx.core:core:1.15.0) with ExtractAarTransform
Transforming core-1.15.0.aar (androidx.core:core:1.15.0) with ExtractAarTransform
Transforming loader-1.0.0.aar (androidx.loader:loader:1.0.0) with AarTransform
Transforming core-1.15.0.aar (androidx.core:core:1.15.0) with ExtractAarTransform
Transforming core-1.15.0.aar (androidx.core:core:1.15.0) with ExtractAarTransform
Transforming core-1.15.0.aar (androidx.core:core:1.15.0) with AarTransform
Transforming core-1.15.0.aar (androidx.core:core:1.15.0) with AarTransform
Transforming core-1.15.0.aar (androidx.core:core:1.15.0) with AarTransform
Transforming core-1.15.0.aar (androidx.core:core:1.15.0) with AarTransform
Transforming activity-ktx-1.10.0.aar (androidx.activity:activity-ktx:1.10.0) with ExtractAarTransform
Transforming savedstate-1.2.1.aar (androidx.savedstate:savedstate:1.2.1) with ExtractAarTransform
Transforming activity-1.10.0.aar (androidx.activity:activity:1.10.0) with ExtractAarTransform
Transforming savedstate-ktx-1.2.1.aar (androidx.savedstate:savedstate-ktx:1.2.1) with ExtractAarTransform
Transforming activity-ktx-1.10.0.aar (androidx.activity:activity-ktx:1.10.0) with AarTransform
Transforming lifecycle-viewmodel-ktx-2.6.2.aar (androidx.lifecycle:lifecycle-viewmodel-ktx:2.6.2) with ExtractAarTransform
Transforming savedstate-1.2.1.aar (androidx.savedstate:savedstate:1.2.1) with AarTransform
Transforming activity-1.10.0.aar (androidx.activity:activity:1.10.0) with AarTransform
Transforming savedstate-ktx-1.2.1.aar (androidx.savedstate:savedstate-ktx:1.2.1) with AarTransform
Transforming lifecycle-viewmodel-ktx-2.6.2.aar (androidx.lifecycle:lifecycle-viewmodel-ktx:2.6.2) with AarTransform
Transforming lifecycle-viewmodel-2.6.2.aar (androidx.lifecycle:lifecycle-viewmodel:2.6.2) with ExtractAarTransform
Transforming lifecycle-runtime-ktx-2.6.2.aar (androidx.lifecycle:lifecycle-runtime-ktx:2.6.2) with ExtractAarTransform
Transforming lifecycle-viewmodel-2.6.2.aar (androidx.lifecycle:lifecycle-viewmodel:2.6.2) with ExtractAarTransform
Transforming lifecycle-process-2.6.2.aar (androidx.lifecycle:lifecycle-process:2.6.2) with ExtractAarTransform
Transforming lifecycle-runtime-ktx-2.6.2.aar (androidx.lifecycle:lifecycle-runtime-ktx:2.6.2) with AarTransform
Transforming lifecycle-livedata-core-2.6.2.aar (androidx.lifecycle:lifecycle-livedata-core:2.6.2) with ExtractAarTransform
Transforming lifecycle-process-2.6.2.aar (androidx.lifecycle:lifecycle-process:2.6.2) with AarTransform
Transforming lifecycle-viewmodel-2.6.2.aar (androidx.lifecycle:lifecycle-viewmodel:2.6.2) with AarTransform
Transforming lifecycle-viewmodel-2.6.2.aar (androidx.lifecycle:lifecycle-viewmodel:2.6.2) with AarTransform
Transforming lifecycle-service-2.6.2.aar (androidx.lifecycle:lifecycle-service:2.6.2) with ExtractAarTransform
Transforming lifecycle-livedata-core-2.6.2.aar (androidx.lifecycle:lifecycle-livedata-core:2.6.2) with AarTransform
Transforming lifecycle-livedata-2.6.2.aar (androidx.lifecycle:lifecycle-livedata:2.6.2) with ExtractAarTransform
Transforming lifecycle-service-2.6.2.aar (androidx.lifecycle:lifecycle-service:2.6.2) with AarTransform
Transforming lifecycle-runtime-2.6.2.aar (androidx.lifecycle:lifecycle-runtime:2.6.2) with ExtractAarTransform
Transforming lifecycle-viewmodel-savedstate-2.6.2.aar (androidx.lifecycle:lifecycle-viewmodel-savedstate:2.6.2) with ExtractAarTransform
Transforming lifecycle-livedata-2.6.2.aar (androidx.lifecycle:lifecycle-livedata:2.6.2) with ExtractAarTransform
Transforming lifecycle-runtime-2.6.2.aar (androidx.lifecycle:lifecycle-runtime:2.6.2) with AarTransform
Transforming lifecycle-viewmodel-savedstate-2.6.2.aar (androidx.lifecycle:lifecycle-viewmodel-savedstate:2.6.2) with AarTransform
Transforming lifecycle-livedata-2.6.2.aar (androidx.lifecycle:lifecycle-livedata:2.6.2) with AarTransform
Transforming lifecycle-livedata-2.6.2.aar (androidx.lifecycle:lifecycle-livedata:2.6.2) with AarTransform
Transforming core-ktx-1.15.0.aar (androidx.core:core-ktx:1.15.0) with ExtractAarTransform
Transforming room-ktx-2.6.1.aar (androidx.room:room-ktx:2.6.1) with ExtractAarTransform
Transforming room-runtime-2.6.1.aar (androidx.room:room-runtime:2.6.1) with ExtractAarTransform
Transforming annotation-experimental-1.4.1.aar (androidx.annotation:annotation-experimental:1.4.1) with ExtractAarTransform
Transforming room-runtime-2.6.1.aar (androidx.room:room-runtime:2.6.1) with AarTransform
Transforming core-ktx-1.15.0.aar (androidx.core:core-ktx:1.15.0) with AarTransform
Transforming annotation-experimental-1.4.1.aar (androidx.annotation:annotation-experimental:1.4.1) with AarTransform
Transforming cursoradapter-1.0.0.aar (androidx.cursoradapter:cursoradapter:1.0.0) with ExtractAarTransform
Transforming interpolator-1.0.0.aar (androidx.interpolator:interpolator:1.0.0) with ExtractAarTransform
Transforming interpolator-1.0.0.aar (androidx.interpolator:interpolator:1.0.0) with ExtractAarTransform
Transforming interpolator-1.0.0.aar (androidx.interpolator:interpolator:1.0.0) with AarTransform
Transforming profileinstaller-1.4.0.aar (androidx.profileinstaller:profileinstaller:1.4.0) with ExtractAarTransform
Transforming room-ktx-2.6.1.aar (androidx.room:room-ktx:2.6.1) with AarTransform
Transforming interpolator-1.0.0.aar (androidx.interpolator:interpolator:1.0.0) with AarTransform
Transforming startup-runtime-1.1.1.aar (androidx.startup:startup-runtime:1.1.1) with ExtractAarTransform
Transforming tracing-ktx-1.2.0.aar (androidx.tracing:tracing-ktx:1.2.0) with ExtractAarTransform
Transforming cursoradapter-1.0.0.aar (androidx.cursoradapter:cursoradapter:1.0.0) with AarTransform
Transforming profileinstaller-1.4.0.aar (androidx.profileinstaller:profileinstaller:1.4.0) with AarTransform
Transforming tracing-1.2.0.aar (androidx.tracing:tracing:1.2.0) with ExtractAarTransform
Transforming tracing-ktx-1.2.0.aar (androidx.tracing:tracing-ktx:1.2.0) with AarTransform
Transforming versionedparcelable-1.1.1.aar (androidx.versionedparcelable:versionedparcelable:1.1.1) with ExtractAarTransform
Transforming startup-runtime-1.1.1.aar (androidx.startup:startup-runtime:1.1.1) with AarTransform
Transforming core-runtime-2.2.0.aar (androidx.arch.core:core-runtime:2.2.0) with ExtractAarTransform
Transforming versionedparcelable-1.1.1.aar (androidx.versionedparcelable:versionedparcelable:1.1.1) with AarTransform
Transforming sqlite-framework-2.4.0.aar (androidx.sqlite:sqlite-framework:2.4.0) with ExtractAarTransform
Transforming core-runtime-2.2.0.aar (androidx.arch.core:core-runtime:2.2.0) with AarTransform
Transforming tracing-1.2.0.aar (androidx.tracing:tracing:1.2.0) with AarTransform
Transforming sqlite-2.4.0.aar (androidx.sqlite:sqlite:2.4.0) with ExtractAarTransform
Transforming sqlite-framework-2.4.0.aar (androidx.sqlite:sqlite-framework:2.4.0) with AarTransform
Transforming sqlite-2.4.0.aar (androidx.sqlite:sqlite:2.4.0) with AarTransform
Caching disabled for task ':app:checkDebugAarMetadata' because:
  Build cache is disabled
  Caching has been disabled for the task
Task ':app:checkDebugAarMetadata' is not up-to-date because:
  No history is available.

> Task :app:mapDebugSourceSetPaths
Transforming appcompat-resources-1.7.0.aar (androidx.appcompat:appcompat-resources:1.7.0) with ExtractAarTransform
Transforming appcompat-resources-1.7.0.aar (androidx.appcompat:appcompat-resources:1.7.0) with AarTransform
Transforming appcompat-1.7.0.aar (androidx.appcompat:appcompat:1.7.0) with ExtractAarTransform
Transforming appcompat-1.7.0.aar (androidx.appcompat:appcompat:1.7.0) with AarTransform
Transforming webkit-1.12.1.aar (androidx.webkit:webkit:1.12.1) with ExtractAarTransform
Transforming webkit-1.12.1.aar (androidx.webkit:webkit:1.12.1) with AarTransform
Transforming drawerlayout-1.0.0.aar (androidx.drawerlayout:drawerlayout:1.0.0) with ExtractAarTransform
Transforming drawerlayout-1.0.0.aar (androidx.drawerlayout:drawerlayout:1.0.0) with AarTransform
Transforming emoji2-views-helper-1.3.0.aar (androidx.emoji2:emoji2-views-helper:1.3.0) with ExtractAarTransform
Transforming emoji2-views-helper-1.3.0.aar (androidx.emoji2:emoji2-views-helper:1.3.0) with AarTransform
Transforming emoji2-1.3.0.aar (androidx.emoji2:emoji2:1.3.0) with ExtractAarTransform
Transforming emoji2-1.3.0.aar (androidx.emoji2:emoji2:1.3.0) with AarTransform
Transforming work-runtime-ktx-2.10.1.aar (androidx.work:work-runtime-ktx:2.10.1) with ExtractAarTransform
Transforming work-runtime-ktx-2.10.1.aar (androidx.work:work-runtime-ktx:2.10.1) with AarTransform
Transforming work-runtime-2.10.1.aar (androidx.work:work-runtime:2.10.1) with ExtractAarTransform
Transforming work-runtime-2.10.1.aar (androidx.work:work-runtime:2.10.1) with AarTransform
Transforming vectordrawable-animated-1.1.0.aar (androidx.vectordrawable:vectordrawable-animated:1.1.0) with ExtractAarTransform
Transforming vectordrawable-animated-1.1.0.aar (androidx.vectordrawable:vectordrawable-animated:1.1.0) with AarTransform
Transforming vectordrawable-1.1.0.aar (androidx.vectordrawable:vectordrawable:1.1.0) with ExtractAarTransform
Transforming vectordrawable-1.1.0.aar (androidx.vectordrawable:vectordrawable:1.1.0) with AarTransform
Transforming vectordrawable-1.1.0.aar (androidx.vectordrawable:vectordrawable:1.1.0) with ExtractAarTransform
Transforming vectordrawable-1.1.0.aar (androidx.vectordrawable:vectordrawable:1.1.0) with AarTransform
Transforming fragment-1.5.4.aar (androidx.fragment:fragment:1.5.4) with ExtractAarTransform
Transforming fragment-1.5.4.aar (androidx.fragment:fragment:1.5.4) with AarTransform
Transforming viewpager-1.0.0.aar (androidx.viewpager:viewpager:1.0.0) with ExtractAarTransform
Transforming viewpager-1.0.0.aar (androidx.viewpager:viewpager:1.0.0) with AarTransform
Transforming customview-1.0.0.aar (androidx.customview:customview:1.0.0) with ExtractAarTransform
Transforming customview-1.0.0.aar (androidx.customview:customview:1.0.0) with AarTransform
Transforming customview-1.0.0.aar (androidx.customview:customview:1.0.0) with ExtractAarTransform
Transforming customview-1.0.0.aar (androidx.customview:customview:1.0.0) with AarTransform
Transforming loader-1.0.0.aar (androidx.loader:loader:1.0.0) with ExtractAarTransform
Transforming loader-1.0.0.aar (androidx.loader:loader:1.0.0) with AarTransform
Transforming core-1.15.0.aar (androidx.core:core:1.15.0) with ExtractAarTransform
Transforming core-1.15.0.aar (androidx.core:core:1.15.0) with AarTransform
Transforming core-1.15.0.aar (androidx.core:core:1.15.0) with ExtractAarTransform
Transforming core-1.15.0.aar (androidx.core:core:1.15.0) with AarTransform
Transforming core-1.15.0.aar (androidx.core:core:1.15.0) with ExtractAarTransform
Transforming core-1.15.0.aar (androidx.core:core:1.15.0) with AarTransform
Transforming core-1.15.0.aar (androidx.core:core:1.15.0) with ExtractAarTransform
Transforming core-1.15.0.aar (androidx.core:core:1.15.0) with AarTransform
Transforming core-1.15.0.aar (androidx.core:core:1.15.0) with ExtractAarTransform
Transforming core-1.15.0.aar (androidx.core:core:1.15.0) with AarTransform
Transforming core-1.15.0.aar (androidx.core:core:1.15.0) with ExtractAarTransform
Transforming core-1.15.0.aar (androidx.core:core:1.15.0) with AarTransform
Transforming activity-ktx-1.10.0.aar (androidx.activity:activity-ktx:1.10.0) with ExtractAarTransform
Transforming activity-ktx-1.10.0.aar (androidx.activity:activity-ktx:1.10.0) with AarTransform
Transforming activity-1.10.0.aar (androidx.activity:activity:1.10.0) with ExtractAarTransform
Transforming activity-1.10.0.aar (androidx.activity:activity:1.10.0) with AarTransform
Transforming savedstate-ktx-1.2.1.aar (androidx.savedstate:savedstate-ktx:1.2.1) with ExtractAarTransform
Transforming savedstate-ktx-1.2.1.aar (androidx.savedstate:savedstate-ktx:1.2.1) with AarTransform
Transforming savedstate-1.2.1.aar (androidx.savedstate:savedstate:1.2.1) with ExtractAarTransform
Transforming savedstate-1.2.1.aar (androidx.savedstate:savedstate:1.2.1) with AarTransform
Transforming lifecycle-viewmodel-ktx-2.6.2.aar (androidx.lifecycle:lifecycle-viewmodel-ktx:2.6.2) with ExtractAarTransform
Transforming lifecycle-viewmodel-ktx-2.6.2.aar (androidx.lifecycle:lifecycle-viewmodel-ktx:2.6.2) with AarTransform
Transforming lifecycle-viewmodel-2.6.2.aar (androidx.lifecycle:lifecycle-viewmodel:2.6.2) with ExtractAarTransform
Transforming lifecycle-viewmodel-2.6.2.aar (androidx.lifecycle:lifecycle-viewmodel:2.6.2) with AarTransform
Transforming lifecycle-viewmodel-2.6.2.aar (androidx.lifecycle:lifecycle-viewmodel:2.6.2) with ExtractAarTransform
Transforming lifecycle-viewmodel-2.6.2.aar (androidx.lifecycle:lifecycle-viewmodel:2.6.2) with AarTransform
Transforming lifecycle-runtime-ktx-2.6.2.aar (androidx.lifecycle:lifecycle-runtime-ktx:2.6.2) with ExtractAarTransform
Transforming lifecycle-runtime-ktx-2.6.2.aar (androidx.lifecycle:lifecycle-runtime-ktx:2.6.2) with AarTransform
Transforming lifecycle-process-2.6.2.aar (androidx.lifecycle:lifecycle-process:2.6.2) with ExtractAarTransform
Transforming lifecycle-process-2.6.2.aar (androidx.lifecycle:lifecycle-process:2.6.2) with AarTransform
Transforming lifecycle-livedata-core-2.6.2.aar (androidx.lifecycle:lifecycle-livedata-core:2.6.2) with ExtractAarTransform
Transforming lifecycle-livedata-core-2.6.2.aar (androidx.lifecycle:lifecycle-livedata-core:2.6.2) with AarTransform
Transforming lifecycle-service-2.6.2.aar (androidx.lifecycle:lifecycle-service:2.6.2) with ExtractAarTransform
Transforming lifecycle-service-2.6.2.aar (androidx.lifecycle:lifecycle-service:2.6.2) with AarTransform
Transforming lifecycle-livedata-2.6.2.aar (androidx.lifecycle:lifecycle-livedata:2.6.2) with ExtractAarTransform
Transforming lifecycle-livedata-2.6.2.aar (androidx.lifecycle:lifecycle-livedata:2.6.2) with AarTransform
Transforming lifecycle-livedata-2.6.2.aar (androidx.lifecycle:lifecycle-livedata:2.6.2) with ExtractAarTransform
Transforming lifecycle-livedata-2.6.2.aar (androidx.lifecycle:lifecycle-livedata:2.6.2) with AarTransform
Transforming lifecycle-runtime-2.6.2.aar (androidx.lifecycle:lifecycle-runtime:2.6.2) with ExtractAarTransform
Transforming lifecycle-runtime-2.6.2.aar (androidx.lifecycle:lifecycle-runtime:2.6.2) with AarTransform
Transforming lifecycle-viewmodel-savedstate-2.6.2.aar (androidx.lifecycle:lifecycle-viewmodel-savedstate:2.6.2) with ExtractAarTransform
Transforming lifecycle-viewmodel-savedstate-2.6.2.aar (androidx.lifecycle:lifecycle-viewmodel-savedstate:2.6.2) with AarTransform
Transforming core-ktx-1.15.0.aar (androidx.core:core-ktx:1.15.0) with ExtractAarTransform
Transforming core-ktx-1.15.0.aar (androidx.core:core-ktx:1.15.0) with AarTransform
Transforming room-ktx-2.6.1.aar (androidx.room:room-ktx:2.6.1) with ExtractAarTransform
Transforming room-ktx-2.6.1.aar (androidx.room:room-ktx:2.6.1) with AarTransform
Transforming room-runtime-2.6.1.aar (androidx.room:room-runtime:2.6.1) with ExtractAarTransform
Transforming room-runtime-2.6.1.aar (androidx.room:room-runtime:2.6.1) with AarTransform
Transforming annotation-experimental-1.4.1.aar (androidx.annotation:annotation-experimental:1.4.1) with ExtractAarTransform
Transforming annotation-experimental-1.4.1.aar (androidx.annotation:annotation-experimental:1.4.1) with AarTransform
Transforming cursoradapter-1.0.0.aar (androidx.cursoradapter:cursoradapter:1.0.0) with ExtractAarTransform
Transforming cursoradapter-1.0.0.aar (androidx.cursoradapter:cursoradapter:1.0.0) with AarTransform
Transforming interpolator-1.0.0.aar (androidx.interpolator:interpolator:1.0.0) with ExtractAarTransform
Transforming interpolator-1.0.0.aar (androidx.interpolator:interpolator:1.0.0) with AarTransform
Transforming interpolator-1.0.0.aar (androidx.interpolator:interpolator:1.0.0) with ExtractAarTransform
Transforming interpolator-1.0.0.aar (androidx.interpolator:interpolator:1.0.0) with AarTransform
Transforming profileinstaller-1.4.0.aar (androidx.profileinstaller:profileinstaller:1.4.0) with ExtractAarTransform
Transforming profileinstaller-1.4.0.aar (androidx.profileinstaller:profileinstaller:1.4.0) with AarTransform
Transforming startup-runtime-1.1.1.aar (androidx.startup:startup-runtime:1.1.1) with ExtractAarTransform
Transforming startup-runtime-1.1.1.aar (androidx.startup:startup-runtime:1.1.1) with AarTransform
Transforming tracing-ktx-1.2.0.aar (androidx.tracing:tracing-ktx:1.2.0) with ExtractAarTransform
Transforming tracing-ktx-1.2.0.aar (androidx.tracing:tracing-ktx:1.2.0) with AarTransform
Transforming tracing-1.2.0.aar (androidx.tracing:tracing:1.2.0) with ExtractAarTransform
Transforming tracing-1.2.0.aar (androidx.tracing:tracing:1.2.0) with AarTransform
Transforming versionedparcelable-1.1.1.aar (androidx.versionedparcelable:versionedparcelable:1.1.1) with ExtractAarTransform
Transforming versionedparcelable-1.1.1.aar (androidx.versionedparcelable:versionedparcelable:1.1.1) with AarTransform
Transforming core-runtime-2.2.0.aar (androidx.arch.core:core-runtime:2.2.0) with ExtractAarTransform
Transforming core-runtime-2.2.0.aar (androidx.arch.core:core-runtime:2.2.0) with AarTransform
Transforming sqlite-framework-2.4.0.aar (androidx.sqlite:sqlite-framework:2.4.0) with ExtractAarTransform
Transforming sqlite-framework-2.4.0.aar (androidx.sqlite:sqlite-framework:2.4.0) with AarTransform
Transforming sqlite-2.4.0.aar (androidx.sqlite:sqlite:2.4.0) with ExtractAarTransform
Transforming sqlite-2.4.0.aar (androidx.sqlite:sqlite:2.4.0) with AarTransform
Caching disabled for task ':app:mapDebugSourceSetPaths' because:
  Build cache is disabled
  Caching has been disabled for the task
Task ':app:mapDebugSourceSetPaths' is not up-to-date because:
  No history is available.
Resolve mutations for :app:generateDebugResources (Thread[Execution worker Thread 3,5,main]) started.
:app:generateDebugResources (Thread[Execution worker,5,main]) started.

> Task :app:generateDebugResources
Caching disabled for task ':app:generateDebugResources' because:
  Build cache is disabled
Task ':app:generateDebugResources' is not up-to-date because:
  No history is available.
Resolve mutations for :app:mergeDebugResources (Thread[Execution worker,5,main]) started.
:app:mergeDebugResources (Thread[Execution worker Thread 3,5,main]) started.
Resolve mutations for :app:packageDebugResources (Thread[included builds,5,main]) started.
:app:packageDebugResources (Thread[included builds,5,main]) started.

> Task :app:packageDebugResources
Caching disabled for task ':app:packageDebugResources' because:
  Build cache is disabled
Task ':app:packageDebugResources' is not up-to-date because:
  No history is available.
The input changes require a full rebuild for incremental task ':app:packageDebugResources'.
[MergeResources] Inputs are non-incremental full task action.
Resolve mutations for :app:parseDebugLocalResources (Thread[included builds,5,main]) started.
:app:parseDebugLocalResources (Thread[included builds,5,main]) started.

> Task :app:mergeDebugResources
Caching disabled for task ':app:mergeDebugResources' because:
  Build cache is disabled
Task ':app:mergeDebugResources' is not up-to-date because:
  No history is available.
The input changes require a full rebuild for incremental task ':app:mergeDebugResources'.
[MergeResources] Inputs are non-incremental full task action.
Compiling XML table /home/runner/work/atrangi-document-workspace/atrangi-document-workspace/app/build/intermediates/incremental/debug/mergeDebugResources/merged.dir/values-hi/values-hi.xml to /home/runner/work/atrangi-document-workspace/atrangi-document-workspace/app/build/intermediates/merged_res/debug/mergeDebugResources/values-hi_values-hi.arsc.flat
Compiling XML table /home/runner/work/atrangi-document-workspace/atrangi-document-workspace/app/build/intermediates/incremental/debug/mergeDebugResources/merged.dir/values/values.xml to /home/runner/work/atrangi-document-workspace/atrangi-document-workspace/app/build/intermediates/merged_res/debug/mergeDebugResources/values_values.arsc.flat
Compiling XML table /home/runner/work/atrangi-document-workspace/atrangi-document-workspace/app/build/intermediates/incremental/debug/mergeDebugResources/merged.dir/values-pt/values-pt.xml to /home/runner/work/atrangi-document-workspace/atrangi-document-workspace/app/build/intermediates/merged_res/debug/mergeDebugResources/values-pt_values-pt.arsc.flat
Compiling XML table /home/runner/work/atrangi-document-workspace/atrangi-document-workspace/app/build/intermediates/incremental/debug/mergeDebugResources/merged.dir/values-watch-v21/values-watch-v21.xml to /home/runner/work/atrangi-document-workspace/atrangi-document-workspace/app/build/intermediates/merged_res/debug/mergeDebugResources/values-watch-v21_values-watch-v21.arsc.flat
Compiling XML table /home/runner/work/atrangi-document-workspace/atrangi-document-workspace/app/build/intermediates/incremental/debug/mergeDebugResources/merged.dir/values-hu/values-hu.xml to /home/runner/work/atrangi-document-workspace/atrangi-document-workspace/app/build/intermediates/merged_res/debug/mergeDebugResources/values-hu_values-hu.arsc.flat
Compiling XML table /home/runner/work/atrangi-document-workspace/atrangi-document-workspace/app/build/intermediates/incremental/debug/mergeDebugResources/merged.dir/values-hy/values-hy.xml to /home/runner/work/atrangi-document-workspace/atrangi-document-workspace/app/build/intermediates/merged_res/debug/mergeDebugResources/values-hy_values-hy.arsc.flat
Compiling XML table /home/runner/work/atrangi-document-workspace/atrangi-document-workspace/app/build/intermediates/incremental/debug/mergeDebugResources/merged.dir/values-hr/values-hr.xml to /home/runner/work/atrangi-document-workspace/atrangi-document-workspace/app/build/intermediates/merged_res/debug/mergeDebugResources/values-hr_values-hr.arsc.flat
Compiling XML table /home/runner/work/atrangi-document-workspace/atrangi-document-workspace/app/build/intermediates/incremental/debug/mergeDebugResources/merged.dir/values-v17/values-v17.xml to /home/runner/work/atrangi-document-workspace/atrangi-document-workspace/app/build/intermediates/merged_res/debug/mergeDebugResources/values-v17_values-v17.arsc.flat
Compiling XML table /home/runner/work/atrangi-document-workspace/atrangi-document-workspace/app/build/intermediates/incremental/debug/mergeDebugResources/merged.dir/values-zh-rHK/values-zh-rHK.xml to /home/runner/work/atrangi-document-workspace/atrangi-document-workspace/app/build/intermediates/merged_res/debug/mergeDebugResources/values-zh-rHK_values-zh-rHK.arsc.flat
Compiling XML table /home/runner/work/atrangi-document-workspace/atrangi-document-workspace/app/build/intermediates/incremental/debug/mergeDebugResources/merged.dir/values-iw/values-iw.xml to /home/runner/work/atrangi-document-workspace/atrangi-document-workspace/app/build/intermediates/merged_res/debug/mergeDebugResources/values-iw_values-iw.arsc.flat
Compiling XML table /home/runner/work/atrangi-document-workspace/atrangi-document-workspace/app/build/intermediates/incremental/debug/mergeDebugResources/merged.dir/values-v18/values-v18.xml to /home/runner/work/atrangi-document-workspace/atrangi-document-workspace/app/build/intermediates/merged_res/debug/mergeDebugResources/values-v18_values-v18.arsc.flat
Compiling XML table /home/runner/work/atrangi-document-workspace/atrangi-document-workspace/app/build/intermediates/incremental/debug/mergeDebugResources/merged.dir/values-ldltr-v21/values-ldltr-v21.xml to /home/runner/work/atrangi-document-workspace/atrangi-document-workspace/app/build/intermediates/merged_res/debug/mergeDebugResources/values-ldltr-v21_values-ldltr-v21.arsc.flat
Compiling XML table /home/runner/work/atrangi-document-workspace/atrangi-document-workspace/app/build/intermediates/incremental/debug/mergeDebugResources/merged.dir/values-is/values-is.xml to /home/runner/work/atrangi-document-workspace/atrangi-document-workspace/app/build/intermediates/merged_res/debug/mergeDebugResources/values-is_values-is.arsc.flat
Compiling XML table /home/runner/work/atrangi-document-workspace/atrangi-document-workspace/app/build/intermediates/incremental/debug/mergeDebugResources/merged.dir/values-v21/values-v21.xml to /home/runner/work/atrangi-document-workspace/atrangi-document-workspace/app/build/intermediates/merged_res/debug/mergeDebugResources/values-v21_values-v21.arsc.flat
Compiling XML table /home/runner/work/atrangi-document-workspace/atrangi-document-workspace/app/build/intermediates/incremental/debug/mergeDebugResources/merged.dir/values-af/values-af.xml to /home/runner/work/atrangi-document-workspace/atrangi-document-workspace/app/build/intermediates/merged_res/debug/mergeDebugResources/values-af_values-af.arsc.flat
Compiling XML table /home/runner/work/atrangi-document-workspace/atrangi-document-workspace/app/build/intermediates/incremental/debug/mergeDebugResources/merged.dir/values-b+sr+Latn/values-b+sr+Latn.xml to /home/runner/work/atrangi-document-workspace/atrangi-document-workspace/app/build/intermediates/merged_res/debug/mergeDebugResources/values-b+sr+Latn_values-b+sr+Latn.arsc.flat
Compiling XML table /home/runner/work/atrangi-document-workspace/atrangi-document-workspace/app/build/intermediates/incremental/debug/mergeDebugResources/merged.dir/values-am/values-am.xml to /home/runner/work/atrangi-document-workspace/atrangi-document-workspace/app/build/intermediates/merged_res/debug/mergeDebugResources/values-am_values-am.arsc.flat
Compiling XML table /home/runner/work/atrangi-document-workspace/atrangi-document-workspace/app/build/intermediates/incremental/debug/mergeDebugResources/merged.dir/values-v22/values-v22.xml to /home/runner/work/atrangi-document-workspace/atrangi-document-workspace/app/build/intermediates/merged_res/debug/mergeDebugResources/values-v22_values-v22.arsc.flat
Compiling XML table /home/runner/work/atrangi-document-workspace/atrangi-document-workspace/app/build/intermediates/incremental/debug/mergeDebugResources/merged.dir/values-pt-rPT/values-pt-rPT.xml to /home/runner/work/atrangi-document-workspace/atrangi-document-workspace/app/build/intermediates/merged_res/debug/mergeDebugResources/values-pt-rPT_values-pt-rPT.arsc.flat
Compiling XML table /home/runner/work/atrangi-document-workspace/atrangi-document-workspace/app/build/intermediates/incremental/debug/mergeDebugResources/merged.dir/values-es-rUS/values-es-rUS.xml to /home/runner/work/atrangi-document-workspace/atrangi-document-workspace/app/build/intermediates/merged_res/debug/mergeDebugResources/values-es-rUS_values-es-rUS.arsc.flat
Compiling XML table /home/runner/work/atrangi-document-workspace/atrangi-document-workspace/app/build/intermediates/incremental/debug/mergeDebugResources/merged.dir/values-v28/values-v28.xml to /home/runner/work/atrangi-document-workspace/atrangi-document-workspace/app/build/intermediates/merged_res/debug/mergeDebugResources/values-v28_values-v28.arsc.flat
Compiling XML table /home/runner/work/atrangi-document-workspace/atrangi-document-workspace/app/build/intermediates/incremental/debug/mergeDebugResources/merged.dir/values-bg/values-bg.xml to /home/runner/work/atrangi-document-workspace/atrangi-document-workspace/app/build/intermediates/merged_res/debug/mergeDebugResources/values-bg_values-bg.arsc.flat
Compiling XML table /home/runner/work/atrangi-document-workspace/atrangi-document-workspace/app/build/intermediates/incremental/debug/mergeDebugResources/merged.dir/values-si/values-si.xml to /home/runner/work/atrangi-document-workspace/atrangi-document-workspace/app/build/intermediates/merged_res/debug/mergeDebugResources/values-si_values-si.arsc.flat
Compiling XML table /home/runner/work/atrangi-document-workspace/atrangi-document-workspace/app/build/intermediates/incremental/debug/mergeDebugResources/merged.dir/values-v25/values-v25.xml to /home/runner/work/atrangi-document-workspace/atrangi-document-workspace/app/build/intermediates/merged_res/debug/mergeDebugResources/values-v25_values-v25.arsc.flat
Compiling XML table /home/runner/work/atrangi-document-workspace/atrangi-document-workspace/app/build/intermediates/incremental/debug/mergeDebugResources/merged.dir/values-as/values-as.xml to /home/runner/work/atrangi-document-workspace/atrangi-document-workspace/app/build/intermediates/merged_res/debug/mergeDebugResources/values-as_values-as.arsc.flat
Compiling XML table /home/runner/work/atrangi-document-workspace/atrangi-document-workspace/app/build/intermediates/incremental/debug/mergeDebugResources/merged.dir/values-sq/values-sq.xml to /home/runner/work/atrangi-document-workspace/atrangi-document-workspace/app/build/intermediates/merged_res/debug/mergeDebugResources/values-sq_values-sq.arsc.flat
Compiling XML table /home/runner/work/atrangi-document-workspace/atrangi-document-workspace/app/build/intermediates/incremental/debug/mergeDebugResources/merged.dir/values-zu/values-zu.xml to /home/runner/work/atrangi-document-workspace/atrangi-document-workspace/app/build/intermediates/merged_res/debug/mergeDebugResources/values-zu_values-zu.arsc.flat
Compiling XML table /home/runner/work/atrangi-document-workspace/atrangi-document-workspace/app/build/intermediates/incremental/debug/mergeDebugResources/merged.dir/values-km/values-km.xml to /home/runner/work/atrangi-document-workspace/atrangi-document-workspace/app/build/intermediates/merged_res/debug/mergeDebugResources/values-km_values-km.arsc.flat
Compiling XML table /home/runner/work/atrangi-document-workspace/atrangi-document-workspace/app/build/intermediates/incremental/debug/mergeDebugResources/merged.dir/values-sw/values-sw.xml to /home/runner/work/atrangi-document-workspace/atrangi-document-workspace/app/build/intermediates/merged_res/debug/mergeDebugResources/values-sw_values-sw.arsc.flat
Compiling XML table /home/runner/work/atrangi-document-workspace/atrangi-document-workspace/app/build/intermediates/incremental/debug/mergeDebugResources/merged.dir/values-sw600dp-v13/values-sw600dp-v13.xml to /home/runner/work/atrangi-document-workspace/atrangi-document-workspace/app/build/intermediates/merged_res/debug/mergeDebugResources/values-sw600dp-v13_values-sw600dp-v13.arsc.flat
Compiling XML table /home/runner/work/atrangi-document-workspace/atrangi-document-workspace/app/build/intermediates/incremental/debug/mergeDebugResources/merged.dir/values-ja/values-ja.xml to /home/runner/work/atrangi-document-workspace/atrangi-document-workspace/app/build/intermediates/merged_res/debug/mergeDebugResources/values-ja_values-ja.arsc.flat
Compiling XML table /home/runner/work/atrangi-document-workspace/atrangi-document-workspace/app/build/intermediates/incremental/debug/mergeDebugResources/merged.dir/values-bn/values-bn.xml to /home/runner/work/atrangi-document-workspace/atrangi-document-workspace/app/build/intermediates/merged_res/debug/mergeDebugResources/values-bn_values-bn.arsc.flat
Compiling XML table /home/runner/work/atrangi-document-workspace/atrangi-document-workspace/app/build/intermediates/incremental/debug/mergeDebugResources/merged.dir/values-v24/values-v24.xml to /home/runner/work/atrangi-document-workspace/atrangi-document-workspace/app/build/intermediates/merged_res/debug/mergeDebugResources/values-v24_values-v24.arsc.flat
Compiling XML table /home/runner/work/atrangi-document-workspace/atrangi-document-workspace/app/build/intermediates/incremental/debug/mergeDebugResources/merged.dir/values-cs/values-cs.xml to /home/runner/work/atrangi-document-workspace/atrangi-document-workspace/app/build/intermediates/merged_res/debug/mergeDebugResources/values-cs_values-cs.arsc.flat
Compiling XML table /home/runner/work/atrangi-document-workspace/atrangi-document-workspace/app/build/intermediates/incremental/debug/mergeDebugResources/merged.dir/values-ro/values-ro.xml to /home/runner/work/atrangi-document-workspace/atrangi-document-workspace/app/build/intermediates/merged_res/debug/mergeDebugResources/values-ro_values-ro.arsc.flat
Compiling XML table /home/runner/work/atrangi-document-workspace/atrangi-document-workspace/app/build/intermediates/incremental/debug/mergeDebugResources/merged.dir/values-ka/values-ka.xml to /home/runner/work/atrangi-document-workspace/atrangi-document-workspace/app/build/intermediates/merged_res/debug/mergeDebugResources/values-ka_values-ka.arsc.flat
Compiling XML table /home/runner/work/atrangi-document-workspace/atrangi-document-workspace/app/build/intermediates/incremental/debug/mergeDebugResources/merged.dir/values-tl/values-tl.xml to /home/runner/work/atrangi-document-workspace/atrangi-document-workspace/app/build/intermediates/merged_res/debug/mergeDebugResources/values-tl_values-tl.arsc.flat
Compiling XML table /home/runner/work/atrangi-document-workspace/atrangi-document-workspace/app/build/intermediates/incremental/debug/mergeDebugResources/merged.dir/values-ru/values-ru.xml to /home/runner/work/atrangi-document-workspace/atrangi-document-workspace/app/build/intermediates/merged_res/debug/mergeDebugResources/values-ru_values-ru.arsc.flat
Compiling XML table /home/runner/work/atrangi-document-workspace/atrangi-document-workspace/app/build/intermediates/incremental/debug/mergeDebugResources/merged.dir/values-ca/values-ca.xml to /home/runner/work/atrangi-document-workspace/atrangi-document-workspace/app/build/intermediates/merged_res/debug/mergeDebugResources/values-ca_values-ca.arsc.flat
Compiling XML table /home/runner/work/atrangi-document-workspace/atrangi-document-workspace/app/build/intermediates/incremental/debug/mergeDebugResources/merged.dir/values-en-rAU/values-en-rAU.xml to /home/runner/work/atrangi-document-workspace/atrangi-document-workspace/app/build/intermediates/merged_res/debug/mergeDebugResources/values-en-rAU_values-en-rAU.arsc.flat
Compiling XML table /home/runner/work/atrangi-document-workspace/atrangi-document-workspace/app/build/intermediates/incremental/debug/mergeDebugResources/merged.dir/values-en-rCA/values-en-rCA.xml to /home/runner/work/atrangi-document-workspace/atrangi-document-workspace/app/build/intermediates/merged_res/debug/mergeDebugResources/values-en-rCA_values-en-rCA.arsc.flat
Compiling XML table /home/runner/work/atrangi-document-workspace/atrangi-document-workspace/app/build/intermediates/incremental/debug/mergeDebugResources/merged.dir/values-sv/values-sv.xml to /home/runner/work/atrangi-document-workspace/atrangi-document-workspace/app/build/intermediates/merged_res/debug/mergeDebugResources/values-sv_values-sv.arsc.flat
Compiling XML table /home/runner/work/atrangi-document-workspace/atrangi-document-workspace/app/build/intermediates/incremental/debug/mergeDebugResources/merged.dir/values-lv/values-lv.xml to /home/runner/work/atrangi-document-workspace/atrangi-document-workspace/app/build/intermediates/merged_res/debug/mergeDebugResources/values-lv_values-lv.arsc.flat
Compiling XML table /home/runner/work/atrangi-document-workspace/atrangi-document-workspace/app/build/intermediates/incremental/debug/mergeDebugResources/merged.dir/values-sl/values-sl.xml to /home/runner/work/atrangi-document-workspace/atrangi-document-workspace/app/build/intermediates/merged_res/debug/mergeDebugResources/values-sl_values-sl.arsc.flat
Compiling XML table /home/runner/work/atrangi-document-workspace/atrangi-document-workspace/app/build/intermediates/incremental/debug/mergeDebugResources/merged.dir/values-mk/values-mk.xml to /home/runner/work/atrangi-document-workspace/atrangi-document-workspace/app/build/intermediates/merged_res/debug/mergeDebugResources/values-mk_values-mk.arsc.flat
Compiling XML table /home/runner/work/atrangi-document-workspace/atrangi-document-workspace/app/build/intermediates/incremental/debug/mergeDebugResources/merged.dir/values-ta/values-ta.xml to /home/runner/work/atrangi-document-workspace/atrangi-document-workspace/app/build/intermediates/merged_res/debug/mergeDebugResources/values-ta_values-ta.arsc.flat
Compiling XML table /home/runner/work/atrangi-document-workspace/atrangi-document-workspace/app/build/intermediates/incremental/debug/mergeDebugResources/merged.dir/values-kk/values-kk.xml to /home/runner/work/atrangi-document-workspace/atrangi-document-workspace/app/build/intermediates/merged_res/debug/mergeDebugResources/values-kk_values-kk.arsc.flat
Compiling XML table /home/runner/work/atrangi-document-workspace/atrangi-document-workspace/app/build/intermediates/incremental/debug/mergeDebugResources/merged.dir/values-mr/values-mr.xml to /home/runner/work/atrangi-document-workspace/atrangi-document-workspace/app/build/intermediates/merged_res/debug/mergeDebugResources/values-mr_values-mr.arsc.flat
Compiling XML table /home/runner/work/atrangi-document-workspace/atrangi-document-workspace/app/build/intermediates/incremental/debug/mergeDebugResources/merged.dir/values-h720dp-v13/values-h720dp-v13.xml to /home/runner/work/atrangi-document-workspace/atrangi-document-workspace/app/build/intermediates/merged_res/debug/mergeDebugResources/values-h720dp-v13_values-h720dp-v13.arsc.flat
Compiling XML table /home/runner/work/atrangi-document-workspace/atrangi-document-workspace/app/build/intermediates/incremental/debug/mergeDebugResources/merged.dir/values-xlarge-v4/values-xlarge-v4.xml to /home/runner/work/atrangi-document-workspace/atrangi-document-workspace/app/build/intermediates/merged_res/debug/mergeDebugResources/values-xlarge-v4_values-xlarge-v4.arsc.flat
Compiling XML table /home/runner/work/atrangi-document-workspace/atrangi-document-workspace/app/build/intermediates/incremental/debug/mergeDebugResources/merged.dir/values-ko/values-ko.xml to /home/runner/work/atrangi-document-workspace/atrangi-document-workspace/app/build/intermediates/merged_res/debug/mergeDebugResources/values-ko_values-ko.arsc.flat
Compiling XML table /home/runner/work/atrangi-document-workspace/atrangi-document-workspace/app/build/intermediates/incremental/debug/mergeDebugResources/merged.dir/values-de/values-de.xml to /home/runner/work/atrangi-document-workspace/atrangi-document-workspace/app/build/intermediates/merged_res/debug/mergeDebugResources/values-de_values-de.arsc.flat
Compiling XML table /home/runner/work/atrangi-document-workspace/atrangi-document-workspace/app/build/intermediates/incremental/debug/mergeDebugResources/merged.dir/values-zh-rTW/values-zh-rTW.xml to /home/runner/work/atrangi-document-workspace/atrangi-document-workspace/app/build/intermediates/merged_res/debug/mergeDebugResources/values-zh-rTW_values-zh-rTW.arsc.flat
Compiling XML table /home/runner/work/atrangi-document-workspace/atrangi-document-workspace/app/build/intermediates/incremental/debug/mergeDebugResources/merged.dir/values-en-rIN/values-en-rIN.xml to /home/runner/work/atrangi-document-workspace/atrangi-document-workspace/app/build/intermediates/merged_res/debug/mergeDebugResources/values-en-rIN_values-en-rIN.arsc.flat
Compiling XML table /home/runner/work/atrangi-document-workspace/atrangi-document-workspace/app/build/intermediates/incremental/debug/mergeDebugResources/merged.dir/values-pt-rBR/values-pt-rBR.xml to /home/runner/work/atrangi-document-workspace/atrangi-document-workspace/app/build/intermediates/merged_res/debug/mergeDebugResources/values-pt-rBR_values-pt-rBR.arsc.flat
Compiling XML table /home/runner/work/atrangi-document-workspace/atrangi-document-workspace/app/build/intermediates/incremental/debug/mergeDebugResources/merged.dir/values-eu/values-eu.xml to /home/runner/work/atrangi-document-workspace/atrangi-document-workspace/app/build/intermediates/merged_res/debug/mergeDebugResources/values-eu_values-eu.arsc.flat
Compiling XML table /home/runner/work/atrangi-document-workspace/atrangi-document-workspace/app/build/intermediates/incremental/debug/mergeDebugResources/merged.dir/values-ml/values-ml.xml to /home/runner/work/atrangi-document-workspace/atrangi-document-workspace/app/build/intermediates/merged_res/debug/mergeDebugResources/values-ml_values-ml.arsc.flat
Compiling XML table /home/runner/work/atrangi-document-workspace/atrangi-document-workspace/app/build/intermediates/incremental/debug/mergeDebugResources/merged.dir/values-th/values-th.xml to /home/runner/work/atrangi-document-workspace/atrangi-document-workspace/app/build/intermediates/merged_res/debug/mergeDebugResources/values-th_values-th.arsc.flat
Compiling XML table /home/runner/work/atrangi-document-workspace/atrangi-document-workspace/app/build/intermediates/incremental/debug/mergeDebugResources/merged.dir/values-night-v8/values-night-v8.xml to /home/runner/work/atrangi-document-workspace/atrangi-document-workspace/app/build/intermediates/merged_res/debug/mergeDebugResources/values-night-v8_values-night-v8.arsc.flat
Compiling XML table /home/runner/work/atrangi-document-workspace/atrangi-document-workspace/app/build/intermediates/incremental/debug/mergeDebugResources/merged.dir/values-zh-rCN/values-zh-rCN.xml to /home/runner/work/atrangi-document-workspace/atrangi-document-workspace/app/build/intermediates/merged_res/debug/mergeDebugResources/values-zh-rCN_values-zh-rCN.arsc.flat
Compiling XML table /home/runner/work/atrangi-document-workspace/atrangi-document-workspace/app/build/intermediates/incremental/debug/mergeDebugResources/merged.dir/values-fr-rCA/values-fr-rCA.xml to /home/runner/work/atrangi-document-workspace/atrangi-document-workspace/app/build/intermediates/merged_res/debug/mergeDebugResources/values-fr-rCA_values-fr-rCA.arsc.flat
Compiling XML table /home/runner/work/atrangi-document-workspace/atrangi-document-workspace/app/build/intermediates/incremental/debug/mergeDebugResources/merged.dir/values-tr/values-tr.xml to /home/runner/work/atrangi-document-workspace/atrangi-document-workspace/app/build/intermediates/merged_res/debug/mergeDebugResources/values-tr_values-tr.arsc.flat
Compiling XML table /home/runner/work/atrangi-document-workspace/atrangi-document-workspace/app/build/intermediates/incremental/debug/mergeDebugResources/merged.dir/values-large-v4/values-large-v4.xml to /home/runner/work/atrangi-document-workspace/atrangi-document-workspace/app/build/intermediates/merged_res/debug/mergeDebugResources/values-large-v4_values-large-v4.arsc.flat
Compiling XML table /home/runner/work/atrangi-document-workspace/atrangi-document-workspace/app/build/intermediates/incremental/debug/mergeDebugResources/merged.dir/values-lt/values-lt.xml to /home/runner/work/atrangi-document-workspace/atrangi-document-workspace/app/build/intermediates/merged_res/debug/mergeDebugResources/values-lt_values-lt.arsc.flat
Compiling XML table /home/runner/work/atrangi-document-workspace/atrangi-document-workspace/app/build/intermediates/incremental/debug/mergeDebugResources/merged.dir/values-my/values-my.xml to /home/runner/work/atrangi-document-workspace/atrangi-document-workspace/app/build/intermediates/merged_res/debug/mergeDebugResources/values-my_values-my.arsc.flat
Compiling XML table /home/runner/work/atrangi-document-workspace/atrangi-document-workspace/app/build/intermediates/incremental/debug/mergeDebugResources/merged.dir/values-ur/values-ur.xml to /home/runner/work/atrangi-document-workspace/atrangi-document-workspace/app/build/intermediates/merged_res/debug/mergeDebugResources/values-ur_values-ur.arsc.flat
Compiling XML table /home/runner/work/atrangi-document-workspace/atrangi-document-workspace/app/build/intermediates/incremental/debug/mergeDebugResources/merged.dir/values-or/values-or.xml to /home/runner/work/atrangi-document-workspace/atrangi-document-workspace/app/build/intermediates/merged_res/debug/mergeDebugResources/values-or_values-or.arsc.flat
Compiling XML table /home/runner/work/atrangi-document-workspace/atrangi-document-workspace/app/build/intermediates/incremental/debug/mergeDebugResources/merged.dir/values-vi/values-vi.xml to /home/runner/work/atrangi-document-workspace/atrangi-document-workspace/app/build/intermediates/merged_res/debug/mergeDebugResources/values-vi_values-vi.arsc.flat
Compiling XML table /home/runner/work/atrangi-document-workspace/atrangi-document-workspace/app/build/intermediates/incremental/debug/mergeDebugResources/merged.dir/values-pl/values-pl.xml to /home/runner/work/atrangi-document-workspace/atrangi-document-workspace/app/build/intermediates/merged_res/debug/mergeDebugResources/values-pl_values-pl.arsc.flat
Compiling XML table /home/runner/work/atrangi-document-workspace/atrangi-document-workspace/app/build/intermediates/incremental/debug/mergeDebugResources/merged.dir/values-uz/values-uz.xml to /home/runner/work/atrangi-document-workspace/atrangi-document-workspace/app/build/intermediates/merged_res/debug/mergeDebugResources/values-uz_values-uz.arsc.flat
Compiling XML table /home/runner/work/atrangi-document-workspace/atrangi-document-workspace/app/build/intermediates/incremental/debug/mergeDebugResources/merged.dir/values-ne/values-ne.xml to /home/runner/work/atrangi-document-workspace/atrangi-document-workspace/app/build/intermediates/merged_res/debug/mergeDebugResources/values-ne_values-ne.arsc.flat
Compiling XML table /home/runner/work/atrangi-document-workspace/atrangi-document-workspace/app/build/intermediates/incremental/debug/mergeDebugResources/merged.dir/values-el/values-el.xml to /home/runner/work/atrangi-document-workspace/atrangi-document-workspace/app/build/intermediates/merged_res/debug/mergeDebugResources/values-el_values-el.arsc.flat
Compiling XML table /home/runner/work/atrangi-document-workspace/atrangi-document-workspace/app/build/intermediates/incremental/debug/mergeDebugResources/merged.dir/values-fi/values-fi.xml to /home/runner/work/atrangi-document-workspace/atrangi-document-workspace/app/build/intermediates/merged_res/debug/mergeDebugResources/values-fi_values-fi.arsc.flat
Compiling XML table /home/runner/work/atrangi-document-workspace/atrangi-document-workspace/app/build/intermediates/incremental/debug/mergeDebugResources/merged.dir/values-et/values-et.xml to /home/runner/work/atrangi-document-workspace/atrangi-document-workspace/app/build/intermediates/merged_res/debug/mergeDebugResources/values-et_values-et.arsc.flat
Compiling XML table /home/runner/work/atrangi-document-workspace/atrangi-document-workspace/app/build/intermediates/incremental/debug/mergeDebugResources/merged.dir/values-port/values-port.xml to /home/runner/work/atrangi-document-workspace/atrangi-document-workspace/app/build/intermediates/merged_res/debug/mergeDebugResources/values-port_values-port.arsc.flat
Compiling XML table /home/runner/work/atrangi-document-workspace/atrangi-document-workspace/app/build/intermediates/incremental/debug/mergeDebugResources/merged.dir/values-nl/values-nl.xml to /home/runner/work/atrangi-document-workspace/atrangi-document-workspace/app/build/intermediates/merged_res/debug/mergeDebugResources/values-nl_values-nl.arsc.flat
Compiling XML table /home/runner/work/atrangi-document-workspace/atrangi-document-workspace/app/build/intermediates/incremental/debug/mergeDebugResources/merged.dir/values-fr/values-fr.xml to /home/runner/work/atrangi-document-workspace/atrangi-document-workspace/app/build/intermediates/merged_res/debug/mergeDebugResources/values-fr_values-fr.arsc.flat
Compiling XML table /home/runner/work/atrangi-document-workspace/atrangi-document-workspace/app/build/intermediates/incremental/debug/mergeDebugResources/merged.dir/values-hdpi-v4/values-hdpi-v4.xml to /home/runner/work/atrangi-document-workspace/atrangi-document-workspace/app/build/intermediates/merged_res/debug/mergeDebugResources/values-hdpi-v4_values-hdpi-v4.arsc.flat
Compiling XML table /home/runner/work/atrangi-document-workspace/atrangi-document-workspace/app/build/intermediates/incremental/debug/mergeDebugResources/merged.dir/values-gl/values-gl.xml to /home/runner/work/atrangi-document-workspace/atrangi-document-workspace/app/build/intermediates/merged_res/debug/mergeDebugResources/values-gl_values-gl.arsc.flat
Compiling XML table /home/runner/work/atrangi-document-workspace/atrangi-document-workspace/app/build/intermediates/incremental/debug/mergeDebugResources/merged.dir/values-land/values-land.xml to /home/runner/work/atrangi-document-workspace/atrangi-document-workspace/app/build/intermediates/merged_res/debug/mergeDebugResources/values-land_values-land.arsc.flat
Compiling XML table /home/runner/work/atrangi-document-workspace/atrangi-document-workspace/app/build/intermediates/incremental/debug/mergeDebugResources/merged.dir/values-pa/values-pa.xml to /home/runner/work/atrangi-document-workspace/atrangi-document-workspace/app/build/intermediates/merged_res/debug/mergeDebugResources/values-pa_values-pa.arsc.flat
Compiling xml file /home/runner/work/atrangi-document-workspace/atrangi-document-workspace/app/src/main/res/xml/file_paths.xml to /home/runner/work/atrangi-document-workspace/atrangi-document-workspace/app/build/intermediates/merged_res/debug/mergeDebugResources/xml_file_paths.xml.flat
Compiling XML table /home/runner/work/atrangi-document-workspace/atrangi-document-workspace/app/build/intermediates/incremental/debug/mergeDebugResources/merged.dir/values-watch-v20/values-watch-v20.xml to /home/runner/work/atrangi-document-workspace/atrangi-document-workspace/app/build/intermediates/merged_res/debug/mergeDebugResources/values-watch-v20_values-watch-v20.arsc.flat
Compiling XML table /home/runner/work/atrangi-document-workspace/atrangi-document-workspace/app/build/intermediates/incremental/debug/mergeDebugResources/merged.dir/values-v16/values-v16.xml to /home/runner/work/atrangi-document-workspace/atrangi-document-workspace/app/build/intermediates/merged_res/debug/mergeDebugResources/values-v16_values-v16.arsc.flat
Compiling XML table /home/runner/work/atrangi-document-workspace/atrangi-document-workspace/app/build/intermediates/incremental/debug/mergeDebugResources/merged.dir/values-in/values-in.xml to /home/runner/work/atrangi-document-workspace/atrangi-document-workspace/app/build/intermediates/merged_res/debug/mergeDebugResources/values-in_values-in.arsc.flat
Compiling XML table /home/runner/work/atrangi-document-workspace/atrangi-document-workspace/app/build/intermediates/incremental/debug/mergeDebugResources/merged.dir/values-it/values-it.xml to /home/runner/work/atrangi-document-workspace/atrangi-document-workspace/app/build/intermediates/merged_res/debug/mergeDebugResources/values-it_values-it.arsc.flat
Compiling XML table /home/runner/work/atrangi-document-workspace/atrangi-document-workspace/app/build/intermediates/incremental/debug/mergeDebugResources/merged.dir/values-ar/values-ar.xml to /home/runner/work/atrangi-document-workspace/atrangi-document-workspace/app/build/intermediates/merged_res/debug/mergeDebugResources/values-ar_values-ar.arsc.flat
Compiling XML table /home/runner/work/atrangi-document-workspace/atrangi-document-workspace/app/build/intermediates/incremental/debug/mergeDebugResources/merged.dir/values-v23/values-v23.xml to /home/runner/work/atrangi-document-workspace/atrangi-document-workspace/app/build/intermediates/merged_res/debug/mergeDebugResources/values-v23_values-v23.arsc.flat
Compiling XML table /home/runner/work/atrangi-document-workspace/atrangi-document-workspace/app/build/intermediates/incremental/debug/mergeDebugResources/merged.dir/values-az/values-az.xml to /home/runner/work/atrangi-document-workspace/atrangi-document-workspace/app/build/intermediates/merged_res/debug/mergeDebugResources/values-az_values-az.arsc.flat
Compiling XML table /home/runner/work/atrangi-document-workspace/atrangi-document-workspace/app/build/intermediates/incremental/debug/mergeDebugResources/merged.dir/values-v26/values-v26.xml to /home/runner/work/atrangi-document-workspace/atrangi-document-workspace/app/build/intermediates/merged_res/debug/mergeDebugResources/values-v26_values-v26.arsc.flat
Compiling XML table /home/runner/work/atrangi-document-workspace/atrangi-document-workspace/app/build/intermediates/incremental/debug/mergeDebugResources/merged.dir/values-be/values-be.xml to /home/runner/work/atrangi-document-workspace/atrangi-document-workspace/app/build/intermediates/merged_res/debug/mergeDebugResources/values-be_values-be.arsc.flat
Compiling XML table /home/runner/work/atrangi-document-workspace/atrangi-document-workspace/app/build/intermediates/incremental/debug/mergeDebugResources/merged.dir/values-bs/values-bs.xml to /home/runner/work/atrangi-document-workspace/atrangi-document-workspace/app/build/intermediates/merged_res/debug/mergeDebugResources/values-bs_values-bs.arsc.flat
Compiling XML table /home/runner/work/atrangi-document-workspace/atrangi-document-workspace/app/build/intermediates/incremental/debug/mergeDebugResources/merged.dir/values-sk/values-sk.xml to /home/runner/work/atrangi-document-workspace/atrangi-document-workspace/app/build/intermediates/merged_res/debug/mergeDebugResources/values-sk_values-sk.arsc.flat
Compiling XML table /home/runner/work/atrangi-document-workspace/atrangi-document-workspace/app/build/intermediates/incremental/debug/mergeDebugResources/merged.dir/values-sr/values-sr.xml to /home/runner/work/atrangi-document-workspace/atrangi-document-workspace/app/build/intermediates/merged_res/debug/mergeDebugResources/values-sr_values-sr.arsc.flat
Compiling XML table /home/runner/work/atrangi-document-workspace/atrangi-document-workspace/app/build/intermediates/incremental/debug/mergeDebugResources/merged.dir/values-kn/values-kn.xml to /home/runner/work/atrangi-document-workspace/atrangi-document-workspace/app/build/intermediates/merged_res/debug/mergeDebugResources/values-kn_values-kn.arsc.flat
Compiling XML table /home/runner/work/atrangi-document-workspace/atrangi-document-workspace/app/build/intermediates/incremental/debug/mergeDebugResources/merged.dir/values-ky/values-ky.xml to /home/runner/work/atrangi-document-workspace/atrangi-document-workspace/app/build/intermediates/merged_res/debug/mergeDebugResources/values-ky_values-ky.arsc.flat
Compiling XML table /home/runner/work/atrangi-document-workspace/atrangi-document-workspace/app/build/intermediates/incremental/debug/mergeDebugResources/merged.dir/values-te/values-te.xml to /home/runner/work/atrangi-document-workspace/atrangi-document-workspace/app/build/intermediates/merged_res/debug/mergeDebugResources/values-te_values-te.arsc.flat
Compiling XML table /home/runner/work/atrangi-document-workspace/atrangi-document-workspace/app/build/intermediates/incremental/debug/mergeDebugResources/merged.dir/values-da/values-da.xml to /home/runner/work/atrangi-document-workspace/atrangi-document-workspace/app/build/intermediates/merged_res/debug/mergeDebugResources/values-da_values-da.arsc.flat
Compiling XML table /home/runner/work/atrangi-document-workspace/atrangi-document-workspace/app/build/intermediates/incremental/debug/mergeDebugResources/merged.dir/values-lo/values-lo.xml to /home/runner/work/atrangi-document-workspace/atrangi-document-workspace/app/build/intermediates/merged_res/debug/mergeDebugResources/values-lo_values-lo.arsc.flat
Compiling XML table /home/runner/work/atrangi-document-workspace/atrangi-document-workspace/app/build/intermediates/incremental/debug/mergeDebugResources/merged.dir/values-uk/values-uk.xml to /home/runner/work/atrangi-document-workspace/atrangi-document-workspace/app/build/intermediates/merged_res/debug/mergeDebugResources/values-uk_values-uk.arsc.flat
Compiling XML table /home/runner/work/atrangi-document-workspace/atrangi-document-workspace/app/build/intermediates/incremental/debug/mergeDebugResources/merged.dir/values-mn/values-mn.xml to /home/runner/work/atrangi-document-workspace/atrangi-document-workspace/app/build/intermediates/merged_res/debug/mergeDebugResources/values-mn_values-mn.arsc.flat
Compiling XML table /home/runner/work/atrangi-document-workspace/atrangi-document-workspace/app/build/intermediates/incremental/debug/mergeDebugResources/merged.dir/values-ms/values-ms.xml to /home/runner/work/atrangi-document-workspace/atrangi-document-workspace/app/build/intermediates/merged_res/debug/mergeDebugResources/values-ms_values-ms.arsc.flat
Compiling XML table /home/runner/work/atrangi-document-workspace/atrangi-document-workspace/app/build/intermediates/incremental/debug/mergeDebugResources/merged.dir/values-es/values-es.xml to /home/runner/work/atrangi-document-workspace/atrangi-document-workspace/app/build/intermediates/merged_res/debug/mergeDebugResources/values-es_values-es.arsc.flat
Compiling XML table /home/runner/work/atrangi-document-workspace/atrangi-document-workspace/app/build/intermediates/incremental/debug/mergeDebugResources/merged.dir/values-nb/values-nb.xml to /home/runner/work/atrangi-document-workspace/atrangi-document-workspace/app/build/intermediates/merged_res/debug/mergeDebugResources/values-nb_values-nb.arsc.flat
Compiling XML table /home/runner/work/atrangi-document-workspace/atrangi-document-workspace/app/build/intermediates/incremental/debug/mergeDebugResources/merged.dir/values-fa/values-fa.xml to /home/runner/work/atrangi-document-workspace/atrangi-document-workspace/app/build/intermediates/merged_res/debug/mergeDebugResources/values-fa_values-fa.arsc.flat
Compiling XML table /home/runner/work/atrangi-document-workspace/atrangi-document-workspace/app/build/intermediates/incremental/debug/mergeDebugResources/merged.dir/values-en-rXC/values-en-rXC.xml to /home/runner/work/atrangi-document-workspace/atrangi-document-workspace/app/build/intermediates/merged_res/debug/mergeDebugResources/values-en-rXC_values-en-rXC.arsc.flat
Compiling XML table /home/runner/work/atrangi-document-workspace/atrangi-document-workspace/app/build/intermediates/incremental/debug/mergeDebugResources/merged.dir/values-en-rGB/values-en-rGB.xml to /home/runner/work/atrangi-document-workspace/atrangi-document-workspace/app/build/intermediates/merged_res/debug/mergeDebugResources/values-en-rGB_values-en-rGB.arsc.flat
Compiling XML table /home/runner/work/atrangi-document-workspace/atrangi-document-workspace/app/build/intermediates/incremental/debug/mergeDebugResources/merged.dir/values-gu/values-gu.xml to /home/runner/work/atrangi-document-workspace/atrangi-document-workspace/app/build/intermediates/merged_res/debug/mergeDebugResources/values-gu_values-gu.arsc.flat
Compiling xml file /home/runner/work/atrangi-document-workspace/atrangi-document-workspace/app/src/main/res/drawable/ic_launcher_foreground.xml to /home/runner/work/atrangi-document-workspace/atrangi-document-workspace/app/build/intermediates/merged_res/debug/mergeDebugResources/drawable_ic_launcher_foreground.xml.flat
Resolve mutations for :app:createDebugCompatibleScreenManifests (Thread[Execution worker Thread 3,5,main]) started.
:app:createDebugCompatibleScreenManifests (Thread[Execution worker Thread 3,5,main]) started.

> Task :app:createDebugCompatibleScreenManifests
Caching disabled for task ':app:createDebugCompatibleScreenManifests' because:
  Build cache is disabled
  Caching has been disabled for the task
Task ':app:createDebugCompatibleScreenManifests' is not up-to-date because:
  No history is available.
Resolve mutations for :app:extractDeepLinksDebug (Thread[Execution worker Thread 3,5,main]) started.
:app:extractDeepLinksDebug (Thread[Execution worker Thread 3,5,main]) started.

> Task :app:extractDeepLinksDebug
Caching disabled for task ':app:extractDeepLinksDebug' because:
  Build cache is disabled
Task ':app:extractDeepLinksDebug' is not up-to-date because:
  No history is available.
Resolve mutations for :app:processDebugMainManifest (Thread[Execution worker Thread 3,5,main]) started.
:app:processDebugMainManifest (Thread[Execution worker Thread 3,5,main]) started.

> Task :app:parseDebugLocalResources
Transforming android.jar with PlatformAttrTransform
Transforming android.jar with PlatformAttrTransform
Caching disabled for task ':app:parseDebugLocalResources' because:
  Build cache is disabled
Task ':app:parseDebugLocalResources' is not up-to-date because:
  No history is available.
The input changes require a full rebuild for incremental task ':app:parseDebugLocalResources'.
Transforming android.jar with PlatformAttrTransform

> Task :app:processDebugMainManifest
Transforming appcompat-resources-1.7.0.aar (androidx.appcompat:appcompat-resources:1.7.0) with ExtractAarTransform
Transforming appcompat-resources-1.7.0.aar (androidx.appcompat:appcompat-resources:1.7.0) with AarTransform
Transforming appcompat-1.7.0.aar (androidx.appcompat:appcompat:1.7.0) with ExtractAarTransform
Transforming appcompat-1.7.0.aar (androidx.appcompat:appcompat:1.7.0) with AarTransform
Transforming webkit-1.12.1.aar (androidx.webkit:webkit:1.12.1) with ExtractAarTransform
Transforming webkit-1.12.1.aar (androidx.webkit:webkit:1.12.1) with AarTransform
Transforming drawerlayout-1.0.0.aar (androidx.drawerlayout:drawerlayout:1.0.0) with ExtractAarTransform
Transforming drawerlayout-1.0.0.aar (androidx.drawerlayout:drawerlayout:1.0.0) with AarTransform
Transforming emoji2-views-helper-1.3.0.aar (androidx.emoji2:emoji2-views-helper:1.3.0) with ExtractAarTransform
Transforming emoji2-views-helper-1.3.0.aar (androidx.emoji2:emoji2-views-helper:1.3.0) with AarTransform
Transforming emoji2-1.3.0.aar (androidx.emoji2:emoji2:1.3.0) with ExtractAarTransform
Transforming emoji2-1.3.0.aar (androidx.emoji2:emoji2:1.3.0) with AarTransform
Transforming work-runtime-ktx-2.10.1.aar (androidx.work:work-runtime-ktx:2.10.1) with ExtractAarTransform
Transforming work-runtime-ktx-2.10.1.aar (androidx.work:work-runtime-ktx:2.10.1) with AarTransform
Transforming work-runtime-2.10.1.aar (androidx.work:work-runtime:2.10.1) with ExtractAarTransform
Transforming work-runtime-2.10.1.aar (androidx.work:work-runtime:2.10.1) with AarTransform
Transforming vectordrawable-animated-1.1.0.aar (androidx.vectordrawable:vectordrawable-animated:1.1.0) with ExtractAarTransform
Transforming vectordrawable-animated-1.1.0.aar (androidx.vectordrawable:vectordrawable-animated:1.1.0) with AarTransform
Transforming vectordrawable-1.1.0.aar (androidx.vectordrawable:vectordrawable:1.1.0) with ExtractAarTransform
Transforming vectordrawable-1.1.0.aar (androidx.vectordrawable:vectordrawable:1.1.0) with AarTransform
Transforming vectordrawable-1.1.0.aar (androidx.vectordrawable:vectordrawable:1.1.0) with ExtractAarTransform
Transforming vectordrawable-1.1.0.aar (androidx.vectordrawable:vectordrawable:1.1.0) with AarTransform
Transforming fragment-1.5.4.aar (androidx.fragment:fragment:1.5.4) with ExtractAarTransform
Transforming fragment-1.5.4.aar (androidx.fragment:fragment:1.5.4) with AarTransform
Transforming viewpager-1.0.0.aar (androidx.viewpager:viewpager:1.0.0) with ExtractAarTransform
Transforming viewpager-1.0.0.aar (androidx.viewpager:viewpager:1.0.0) with AarTransform
Transforming customview-1.0.0.aar (androidx.customview:customview:1.0.0) with ExtractAarTransform
Transforming customview-1.0.0.aar (androidx.customview:customview:1.0.0) with AarTransform
Transforming customview-1.0.0.aar (androidx.customview:customview:1.0.0) with ExtractAarTransform
Transforming customview-1.0.0.aar (androidx.customview:customview:1.0.0) with AarTransform
Transforming loader-1.0.0.aar (androidx.loader:loader:1.0.0) with ExtractAarTransform
Transforming loader-1.0.0.aar (androidx.loader:loader:1.0.0) with AarTransform
Transforming core-1.15.0.aar (androidx.core:core:1.15.0) with ExtractAarTransform
Transforming core-1.15.0.aar (androidx.core:core:1.15.0) with AarTransform
Transforming core-1.15.0.aar (androidx.core:core:1.15.0) with ExtractAarTransform
Transforming core-1.15.0.aar (androidx.core:core:1.15.0) with AarTransform
Transforming core-1.15.0.aar (androidx.core:core:1.15.0) with ExtractAarTransform
Transforming core-1.15.0.aar (androidx.core:core:1.15.0) with AarTransform
Transforming core-1.15.0.aar (androidx.core:core:1.15.0) with ExtractAarTransform
Transforming core-1.15.0.aar (androidx.core:core:1.15.0) with AarTransform
Transforming core-1.15.0.aar (androidx.core:core:1.15.0) with ExtractAarTransform
Transforming core-1.15.0.aar (androidx.core:core:1.15.0) with AarTransform
Transforming core-1.15.0.aar (androidx.core:core:1.15.0) with ExtractAarTransform
Transforming core-1.15.0.aar (androidx.core:core:1.15.0) with AarTransform
Transforming activity-ktx-1.10.0.aar (androidx.activity:activity-ktx:1.10.0) with ExtractAarTransform
Transforming activity-ktx-1.10.0.aar (androidx.activity:activity-ktx:1.10.0) with AarTransform
Transforming activity-1.10.0.aar (androidx.activity:activity:1.10.0) with ExtractAarTransform
Transforming activity-1.10.0.aar (androidx.activity:activity:1.10.0) with AarTransform
Transforming savedstate-ktx-1.2.1.aar (androidx.savedstate:savedstate-ktx:1.2.1) with ExtractAarTransform
Transforming savedstate-ktx-1.2.1.aar (androidx.savedstate:savedstate-ktx:1.2.1) with AarTransform
Transforming savedstate-1.2.1.aar (androidx.savedstate:savedstate:1.2.1) with ExtractAarTransform
Transforming savedstate-1.2.1.aar (androidx.savedstate:savedstate:1.2.1) with AarTransform
Transforming lifecycle-viewmodel-ktx-2.6.2.aar (androidx.lifecycle:lifecycle-viewmodel-ktx:2.6.2) with ExtractAarTransform
Transforming lifecycle-viewmodel-ktx-2.6.2.aar (androidx.lifecycle:lifecycle-viewmodel-ktx:2.6.2) with AarTransform
Transforming lifecycle-viewmodel-2.6.2.aar (androidx.lifecycle:lifecycle-viewmodel:2.6.2) with ExtractAarTransform
Transforming lifecycle-viewmodel-2.6.2.aar (androidx.lifecycle:lifecycle-viewmodel:2.6.2) with AarTransform
Transforming lifecycle-viewmodel-2.6.2.aar (androidx.lifecycle:lifecycle-viewmodel:2.6.2) with ExtractAarTransform
Transforming lifecycle-viewmodel-2.6.2.aar (androidx.lifecycle:lifecycle-viewmodel:2.6.2) with AarTransform
Transforming lifecycle-runtime-ktx-2.6.2.aar (androidx.lifecycle:lifecycle-runtime-ktx:2.6.2) with ExtractAarTransform
Transforming lifecycle-runtime-ktx-2.6.2.aar (androidx.lifecycle:lifecycle-runtime-ktx:2.6.2) with AarTransform
Transforming lifecycle-process-2.6.2.aar (androidx.lifecycle:lifecycle-process:2.6.2) with ExtractAarTransform
Transforming lifecycle-process-2.6.2.aar (androidx.lifecycle:lifecycle-process:2.6.2) with AarTransform
Transforming lifecycle-livedata-core-2.6.2.aar (androidx.lifecycle:lifecycle-livedata-core:2.6.2) with ExtractAarTransform
Transforming lifecycle-livedata-core-2.6.2.aar (androidx.lifecycle:lifecycle-livedata-core:2.6.2) with AarTransform
Transforming lifecycle-service-2.6.2.aar (androidx.lifecycle:lifecycle-service:2.6.2) with ExtractAarTransform
Transforming lifecycle-service-2.6.2.aar (androidx.lifecycle:lifecycle-service:2.6.2) with AarTransform
Transforming lifecycle-livedata-2.6.2.aar (androidx.lifecycle:lifecycle-livedata:2.6.2) with ExtractAarTransform
Transforming lifecycle-livedata-2.6.2.aar (androidx.lifecycle:lifecycle-livedata:2.6.2) with AarTransform
Transforming lifecycle-livedata-2.6.2.aar (androidx.lifecycle:lifecycle-livedata:2.6.2) with ExtractAarTransform
Transforming lifecycle-livedata-2.6.2.aar (androidx.lifecycle:lifecycle-livedata:2.6.2) with AarTransform
Transforming lifecycle-runtime-2.6.2.aar (androidx.lifecycle:lifecycle-runtime:2.6.2) with ExtractAarTransform
Transforming lifecycle-runtime-2.6.2.aar (androidx.lifecycle:lifecycle-runtime:2.6.2) with AarTransform
Transforming lifecycle-viewmodel-savedstate-2.6.2.aar (androidx.lifecycle:lifecycle-viewmodel-savedstate:2.6.2) with ExtractAarTransform
Transforming lifecycle-viewmodel-savedstate-2.6.2.aar (androidx.lifecycle:lifecycle-viewmodel-savedstate:2.6.2) with AarTransform
Transforming core-ktx-1.15.0.aar (androidx.core:core-ktx:1.15.0) with ExtractAarTransform
Transforming core-ktx-1.15.0.aar (androidx.core:core-ktx:1.15.0) with AarTransform
Transforming room-ktx-2.6.1.aar (androidx.room:room-ktx:2.6.1) with ExtractAarTransform
Transforming room-ktx-2.6.1.aar (androidx.room:room-ktx:2.6.1) with AarTransform
Transforming room-runtime-2.6.1.aar (androidx.room:room-runtime:2.6.1) with ExtractAarTransform
Transforming room-runtime-2.6.1.aar (androidx.room:room-runtime:2.6.1) with AarTransform
Transforming annotation-experimental-1.4.1.aar (androidx.annotation:annotation-experimental:1.4.1) with ExtractAarTransform
Transforming annotation-experimental-1.4.1.aar (androidx.annotation:annotation-experimental:1.4.1) with AarTransform
Transforming cursoradapter-1.0.0.aar (androidx.cursoradapter:cursoradapter:1.0.0) with ExtractAarTransform
Transforming cursoradapter-1.0.0.aar (androidx.cursoradapter:cursoradapter:1.0.0) with AarTransform
Transforming interpolator-1.0.0.aar (androidx.interpolator:interpolator:1.0.0) with ExtractAarTransform
Transforming interpolator-1.0.0.aar (androidx.interpolator:interpolator:1.0.0) with AarTransform
Transforming interpolator-1.0.0.aar (androidx.interpolator:interpolator:1.0.0) with ExtractAarTransform
Transforming interpolator-1.0.0.aar (androidx.interpolator:interpolator:1.0.0) with AarTransform
Transforming profileinstaller-1.4.0.aar (androidx.profileinstaller:profileinstaller:1.4.0) with ExtractAarTransform
Transforming profileinstaller-1.4.0.aar (androidx.profileinstaller:profileinstaller:1.4.0) with AarTransform
Transforming startup-runtime-1.1.1.aar (androidx.startup:startup-runtime:1.1.1) with ExtractAarTransform
Transforming startup-runtime-1.1.1.aar (androidx.startup:startup-runtime:1.1.1) with AarTransform
Transforming tracing-ktx-1.2.0.aar (androidx.tracing:tracing-ktx:1.2.0) with ExtractAarTransform
Transforming tracing-ktx-1.2.0.aar (androidx.tracing:tracing-ktx:1.2.0) with AarTransform
Transforming tracing-1.2.0.aar (androidx.tracing:tracing:1.2.0) with ExtractAarTransform
Transforming tracing-1.2.0.aar (androidx.tracing:tracing:1.2.0) with AarTransform
Transforming versionedparcelable-1.1.1.aar (androidx.versionedparcelable:versionedparcelable:1.1.1) with ExtractAarTransform
Transforming versionedparcelable-1.1.1.aar (androidx.versionedparcelable:versionedparcelable:1.1.1) with AarTransform
Transforming core-runtime-2.2.0.aar (androidx.arch.core:core-runtime:2.2.0) with ExtractAarTransform
Transforming core-runtime-2.2.0.aar (androidx.arch.core:core-runtime:2.2.0) with AarTransform
Transforming sqlite-framework-2.4.0.aar (androidx.sqlite:sqlite-framework:2.4.0) with ExtractAarTransform
Transforming sqlite-framework-2.4.0.aar (androidx.sqlite:sqlite-framework:2.4.0) with AarTransform
Transforming sqlite-2.4.0.aar (androidx.sqlite:sqlite:2.4.0) with ExtractAarTransform
Transforming sqlite-2.4.0.aar (androidx.sqlite:sqlite:2.4.0) with AarTransform
Transforming appcompat-resources-1.7.0.aar (androidx.appcompat:appcompat-resources:1.7.0) with ExtractAarTransform
Transforming appcompat-resources-1.7.0.aar (androidx.appcompat:appcompat-resources:1.7.0) with AarTransform
Transforming appcompat-1.7.0.aar (androidx.appcompat:appcompat:1.7.0) with ExtractAarTransform
Transforming appcompat-1.7.0.aar (androidx.appcompat:appcompat:1.7.0) with AarTransform
Transforming webkit-1.12.1.aar (androidx.webkit:webkit:1.12.1) with ExtractAarTransform
Transforming webkit-1.12.1.aar (androidx.webkit:webkit:1.12.1) with AarTransform
Transforming drawerlayout-1.0.0.aar (androidx.drawerlayout:drawerlayout:1.0.0) with ExtractAarTransform
Transforming drawerlayout-1.0.0.aar (androidx.drawerlayout:drawerlayout:1.0.0) with AarTransform
Transforming emoji2-views-helper-1.3.0.aar (androidx.emoji2:emoji2-views-helper:1.3.0) with ExtractAarTransform
Transforming emoji2-views-helper-1.3.0.aar (androidx.emoji2:emoji2-views-helper:1.3.0) with AarTransform
Transforming emoji2-1.3.0.aar (androidx.emoji2:emoji2:1.3.0) with ExtractAarTransform
Transforming emoji2-1.3.0.aar (androidx.emoji2:emoji2:1.3.0) with AarTransform
Transforming work-runtime-ktx-2.10.1.aar (androidx.work:work-runtime-ktx:2.10.1) with ExtractAarTransform
Transforming work-runtime-ktx-2.10.1.aar (androidx.work:work-runtime-ktx:2.10.1) with AarTransform
Transforming work-runtime-2.10.1.aar (androidx.work:work-runtime:2.10.1) with ExtractAarTransform
Transforming work-runtime-2.10.1.aar (androidx.work:work-runtime:2.10.1) with AarTransform
Transforming vectordrawable-animated-1.1.0.aar (androidx.vectordrawable:vectordrawable-animated:1.1.0) with ExtractAarTransform
Transforming vectordrawable-animated-1.1.0.aar (androidx.vectordrawable:vectordrawable-animated:1.1.0) with AarTransform
Transforming vectordrawable-1.1.0.aar (androidx.vectordrawable:vectordrawable:1.1.0) with ExtractAarTransform
Transforming vectordrawable-1.1.0.aar (androidx.vectordrawable:vectordrawable:1.1.0) with AarTransform
Transforming vectordrawable-1.1.0.aar (androidx.vectordrawable:vectordrawable:1.1.0) with ExtractAarTransform
Transforming vectordrawable-1.1.0.aar (androidx.vectordrawable:vectordrawable:1.1.0) with AarTransform
Transforming fragment-1.5.4.aar (androidx.fragment:fragment:1.5.4) with ExtractAarTransform
Transforming fragment-1.5.4.aar (androidx.fragment:fragment:1.5.4) with AarTransform
Transforming viewpager-1.0.0.aar (androidx.viewpager:viewpager:1.0.0) with ExtractAarTransform
Transforming viewpager-1.0.0.aar (androidx.viewpager:viewpager:1.0.0) with AarTransform
Transforming customview-1.0.0.aar (androidx.customview:customview:1.0.0) with ExtractAarTransform
Transforming customview-1.0.0.aar (androidx.customview:customview:1.0.0) with AarTransform
Transforming customview-1.0.0.aar (androidx.customview:customview:1.0.0) with ExtractAarTransform
Transforming customview-1.0.0.aar (androidx.customview:customview:1.0.0) with AarTransform
Transforming loader-1.0.0.aar (androidx.loader:loader:1.0.0) with ExtractAarTransform
Transforming loader-1.0.0.aar (androidx.loader:loader:1.0.0) with AarTransform
Transforming core-1.15.0.aar (androidx.core:core:1.15.0) with ExtractAarTransform
Transforming core-1.15.0.aar (androidx.core:core:1.15.0) with AarTransform
Transforming core-1.15.0.aar (androidx.core:core:1.15.0) with ExtractAarTransform
Transforming core-1.15.0.aar (androidx.core:core:1.15.0) with AarTransform
Transforming core-1.15.0.aar (androidx.core:core:1.15.0) with ExtractAarTransform
Transforming core-1.15.0.aar (androidx.core:core:1.15.0) with AarTransform
Transforming core-1.15.0.aar (androidx.core:core:1.15.0) with ExtractAarTransform
Transforming core-1.15.0.aar (androidx.core:core:1.15.0) with AarTransform
Transforming core-1.15.0.aar (androidx.core:core:1.15.0) with ExtractAarTransform
Transforming core-1.15.0.aar (androidx.core:core:1.15.0) with AarTransform
Transforming core-1.15.0.aar (androidx.core:core:1.15.0) with ExtractAarTransform
Transforming core-1.15.0.aar (androidx.core:core:1.15.0) with AarTransform
Transforming activity-ktx-1.10.0.aar (androidx.activity:activity-ktx:1.10.0) with ExtractAarTransform
Transforming activity-ktx-1.10.0.aar (androidx.activity:activity-ktx:1.10.0) with AarTransform
Transforming activity-1.10.0.aar (androidx.activity:activity:1.10.0) with ExtractAarTransform
Transforming activity-1.10.0.aar (androidx.activity:activity:1.10.0) with AarTransform
Transforming savedstate-ktx-1.2.1.aar (androidx.savedstate:savedstate-ktx:1.2.1) with ExtractAarTransform
Transforming savedstate-ktx-1.2.1.aar (androidx.savedstate:savedstate-ktx:1.2.1) with AarTransform
Transforming savedstate-1.2.1.aar (androidx.savedstate:savedstate:1.2.1) with ExtractAarTransform
Transforming savedstate-1.2.1.aar (androidx.savedstate:savedstate:1.2.1) with AarTransform
Transforming lifecycle-viewmodel-ktx-2.6.2.aar (androidx.lifecycle:lifecycle-viewmodel-ktx:2.6.2) with ExtractAarTransform
Transforming lifecycle-viewmodel-ktx-2.6.2.aar (androidx.lifecycle:lifecycle-viewmodel-ktx:2.6.2) with AarTransform
Transforming lifecycle-viewmodel-2.6.2.aar (androidx.lifecycle:lifecycle-viewmodel:2.6.2) with ExtractAarTransform
Transforming lifecycle-viewmodel-2.6.2.aar (androidx.lifecycle:lifecycle-viewmodel:2.6.2) with AarTransform
Transforming lifecycle-viewmodel-2.6.2.aar (androidx.lifecycle:lifecycle-viewmodel:2.6.2) with ExtractAarTransform
Transforming lifecycle-viewmodel-2.6.2.aar (androidx.lifecycle:lifecycle-viewmodel:2.6.2) with AarTransform
Transforming lifecycle-runtime-ktx-2.6.2.aar (androidx.lifecycle:lifecycle-runtime-ktx:2.6.2) with ExtractAarTransform
Transforming lifecycle-runtime-ktx-2.6.2.aar (androidx.lifecycle:lifecycle-runtime-ktx:2.6.2) with AarTransform
Transforming lifecycle-process-2.6.2.aar (androidx.lifecycle:lifecycle-process:2.6.2) with ExtractAarTransform
Transforming lifecycle-process-2.6.2.aar (androidx.lifecycle:lifecycle-process:2.6.2) with AarTransform
Transforming lifecycle-livedata-core-2.6.2.aar (androidx.lifecycle:lifecycle-livedata-core:2.6.2) with ExtractAarTransform
Transforming lifecycle-livedata-core-2.6.2.aar (androidx.lifecycle:lifecycle-livedata-core:2.6.2) with AarTransform
Transforming lifecycle-service-2.6.2.aar (androidx.lifecycle:lifecycle-service:2.6.2) with ExtractAarTransform
Transforming lifecycle-service-2.6.2.aar (androidx.lifecycle:lifecycle-service:2.6.2) with AarTransform
Transforming lifecycle-livedata-2.6.2.aar (androidx.lifecycle:lifecycle-livedata:2.6.2) with ExtractAarTransform
Transforming lifecycle-livedata-2.6.2.aar (androidx.lifecycle:lifecycle-livedata:2.6.2) with AarTransform
Transforming lifecycle-livedata-2.6.2.aar (androidx.lifecycle:lifecycle-livedata:2.6.2) with ExtractAarTransform
Transforming lifecycle-livedata-2.6.2.aar (androidx.lifecycle:lifecycle-livedata:2.6.2) with AarTransform
Transforming lifecycle-runtime-2.6.2.aar (androidx.lifecycle:lifecycle-runtime:2.6.2) with ExtractAarTransform
Transforming lifecycle-runtime-2.6.2.aar (androidx.lifecycle:lifecycle-runtime:2.6.2) with AarTransform
Transforming lifecycle-viewmodel-savedstate-2.6.2.aar (androidx.lifecycle:lifecycle-viewmodel-savedstate:2.6.2) with ExtractAarTransform
Transforming lifecycle-viewmodel-savedstate-2.6.2.aar (androidx.lifecycle:lifecycle-viewmodel-savedstate:2.6.2) with AarTransform
Transforming core-ktx-1.15.0.aar (androidx.core:core-ktx:1.15.0) with ExtractAarTransform
Transforming core-ktx-1.15.0.aar (androidx.core:core-ktx:1.15.0) with AarTransform
Transforming room-ktx-2.6.1.aar (androidx.room:room-ktx:2.6.1) with ExtractAarTransform
Transforming room-ktx-2.6.1.aar (androidx.room:room-ktx:2.6.1) with AarTransform
Transforming room-runtime-2.6.1.aar (androidx.room:room-runtime:2.6.1) with ExtractAarTransform
Transforming room-runtime-2.6.1.aar (androidx.room:room-runtime:2.6.1) with AarTransform
Transforming annotation-experimental-1.4.1.aar (androidx.annotation:annotation-experimental:1.4.1) with ExtractAarTransform
Transforming annotation-experimental-1.4.1.aar (androidx.annotation:annotation-experimental:1.4.1) with AarTransform
Transforming cursoradapter-1.0.0.aar (androidx.cursoradapter:cursoradapter:1.0.0) with ExtractAarTransform
Transforming cursoradapter-1.0.0.aar (androidx.cursoradapter:cursoradapter:1.0.0) with AarTransform
Transforming interpolator-1.0.0.aar (androidx.interpolator:interpolator:1.0.0) with ExtractAarTransform
Transforming interpolator-1.0.0.aar (androidx.interpolator:interpolator:1.0.0) with AarTransform
Transforming interpolator-1.0.0.aar (androidx.interpolator:interpolator:1.0.0) with ExtractAarTransform
Transforming interpolator-1.0.0.aar (androidx.interpolator:interpolator:1.0.0) with AarTransform
Transforming profileinstaller-1.4.0.aar (androidx.profileinstaller:profileinstaller:1.4.0) with ExtractAarTransform
Transforming profileinstaller-1.4.0.aar (androidx.profileinstaller:profileinstaller:1.4.0) with AarTransform
Transforming startup-runtime-1.1.1.aar (androidx.startup:startup-runtime:1.1.1) with ExtractAarTransform
Transforming startup-runtime-1.1.1.aar (androidx.startup:startup-runtime:1.1.1) with AarTransform
Transforming tracing-ktx-1.2.0.aar (androidx.tracing:tracing-ktx:1.2.0) with ExtractAarTransform
Transforming tracing-ktx-1.2.0.aar (androidx.tracing:tracing-ktx:1.2.0) with AarTransform
Transforming tracing-1.2.0.aar (androidx.tracing:tracing:1.2.0) with ExtractAarTransform
Transforming tracing-1.2.0.aar (androidx.tracing:tracing:1.2.0) with AarTransform
Transforming versionedparcelable-1.1.1.aar (androidx.versionedparcelable:versionedparcelable:1.1.1) with ExtractAarTransform
Transforming versionedparcelable-1.1.1.aar (androidx.versionedparcelable:versionedparcelable:1.1.1) with AarTransform
Transforming core-runtime-2.2.0.aar (androidx.arch.core:core-runtime:2.2.0) with ExtractAarTransform
Transforming core-runtime-2.2.0.aar (androidx.arch.core:core-runtime:2.2.0) with AarTransform
Transforming sqlite-framework-2.4.0.aar (androidx.sqlite:sqlite-framework:2.4.0) with ExtractAarTransform
Transforming sqlite-framework-2.4.0.aar (androidx.sqlite:sqlite-framework:2.4.0) with AarTransform
Transforming sqlite-2.4.0.aar (androidx.sqlite:sqlite:2.4.0) with ExtractAarTransform
Transforming sqlite-2.4.0.aar (androidx.sqlite:sqlite:2.4.0) with AarTransform
Caching disabled for task ':app:processDebugMainManifest' because:
  Build cache is disabled
Task ':app:processDebugMainManifest' is not up-to-date because:
  No history is available.
Loading library manifest /home/runner/.gradle/caches/8.9/transforms/e9a7a4a42f17411a1dd7d1be9c014d85/transformed/appcompat-resources-1.7.0/AndroidManifest.xml
Loading library manifest /home/runner/.gradle/caches/8.9/transforms/b6c5e032a003934e4adfaba9fa53f2ca/transformed/appcompat-1.7.0/AndroidManifest.xml
Loading library manifest /home/runner/.gradle/caches/8.9/transforms/1d36d9e5e957292c8b706821bfb09eaa/transformed/webkit-1.12.1/AndroidManifest.xml
Loading library manifest /home/runner/.gradle/caches/8.9/transforms/72e01d2ab715c080017e4a86f2f7a30c/transformed/drawerlayout-1.0.0/AndroidManifest.xml
Loading library manifest /home/runner/.gradle/caches/8.9/transforms/09dab12067ae5e687a571bd5f6042b9b/transformed/emoji2-views-helper-1.3.0/AndroidManifest.xml
Loading library manifest /home/runner/.gradle/caches/8.9/transforms/268b965e38ac6c3d7965eb62437bdecd/transformed/emoji2-1.3.0/AndroidManifest.xml
Loading library manifest /home/runner/.gradle/caches/8.9/transforms/ec9b41ecd5e9d4233183cf4f34c73e15/transformed/work-runtime-ktx-2.10.1/AndroidManifest.xml
Loading library manifest /home/runner/.gradle/caches/8.9/transforms/ce78e009b94485cfad49cd03827868e2/transformed/work-runtime-2.10.1/AndroidManifest.xml
Loading library manifest /home/runner/.gradle/caches/8.9/transforms/aeb5dc1fa50d7fd5ad4b24e5ffb01195/transformed/vectordrawable-animated-1.1.0/AndroidManifest.xml
Loading library manifest /home/runner/.gradle/caches/8.9/transforms/a11e986323428b19667708acf20f853e/transformed/vectordrawable-1.1.0/AndroidManifest.xml
Loading library manifest /home/runner/.gradle/caches/8.9/transforms/3ef5b83b84182fa07a02a7760f4ea29e/transformed/fragment-1.5.4/AndroidManifest.xml
Loading library manifest /home/runner/.gradle/caches/8.9/transforms/82e3b852c4cbbdbebdd3a7d52b466112/transformed/viewpager-1.0.0/AndroidManifest.xml
Loading library manifest /home/runner/.gradle/caches/8.9/transforms/7c1b0c0c2ecf51ea4ac91394b861420a/transformed/customview-1.0.0/AndroidManifest.xml
Loading library manifest /home/runner/.gradle/caches/8.9/transforms/4ba124cf825ccf2a69b2642e44b0efd7/transformed/loader-1.0.0/AndroidManifest.xml
Loading library manifest /home/runner/.gradle/caches/8.9/transforms/3e85dc3a27e7bbf172ac49206d18ddee/transformed/core-1.15.0/AndroidManifest.xml
Loading library manifest /home/runner/.gradle/caches/8.9/transforms/cd67d44dcdfc60f5c4ae87c6e717ecf6/transformed/activity-ktx-1.10.0/AndroidManifest.xml
Loading library manifest /home/runner/.gradle/caches/8.9/transforms/7e284ac97dcfc7585cdcb9f15faa0628/transformed/activity-1.10.0/AndroidManifest.xml
Loading library manifest /home/runner/.gradle/caches/8.9/transforms/0f567c00e87c6397f4b16ead8f418e39/transformed/savedstate-ktx-1.2.1/AndroidManifest.xml
Loading library manifest /home/runner/.gradle/caches/8.9/transforms/6f57d445dc2b7b17599cecc7d5b53684/transformed/savedstate-1.2.1/AndroidManifest.xml
Loading library manifest /home/runner/.gradle/caches/8.9/transforms/c6c97bee31d234e00a41dbd9fe022319/transformed/lifecycle-viewmodel-ktx-2.6.2/AndroidManifest.xml
Loading library manifest /home/runner/.gradle/caches/8.9/transforms/1ccb3f3e0d6c941de3653f71b709c6a9/transformed/lifecycle-viewmodel-2.6.2/AndroidManifest.xml
Loading library manifest /home/runner/.gradle/caches/8.9/transforms/7db9a3292de151eb7c9d24ab69760d44/transformed/lifecycle-runtime-ktx-2.6.2/AndroidManifest.xml
Loading library manifest /home/runner/.gradle/caches/8.9/transforms/36c498859f8ef032ab3bccbc4ca6ea99/transformed/lifecycle-process-2.6.2/AndroidManifest.xml
Loading library manifest /home/runner/.gradle/caches/8.9/transforms/a8be2a2dcf51c51e5d0f4b3603eab6d1/transformed/lifecycle-livedata-core-2.6.2/AndroidManifest.xml
Loading library manifest /home/runner/.gradle/caches/8.9/transforms/63cd662d31e2ed3366d823482ad9ba14/transformed/lifecycle-service-2.6.2/AndroidManifest.xml
Loading library manifest /home/runner/.gradle/caches/8.9/transforms/82be6f636e89a03bc8c9d6f38d9b06da/transformed/lifecycle-livedata-2.6.2/AndroidManifest.xml
Loading library manifest /home/runner/.gradle/caches/8.9/transforms/2b6cda71f2c63e15028aecb216a7e1e3/transformed/lifecycle-runtime-2.6.2/AndroidManifest.xml
Loading library manifest /home/runner/.gradle/caches/8.9/transforms/04a56cae3c2b4c7f49e206227c7675c6/transformed/lifecycle-viewmodel-savedstate-2.6.2/AndroidManifest.xml
Loading library manifest /home/runner/.gradle/caches/8.9/transforms/3f37bae318e5fc6846a9ad9da520587e/transformed/core-ktx-1.15.0/AndroidManifest.xml
Loading library manifest /home/runner/.gradle/caches/8.9/transforms/0f6b82bb3b7d4986ea5133aaaf3fa829/transformed/room-ktx-2.6.1/AndroidManifest.xml
Loading library manifest /home/runner/.gradle/caches/8.9/transforms/7741a8d18cc956213505dec47fbf329e/transformed/room-runtime-2.6.1/AndroidManifest.xml
Loading library manifest /home/runner/.gradle/caches/8.9/transforms/7ad2e1228cf93c43be30a655159cf03e/transformed/annotation-experimental-1.4.1/AndroidManifest.xml
Loading library manifest /home/runner/.gradle/caches/8.9/transforms/2213357bcfe1cccd41a7e138e013c8cb/transformed/cursoradapter-1.0.0/AndroidManifest.xml
Loading library manifest /home/runner/.gradle/caches/8.9/transforms/0195a668f2992e0f000aa651e7545f49/transformed/interpolator-1.0.0/AndroidManifest.xml
Loading library manifest /home/runner/.gradle/caches/8.9/transforms/19a04c9820552e8deab86a79cc2427e8/transformed/profileinstaller-1.4.0/AndroidManifest.xml
Loading library manifest /home/runner/.gradle/caches/8.9/transforms/310728483b1ffcc4b83ed17145c8c204/transformed/startup-runtime-1.1.1/AndroidManifest.xml
Loading library manifest /home/runner/.gradle/caches/8.9/transforms/450ac69ac6ea6c9e1d842bba159fbb98/transformed/tracing-ktx-1.2.0/AndroidManifest.xml
Loading library manifest /home/runner/.gradle/caches/8.9/transforms/91fe2a2a3554b68c83261e567d1a5015/transformed/tracing-1.2.0/AndroidManifest.xml
Loading library manifest /home/runner/.gradle/caches/8.9/transforms/fd3c08c754db485d3bfa1322bd107a61/transformed/versionedparcelable-1.1.1/AndroidManifest.xml
Loading library manifest /home/runner/.gradle/caches/8.9/transforms/7de4202b32b7b584b96361a782a8aa12/transformed/core-runtime-2.2.0/AndroidManifest.xml
Loading library manifest /home/runner/.gradle/caches/8.9/transforms/e4535ce90d9aa12056503aa95fe71582/transformed/sqlite-framework-2.4.0/AndroidManifest.xml
Loading library manifest /home/runner/.gradle/caches/8.9/transforms/d046479da2a42d3033264a9c5595a1fc/transformed/sqlite-2.4.0/AndroidManifest.xml
Merging main manifest /home/runner/work/atrangi-document-workspace/atrangi-document-workspace/app/src/main/AndroidManifest.xml

Merging library manifest /home/runner/.gradle/caches/8.9/transforms/e9a7a4a42f17411a1dd7d1be9c014d85/transformed/appcompat-resources-1.7.0/AndroidManifest.xml
Merging manifest with lower [androidx.appcompat:appcompat-resources:1.7.0] AndroidManifest.xml:2:1-7:12
uses-sdk defined in both files...
Merging uses-sdk with lower [androidx.appcompat:appcompat-resources:1.7.0] AndroidManifest.xml:5:5-44
Merging library manifest /home/runner/.gradle/caches/8.9/transforms/b6c5e032a003934e4adfaba9fa53f2ca/transformed/appcompat-1.7.0/AndroidManifest.xml
Merging manifest with lower [androidx.appcompat:appcompat:1.7.0] AndroidManifest.xml:2:1-7:12
uses-sdk defined in both files...
Merging uses-sdk with lower [androidx.appcompat:appcompat:1.7.0] AndroidManifest.xml:5:5-44
Merging library manifest /home/runner/.gradle/caches/8.9/transforms/1d36d9e5e957292c8b706821bfb09eaa/transformed/webkit-1.12.1/AndroidManifest.xml
Merging manifest with lower [androidx.webkit:webkit:1.12.1] AndroidManifest.xml:2:1-7:12
uses-sdk defined in both files...
Merging uses-sdk with lower [androidx.webkit:webkit:1.12.1] AndroidManifest.xml:5:5-44
Merging library manifest /home/runner/.gradle/caches/8.9/transforms/72e01d2ab715c080017e4a86f2f7a30c/transformed/drawerlayout-1.0.0/AndroidManifest.xml
Merging manifest with lower [androidx.drawerlayout:drawerlayout:1.0.0] AndroidManifest.xml:17:1-22:12
uses-sdk defined in both files...
Merging uses-sdk with lower [androidx.drawerlayout:drawerlayout:1.0.0] AndroidManifest.xml:20:5-44
Merging library manifest /home/runner/.gradle/caches/8.9/transforms/09dab12067ae5e687a571bd5f6042b9b/transformed/emoji2-views-helper-1.3.0/AndroidManifest.xml
Merging manifest with lower [androidx.emoji2:emoji2-views-helper:1.3.0] AndroidManifest.xml:2:1-7:12
uses-sdk defined in both files...
Merging uses-sdk with lower [androidx.emoji2:emoji2-views-helper:1.3.0] AndroidManifest.xml:5:5-44
Merging library manifest /home/runner/.gradle/caches/8.9/transforms/268b965e38ac6c3d7965eb62437bdecd/transformed/emoji2-1.3.0/AndroidManifest.xml
Merging manifest with lower [androidx.emoji2:emoji2:1.3.0] AndroidManifest.xml:17:1-35:12
uses-sdk defined in both files...
Merging uses-sdk with lower [androidx.emoji2:emoji2:1.3.0] AndroidManifest.xml:21:5-44
application defined in both files...
Merging application with lower [androidx.emoji2:emoji2:1.3.0] AndroidManifest.xml:23:5-33:19
Adopted [provider: null]
Merging library manifest /home/runner/.gradle/caches/8.9/transforms/ec9b41ecd5e9d4233183cf4f34c73e15/transformed/work-runtime-ktx-2.10.1/AndroidManifest.xml
Merging manifest with lower [androidx.work:work-runtime-ktx:2.10.1] AndroidManifest.xml:17:1-22:12
uses-sdk defined in both files...
Merging uses-sdk with lower [androidx.work:work-runtime-ktx:2.10.1] AndroidManifest.xml:20:5-44
Merging library manifest /home/runner/.gradle/caches/8.9/transforms/ce78e009b94485cfad49cd03827868e2/transformed/work-runtime-2.10.1/AndroidManifest.xml
Merging manifest with lower [androidx.work:work-runtime:2.10.1] AndroidManifest.xml:17:1-145:12
uses-sdk defined in both files...
Merging uses-sdk with lower [androidx.work:work-runtime:2.10.1] AndroidManifest.xml:21:5-44
Adopted [uses-permission: null]
Adopted [uses-permission: null]
Adopted [uses-permission: null]
Adopted [uses-permission: null]
application defined in both files...
Merging application with lower [androidx.work:work-runtime:2.10.1] AndroidManifest.xml:28:5-143:19
provider#androidx.startup.InitializationProvider defined in both files...
Merging provider#androidx.startup.InitializationProvider with lower [androidx.work:work-runtime:2.10.1] AndroidManifest.xml:29:9-37:20
Adopted [meta-data: null]
Adopted [service: null]
Adopted [service: null]
Adopted [service: null]
Adopted [receiver: null]
Adopted [receiver: null]
Adopted [receiver: null]
Adopted [receiver: null]
Adopted [receiver: null]
Adopted [receiver: null]
Adopted [receiver: null]
Adopted [receiver: null]
Merging library manifest /home/runner/.gradle/caches/8.9/transforms/aeb5dc1fa50d7fd5ad4b24e5ffb01195/transformed/vectordrawable-animated-1.1.0/AndroidManifest.xml
Merging manifest with lower [androidx.vectordrawable:vectordrawable-animated:1.1.0] AndroidManifest.xml:17:1-24:12
uses-sdk defined in both files...
Merging uses-sdk with lower [androidx.vectordrawable:vectordrawable-animated:1.1.0] AndroidManifest.xml:20:5-22:41
Merging library manifest /home/runner/.gradle/caches/8.9/transforms/a11e986323428b19667708acf20f853e/transformed/vectordrawable-1.1.0/AndroidManifest.xml
Merging manifest with lower [androidx.vectordrawable:vectordrawable:1.1.0] AndroidManifest.xml:17:1-24:12
uses-sdk defined in both files...
Merging uses-sdk with lower [androidx.vectordrawable:vectordrawable:1.1.0] AndroidManifest.xml:20:5-22:41
Merging library manifest /home/runner/.gradle/caches/8.9/transforms/3ef5b83b84182fa07a02a7760f4ea29e/transformed/fragment-1.5.4/AndroidManifest.xml
Merging manifest with lower [androidx.fragment:fragment:1.5.4] AndroidManifest.xml:17:1-24:12
uses-sdk defined in both files...
Merging uses-sdk with lower [androidx.fragment:fragment:1.5.4] AndroidManifest.xml:20:5-22:41
Merging library manifest /home/runner/.gradle/caches/8.9/transforms/82e3b852c4cbbdbebdd3a7d52b466112/transformed/viewpager-1.0.0/AndroidManifest.xml
Merging manifest with lower [androidx.viewpager:viewpager:1.0.0] AndroidManifest.xml:17:1-22:12
uses-sdk defined in both files...
Merging uses-sdk with lower [androidx.viewpager:viewpager:1.0.0] AndroidManifest.xml:20:5-44
Merging library manifest /home/runner/.gradle/caches/8.9/transforms/7c1b0c0c2ecf51ea4ac91394b861420a/transformed/customview-1.0.0/AndroidManifest.xml
Merging manifest with lower [androidx.customview:customview:1.0.0] AndroidManifest.xml:17:1-22:12
uses-sdk defined in both files...
Merging uses-sdk with lower [androidx.customview:customview:1.0.0] AndroidManifest.xml:20:5-44
Merging library manifest /home/runner/.gradle/caches/8.9/transforms/4ba124cf825ccf2a69b2642e44b0efd7/transformed/loader-1.0.0/AndroidManifest.xml
Merging manifest with lower [androidx.loader:loader:1.0.0] AndroidManifest.xml:17:1-22:12
uses-sdk defined in both files...
Merging uses-sdk with lower [androidx.loader:loader:1.0.0] AndroidManifest.xml:20:5-44
Merging library manifest /home/runner/.gradle/caches/8.9/transforms/3e85dc3a27e7bbf172ac49206d18ddee/transformed/core-1.15.0/AndroidManifest.xml
Merging manifest with lower [androidx.core:core:1.15.0] AndroidManifest.xml:17:1-30:12
uses-sdk defined in both files...
Merging uses-sdk with lower [androidx.core:core:1.15.0] AndroidManifest.xml:20:5-44
Adopted [permission: null]
Adopted [uses-permission: null]
application defined in both files...
Merging application with lower [androidx.core:core:1.15.0] AndroidManifest.xml:28:5-89
Merging library manifest /home/runner/.gradle/caches/8.9/transforms/cd67d44dcdfc60f5c4ae87c6e717ecf6/transformed/activity-ktx-1.10.0/AndroidManifest.xml
Merging manifest with lower [androidx.activity:activity-ktx:1.10.0] AndroidManifest.xml:2:1-7:12
uses-sdk defined in both files...
Merging uses-sdk with lower [androidx.activity:activity-ktx:1.10.0] AndroidManifest.xml:5:5-44
Merging library manifest /home/runner/.gradle/caches/8.9/transforms/7e284ac97dcfc7585cdcb9f15faa0628/transformed/activity-1.10.0/AndroidManifest.xml
Merging manifest with lower [androidx.activity:activity:1.10.0] AndroidManifest.xml:17:1-22:12
uses-sdk defined in both files...
Merging uses-sdk with lower [androidx.activity:activity:1.10.0] AndroidManifest.xml:20:5-44
Merging library manifest /home/runner/.gradle/caches/8.9/transforms/0f567c00e87c6397f4b16ead8f418e39/transformed/savedstate-ktx-1.2.1/AndroidManifest.xml
Merging manifest with lower [androidx.savedstate:savedstate-ktx:1.2.1] AndroidManifest.xml:17:1-22:12
uses-sdk defined in both files...
Merging uses-sdk with lower [androidx.savedstate:savedstate-ktx:1.2.1] AndroidManifest.xml:20:5-44
Merging library manifest /home/runner/.gradle/caches/8.9/transforms/6f57d445dc2b7b17599cecc7d5b53684/transformed/savedstate-1.2.1/AndroidManifest.xml
Merging manifest with lower [androidx.savedstate:savedstate:1.2.1] AndroidManifest.xml:17:1-22:12
uses-sdk defined in both files...
Merging uses-sdk with lower [androidx.savedstate:savedstate:1.2.1] AndroidManifest.xml:20:5-44
Merging library manifest /home/runner/.gradle/caches/8.9/transforms/c6c97bee31d234e00a41dbd9fe022319/transformed/lifecycle-viewmodel-ktx-2.6.2/AndroidManifest.xml
Merging manifest with lower [androidx.lifecycle:lifecycle-viewmodel-ktx:2.6.2] AndroidManifest.xml:17:1-22:12
uses-sdk defined in both files...
Merging uses-sdk with lower [androidx.lifecycle:lifecycle-viewmodel-ktx:2.6.2] AndroidManifest.xml:20:5-44
Merging library manifest /home/runner/.gradle/caches/8.9/transforms/1ccb3f3e0d6c941de3653f71b709c6a9/transformed/lifecycle-viewmodel-2.6.2/AndroidManifest.xml
Merging manifest with lower [androidx.lifecycle:lifecycle-viewmodel:2.6.2] AndroidManifest.xml:17:1-22:12
uses-sdk defined in both files...
Merging uses-sdk with lower [androidx.lifecycle:lifecycle-viewmodel:2.6.2] AndroidManifest.xml:20:5-44
Merging library manifest /home/runner/.gradle/caches/8.9/transforms/7db9a3292de151eb7c9d24ab69760d44/transformed/lifecycle-runtime-ktx-2.6.2/AndroidManifest.xml
Merging manifest with lower [androidx.lifecycle:lifecycle-runtime-ktx:2.6.2] AndroidManifest.xml:17:1-22:12
uses-sdk defined in both files...
Merging uses-sdk with lower [androidx.lifecycle:lifecycle-runtime-ktx:2.6.2] AndroidManifest.xml:20:5-44
Merging library manifest /home/runner/.gradle/caches/8.9/transforms/36c498859f8ef032ab3bccbc4ca6ea99/transformed/lifecycle-process-2.6.2/AndroidManifest.xml
Merging manifest with lower [androidx.lifecycle:lifecycle-process:2.6.2] AndroidManifest.xml:17:1-35:12
uses-sdk defined in both files...
Merging uses-sdk with lower [androidx.lifecycle:lifecycle-process:2.6.2] AndroidManifest.xml:21:5-44
application defined in both files...
Merging application with lower [androidx.lifecycle:lifecycle-process:2.6.2] AndroidManifest.xml:23:5-33:19
provider#androidx.startup.InitializationProvider defined in both files...
Merging provider#androidx.startup.InitializationProvider with lower [androidx.lifecycle:lifecycle-process:2.6.2] AndroidManifest.xml:24:9-32:20
Adopted [meta-data: null]
Merging library manifest /home/runner/.gradle/caches/8.9/transforms/a8be2a2dcf51c51e5d0f4b3603eab6d1/transformed/lifecycle-livedata-core-2.6.2/AndroidManifest.xml
Merging manifest with lower [androidx.lifecycle:lifecycle-livedata-core:2.6.2] AndroidManifest.xml:17:1-22:12
uses-sdk defined in both files...
Merging uses-sdk with lower [androidx.lifecycle:lifecycle-livedata-core:2.6.2] AndroidManifest.xml:20:5-44
Merging library manifest /home/runner/.gradle/caches/8.9/transforms/63cd662d31e2ed3366d823482ad9ba14/transformed/lifecycle-service-2.6.2/AndroidManifest.xml
Merging manifest with lower [androidx.lifecycle:lifecycle-service:2.6.2] AndroidManifest.xml:17:1-22:12
uses-sdk defined in both files...
Merging uses-sdk with lower [androidx.lifecycle:lifecycle-service:2.6.2] AndroidManifest.xml:20:5-44
Merging library manifest /home/runner/.gradle/caches/8.9/transforms/82be6f636e89a03bc8c9d6f38d9b06da/transformed/lifecycle-livedata-2.6.2/AndroidManifest.xml
Merging manifest with lower [androidx.lifecycle:lifecycle-livedata:2.6.2] AndroidManifest.xml:17:1-22:12
uses-sdk defined in both files...
Merging uses-sdk with lower [androidx.lifecycle:lifecycle-livedata:2.6.2] AndroidManifest.xml:20:5-44
Merging library manifest /home/runner/.gradle/caches/8.9/transforms/2b6cda71f2c63e15028aecb216a7e1e3/transformed/lifecycle-runtime-2.6.2/AndroidManifest.xml
Merging manifest with lower [androidx.lifecycle:lifecycle-runtime:2.6.2] AndroidManifest.xml:2:1-7:12
uses-sdk defined in both files...
Merging uses-sdk with lower [androidx.lifecycle:lifecycle-runtime:2.6.2] AndroidManifest.xml:5:5-44
Merging library manifest /home/runner/.gradle/caches/8.9/transforms/04a56cae3c2b4c7f49e206227c7675c6/transformed/lifecycle-viewmodel-savedstate-2.6.2/AndroidManifest.xml
Merging manifest with lower [androidx.lifecycle:lifecycle-viewmodel-savedstate:2.6.2] AndroidManifest.xml:17:1-22:12
uses-sdk defined in both files...
Merging uses-sdk with lower [androidx.lifecycle:lifecycle-viewmodel-savedstate:2.6.2] AndroidManifest.xml:20:5-44
Merging library manifest /home/runner/.gradle/caches/8.9/transforms/3f37bae318e5fc6846a9ad9da520587e/transformed/core-ktx-1.15.0/AndroidManifest.xml
Merging manifest with lower [androidx.core:core-ktx:1.15.0] AndroidManifest.xml:2:1-7:12
uses-sdk defined in both files...
Merging uses-sdk with lower [androidx.core:core-ktx:1.15.0] AndroidManifest.xml:5:5-44
Merging library manifest /home/runner/.gradle/caches/8.9/transforms/0f6b82bb3b7d4986ea5133aaaf3fa829/transformed/room-ktx-2.6.1/AndroidManifest.xml
Merging manifest with lower [androidx.room:room-ktx:2.6.1] AndroidManifest.xml:17:1-22:12
uses-sdk defined in both files...
Merging uses-sdk with lower [androidx.room:room-ktx:2.6.1] AndroidManifest.xml:20:5-44
Merging library manifest /home/runner/.gradle/caches/8.9/transforms/7741a8d18cc956213505dec47fbf329e/transformed/room-runtime-2.6.1/AndroidManifest.xml
Merging manifest with lower [androidx.room:room-runtime:2.6.1] AndroidManifest.xml:17:1-31:12
uses-sdk defined in both files...
Merging uses-sdk with lower [androidx.room:room-runtime:2.6.1] AndroidManifest.xml:21:5-44
application defined in both files...
Merging application with lower [androidx.room:room-runtime:2.6.1] AndroidManifest.xml:23:5-29:19
Adopted [service: null]
Merging library manifest /home/runner/.gradle/caches/8.9/transforms/7ad2e1228cf93c43be30a655159cf03e/transformed/annotation-experimental-1.4.1/AndroidManifest.xml
Merging manifest with lower [androidx.annotation:annotation-experimental:1.4.1] AndroidManifest.xml:2:1-7:12
uses-sdk defined in both files...
Merging uses-sdk with lower [androidx.annotation:annotation-experimental:1.4.1] AndroidManifest.xml:5:5-44
Merging library manifest /home/runner/.gradle/caches/8.9/transforms/2213357bcfe1cccd41a7e138e013c8cb/transformed/cursoradapter-1.0.0/AndroidManifest.xml
Merging manifest with lower [androidx.cursoradapter:cursoradapter:1.0.0] AndroidManifest.xml:17:1-22:12
uses-sdk defined in both files...
Merging uses-sdk with lower [androidx.cursoradapter:cursoradapter:1.0.0] AndroidManifest.xml:20:5-44
Merging library manifest /home/runner/.gradle/caches/8.9/transforms/0195a668f2992e0f000aa651e7545f49/transformed/interpolator-1.0.0/AndroidManifest.xml
Merging manifest with lower [androidx.interpolator:interpolator:1.0.0] AndroidManifest.xml:17:1-22:12
uses-sdk defined in both files...
Merging uses-sdk with lower [androidx.interpolator:interpolator:1.0.0] AndroidManifest.xml:20:5-44
Merging library manifest /home/runner/.gradle/caches/8.9/transforms/19a04c9820552e8deab86a79cc2427e8/transformed/profileinstaller-1.4.0/AndroidManifest.xml
Merging manifest with lower [androidx.profileinstaller:profileinstaller:1.4.0] AndroidManifest.xml:17:1-55:12
uses-sdk defined in both files...
Merging uses-sdk with lower [androidx.profileinstaller:profileinstaller:1.4.0] AndroidManifest.xml:21:5-44
application defined in both files...
Merging application with lower [androidx.profileinstaller:profileinstaller:1.4.0] AndroidManifest.xml:23:5-53:19
provider#androidx.startup.InitializationProvider defined in both files...
Merging provider#androidx.startup.InitializationProvider with lower [androidx.profileinstaller:profileinstaller:1.4.0] AndroidManifest.xml:24:9-32:20
Adopted [meta-data: null]
Adopted [receiver: null]
Merging library manifest /home/runner/.gradle/caches/8.9/transforms/310728483b1ffcc4b83ed17145c8c204/transformed/startup-runtime-1.1.1/AndroidManifest.xml
Merging manifest with lower [androidx.startup:startup-runtime:1.1.1] AndroidManifest.xml:17:1-33:12
uses-sdk defined in both files...
Merging uses-sdk with lower [androidx.startup:startup-runtime:1.1.1] AndroidManifest.xml:21:5-23:41
application defined in both files...
Merging application with lower [androidx.startup:startup-runtime:1.1.1] AndroidManifest.xml:25:5-31:19
provider#androidx.startup.InitializationProvider defined in both files...
Merging provider#androidx.startup.InitializationProvider with lower [androidx.startup:startup-runtime:1.1.1] AndroidManifest.xml:26:9-30:34
Merging library manifest /home/runner/.gradle/caches/8.9/transforms/450ac69ac6ea6c9e1d842bba159fbb98/transformed/tracing-ktx-1.2.0/AndroidManifest.xml
Merging manifest with lower [androidx.tracing:tracing-ktx:1.2.0] AndroidManifest.xml:17:1-22:12
uses-sdk defined in both files...
Merging uses-sdk with lower [androidx.tracing:tracing-ktx:1.2.0] AndroidManifest.xml:20:5-44
Merging library manifest /home/runner/.gradle/caches/8.9/transforms/91fe2a2a3554b68c83261e567d1a5015/transformed/tracing-1.2.0/AndroidManifest.xml
Merging manifest with lower [androidx.tracing:tracing:1.2.0] AndroidManifest.xml:17:1-22:12
uses-sdk defined in both files...
Merging uses-sdk with lower [androidx.tracing:tracing:1.2.0] AndroidManifest.xml:20:5-44
Merging library manifest /home/runner/.gradle/caches/8.9/transforms/fd3c08c754db485d3bfa1322bd107a61/transformed/versionedparcelable-1.1.1/AndroidManifest.xml
Merging manifest with lower [androidx.versionedparcelable:versionedparcelable:1.1.1] AndroidManifest.xml:17:1-27:12
uses-sdk defined in both files...
Merging uses-sdk with lower [androidx.versionedparcelable:versionedparcelable:1.1.1] AndroidManifest.xml:20:5-22:41
application defined in both files...
Merging application with lower [androidx.versionedparcelable:versionedparcelable:1.1.1] AndroidManifest.xml:24:5-25:19
Merging library manifest /home/runner/.gradle/caches/8.9/transforms/7de4202b32b7b584b96361a782a8aa12/transformed/core-runtime-2.2.0/AndroidManifest.xml
Merging manifest with lower [androidx.arch.core:core-runtime:2.2.0] AndroidManifest.xml:17:1-22:12
uses-sdk defined in both files...
Merging uses-sdk with lower [androidx.arch.core:core-runtime:2.2.0] AndroidManifest.xml:20:5-44
Merging library manifest /home/runner/.gradle/caches/8.9/transforms/e4535ce90d9aa12056503aa95fe71582/transformed/sqlite-framework-2.4.0/AndroidManifest.xml
Merging manifest with lower [androidx.sqlite:sqlite-framework:2.4.0] AndroidManifest.xml:17:1-22:12
uses-sdk defined in both files...
Merging uses-sdk with lower [androidx.sqlite:sqlite-framework:2.4.0] AndroidManifest.xml:20:5-44
Merging library manifest /home/runner/.gradle/caches/8.9/transforms/d046479da2a42d3033264a9c5595a1fc/transformed/sqlite-2.4.0/AndroidManifest.xml
Merging manifest with lower [androidx.sqlite:sqlite:2.4.0] AndroidManifest.xml:17:1-22:12
uses-sdk defined in both files...
Merging uses-sdk with lower [androidx.sqlite:sqlite:2.4.0] AndroidManifest.xml:20:5-44
Merging result: SUCCESS
1<?xml version="1.0" encoding="utf-8"?>
2<manifest xmlns:android="http://schemas.android.com/apk/res/android"
3    package="com.atrangi.documentworkspace"
4    android:versionCode="3"
5    android:versionName="7.1.2" >
6
7    <uses-sdk
8        android:minSdkVersion="24"
9        android:targetSdkVersion="35" />
10
11    <uses-permission android:name="android.permission.INTERNET" />
11-->/home/runner/work/atrangi-document-workspace/atrangi-document-workspace/app/src/main/AndroidManifest.xml:3:5-67
11-->/home/runner/work/atrangi-document-workspace/atrangi-document-workspace/app/src/main/AndroidManifest.xml:3:22-64
12    <uses-permission android:name="android.permission.CAMERA" />
12-->/home/runner/work/atrangi-document-workspace/atrangi-document-workspace/app/src/main/AndroidManifest.xml:4:5-65
12-->/home/runner/work/atrangi-document-workspace/atrangi-document-workspace/app/src/main/AndroidManifest.xml:4:22-62
13    <uses-permission android:name="android.permission.RECORD_AUDIO" />
13-->/home/runner/work/atrangi-document-workspace/atrangi-document-workspace/app/src/main/AndroidManifest.xml:5:5-71
13-->/home/runner/work/atrangi-document-workspace/atrangi-document-workspace/app/src/main/AndroidManifest.xml:5:22-68
14    <uses-permission android:name="android.permission.VIBRATE" />
14-->/home/runner/work/atrangi-document-workspace/atrangi-document-workspace/app/src/main/AndroidManifest.xml:6:5-66
14-->/home/runner/work/atrangi-document-workspace/atrangi-document-workspace/app/src/main/AndroidManifest.xml:6:22-63
15    <uses-permission android:name="android.permission.READ_MEDIA_IMAGES" />
15-->/home/runner/work/atrangi-document-workspace/atrangi-document-workspace/app/src/main/AndroidManifest.xml:7:5-76
15-->/home/runner/work/atrangi-document-workspace/atrangi-document-workspace/app/src/main/AndroidManifest.xml:7:22-73
16    <uses-permission android:name="android.permission.POST_NOTIFICATIONS" />
16-->/home/runner/work/atrangi-document-workspace/atrangi-document-workspace/app/src/main/AndroidManifest.xml:8:5-77
16-->/home/runner/work/atrangi-document-workspace/atrangi-document-workspace/app/src/main/AndroidManifest.xml:8:22-74
17
18    <uses-feature
18-->/home/runner/work/atrangi-document-workspace/atrangi-document-workspace/app/src/main/AndroidManifest.xml:9:5-89
19        android:name="android.hardware.camera.any"
19-->/home/runner/work/atrangi-document-workspace/atrangi-document-workspace/app/src/main/AndroidManifest.xml:9:19-61
20        android:required="false" />
20-->/home/runner/work/atrangi-document-workspace/atrangi-document-workspace/app/src/main/AndroidManifest.xml:9:62-86
21
22    <uses-permission android:name="android.permission.WAKE_LOCK" />
22-->[androidx.work:work-runtime:2.10.1] /home/runner/.gradle/caches/8.9/transforms/ce78e009b94485cfad49cd03827868e2/transformed/work-runtime-2.10.1/AndroidManifest.xml:23:5-68
22-->[androidx.work:work-runtime:2.10.1] /home/runner/.gradle/caches/8.9/transforms/ce78e009b94485cfad49cd03827868e2/transformed/work-runtime-2.10.1/AndroidManifest.xml:23:22-65
23    <uses-permission android:name="android.permission.ACCESS_NETWORK_STATE" />
23-->[androidx.work:work-runtime:2.10.1] /home/runner/.gradle/caches/8.9/transforms/ce78e009b94485cfad49cd03827868e2/transformed/work-runtime-2.10.1/AndroidManifest.xml:24:5-79
23-->[androidx.work:work-runtime:2.10.1] /home/runner/.gradle/caches/8.9/transforms/ce78e009b94485cfad49cd03827868e2/transformed/work-runtime-2.10.1/AndroidManifest.xml:24:22-76
24    <uses-permission android:name="android.permission.RECEIVE_BOOT_COMPLETED" />
24-->[androidx.work:work-runtime:2.10.1] /home/runner/.gradle/caches/8.9/transforms/ce78e009b94485cfad49cd03827868e2/transformed/work-runtime-2.10.1/AndroidManifest.xml:25:5-81
24-->[androidx.work:work-runtime:2.10.1] /home/runner/.gradle/caches/8.9/transforms/ce78e009b94485cfad49cd03827868e2/transformed/work-runtime-2.10.1/AndroidManifest.xml:25:22-78
25    <uses-permission android:name="android.permission.FOREGROUND_SERVICE" />
25-->[androidx.work:work-runtime:2.10.1] /home/runner/.gradle/caches/8.9/transforms/ce78e009b94485cfad49cd03827868e2/transformed/work-runtime-2.10.1/AndroidManifest.xml:26:5-77
25-->[androidx.work:work-runtime:2.10.1] /home/runner/.gradle/caches/8.9/transforms/ce78e009b94485cfad49cd03827868e2/transformed/work-runtime-2.10.1/AndroidManifest.xml:26:22-74
26
27    <permission
27-->[androidx.core:core:1.15.0] /home/runner/.gradle/caches/8.9/transforms/3e85dc3a27e7bbf172ac49206d18ddee/transformed/core-1.15.0/AndroidManifest.xml:22:5-24:47
28        android:name="com.atrangi.documentworkspace.DYNAMIC_RECEIVER_NOT_EXPORTED_PERMISSION"
28-->[androidx.core:core:1.15.0] /home/runner/.gradle/caches/8.9/transforms/3e85dc3a27e7bbf172ac49206d18ddee/transformed/core-1.15.0/AndroidManifest.xml:23:9-81
29        android:protectionLevel="signature" />
29-->[androidx.core:core:1.15.0] /home/runner/.gradle/caches/8.9/transforms/3e85dc3a27e7bbf172ac49206d18ddee/transformed/core-1.15.0/AndroidManifest.xml:24:9-44
30
31    <uses-permission android:name="com.atrangi.documentworkspace.DYNAMIC_RECEIVER_NOT_EXPORTED_PERMISSION" />
31-->[androidx.core:core:1.15.0] /home/runner/.gradle/caches/8.9/transforms/3e85dc3a27e7bbf172ac49206d18ddee/transformed/core-1.15.0/AndroidManifest.xml:26:5-97
31-->[androidx.core:core:1.15.0] /home/runner/.gradle/caches/8.9/transforms/3e85dc3a27e7bbf172ac49206d18ddee/transformed/core-1.15.0/AndroidManifest.xml:26:22-94
32
33    <application
33-->/home/runner/work/atrangi-document-workspace/atrangi-document-workspace/app/src/main/AndroidManifest.xml:11:5-54:19
34        android:allowBackup="true"
34-->/home/runner/work/atrangi-document-workspace/atrangi-document-workspace/app/src/main/AndroidManifest.xml:12:9-35
35        android:appComponentFactory="androidx.core.app.CoreComponentFactory"
35-->[androidx.core:core:1.15.0] /home/runner/.gradle/caches/8.9/transforms/3e85dc3a27e7bbf172ac49206d18ddee/transformed/core-1.15.0/AndroidManifest.xml:28:18-86
36        android:debuggable="true"
37        android:extractNativeLibs="false"
38        android:icon="@drawable/ic_launcher_foreground"
38-->/home/runner/work/atrangi-document-workspace/atrangi-document-workspace/app/src/main/AndroidManifest.xml:13:9-56
39        android:label="Atrangi Document Workspace"
39-->/home/runner/work/atrangi-document-workspace/atrangi-document-workspace/app/src/main/AndroidManifest.xml:14:9-51
40        android:roundIcon="@drawable/ic_launcher_foreground"
40-->/home/runner/work/atrangi-document-workspace/atrangi-document-workspace/app/src/main/AndroidManifest.xml:15:9-61
41        android:supportsRtl="true"
41-->/home/runner/work/atrangi-document-workspace/atrangi-document-workspace/app/src/main/AndroidManifest.xml:16:9-35
42        android:theme="@style/Theme.AtrangiDocumentWorkspace"
42-->/home/runner/work/atrangi-document-workspace/atrangi-document-workspace/app/src/main/AndroidManifest.xml:17:9-62
43        android:usesCleartextTraffic="false" >
43-->/home/runner/work/atrangi-document-workspace/atrangi-document-workspace/app/src/main/AndroidManifest.xml:18:9-45
44        <activity
44-->/home/runner/work/atrangi-document-workspace/atrangi-document-workspace/app/src/main/AndroidManifest.xml:20:9-23:69
45            android:name="com.atrangi.documentworkspace.UpdateActivity"
45-->/home/runner/work/atrangi-document-workspace/atrangi-document-workspace/app/src/main/AndroidManifest.xml:21:13-43
46            android:exported="false"
46-->/home/runner/work/atrangi-document-workspace/atrangi-document-workspace/app/src/main/AndroidManifest.xml:22:13-37
47            android:theme="@style/Theme.AtrangiDocumentWorkspace" />
47-->/home/runner/work/atrangi-document-workspace/atrangi-document-workspace/app/src/main/AndroidManifest.xml:23:13-66
48        <activity
48-->/home/runner/work/atrangi-document-workspace/atrangi-document-workspace/app/src/main/AndroidManifest.xml:25:9-43:20
49            android:name="com.atrangi.documentworkspace.MainActivity"
49-->/home/runner/work/atrangi-document-workspace/atrangi-document-workspace/app/src/main/AndroidManifest.xml:26:13-41
50            android:configChanges="keyboard|keyboardHidden|orientation|screenLayout|screenSize|smallestScreenSize|uiMode"
50-->/home/runner/work/atrangi-document-workspace/atrangi-document-workspace/app/src/main/AndroidManifest.xml:27:13-122
51            android:exported="true"
51-->/home/runner/work/atrangi-document-workspace/atrangi-document-workspace/app/src/main/AndroidManifest.xml:28:13-36
52            android:screenOrientation="unspecified" >
52-->/home/runner/work/atrangi-document-workspace/atrangi-document-workspace/app/src/main/AndroidManifest.xml:29:13-52
53            <intent-filter>
53-->/home/runner/work/atrangi-document-workspace/atrangi-document-workspace/app/src/main/AndroidManifest.xml:30:13-33:29
54                <action android:name="android.intent.action.MAIN" />
54-->/home/runner/work/atrangi-document-workspace/atrangi-document-workspace/app/src/main/AndroidManifest.xml:31:17-69
54-->/home/runner/work/atrangi-document-workspace/atrangi-document-workspace/app/src/main/AndroidManifest.xml:31:25-66
55
56                <category android:name="android.intent.category.LAUNCHER" />
56-->/home/runner/work/atrangi-document-workspace/atrangi-document-workspace/app/src/main/AndroidManifest.xml:32:17-77
56-->/home/runner/work/atrangi-document-workspace/atrangi-document-workspace/app/src/main/AndroidManifest.xml:32:27-74
57            </intent-filter>
58            <intent-filter>
58-->/home/runner/work/atrangi-document-workspace/atrangi-document-workspace/app/src/main/AndroidManifest.xml:35:13-42:29
59                <action android:name="android.intent.action.VIEW" />
59-->/home/runner/work/atrangi-document-workspace/atrangi-document-workspace/app/src/main/AndroidManifest.xml:36:17-69
59-->/home/runner/work/atrangi-document-workspace/atrangi-document-workspace/app/src/main/AndroidManifest.xml:36:25-66
60
61                <category android:name="android.intent.category.DEFAULT" />
61-->/home/runner/work/atrangi-document-workspace/atrangi-document-workspace/app/src/main/AndroidManifest.xml:37:17-76
61-->/home/runner/work/atrangi-document-workspace/atrangi-document-workspace/app/src/main/AndroidManifest.xml:37:27-73
62                <category android:name="android.intent.category.BROWSABLE" />
62-->/home/runner/work/atrangi-document-workspace/atrangi-document-workspace/app/src/main/AndroidManifest.xml:38:17-78
62-->/home/runner/work/atrangi-document-workspace/atrangi-document-workspace/app/src/main/AndroidManifest.xml:38:27-75
63
64                <data android:scheme="file" />
64-->/home/runner/work/atrangi-document-workspace/atrangi-document-workspace/app/src/main/AndroidManifest.xml:39:17-47
64-->/home/runner/work/atrangi-document-workspace/atrangi-document-workspace/app/src/main/AndroidManifest.xml:39:23-44
65                <data android:scheme="content" />
65-->/home/runner/work/atrangi-document-workspace/atrangi-document-workspace/app/src/main/AndroidManifest.xml:39:17-47
65-->/home/runner/work/atrangi-document-workspace/atrangi-document-workspace/app/src/main/AndroidManifest.xml:39:23-44
66                <data android:mimeType="*/*" />
66-->/home/runner/work/atrangi-document-workspace/atrangi-document-workspace/app/src/main/AndroidManifest.xml:39:17-47
66-->/home/runner/work/atrangi-document-workspace/atrangi-document-workspace/app/src/main/AndroidManifest.xml:41:23-45
67            </intent-filter>
68        </activity>
69
70        <provider
71            android:name="androidx.core.content.FileProvider"
71-->/home/runner/work/atrangi-document-workspace/atrangi-document-workspace/app/src/main/AndroidManifest.xml:46:13-62
72            android:authorities="com.atrangi.documentworkspace.fileprovider"
72-->/home/runner/work/atrangi-document-workspace/atrangi-document-workspace/app/src/main/AndroidManifest.xml:47:13-64
73            android:exported="false"
73-->/home/runner/work/atrangi-document-workspace/atrangi-document-workspace/app/src/main/AndroidManifest.xml:48:13-37
74            android:grantUriPermissions="true" >
74-->/home/runner/work/atrangi-document-workspace/atrangi-document-workspace/app/src/main/AndroidManifest.xml:49:13-47
75            <meta-data
75-->/home/runner/work/atrangi-document-workspace/atrangi-document-workspace/app/src/main/AndroidManifest.xml:50:13-52:54
76                android:name="android.support.FILE_PROVIDER_PATHS"
76-->/home/runner/work/atrangi-document-workspace/atrangi-document-workspace/app/src/main/AndroidManifest.xml:51:17-67
77                android:resource="@xml/file_paths" />
77-->/home/runner/work/atrangi-document-workspace/atrangi-document-workspace/app/src/main/AndroidManifest.xml:52:17-51
78        </provider>
79        <provider
79-->[androidx.emoji2:emoji2:1.3.0] /home/runner/.gradle/caches/8.9/transforms/268b965e38ac6c3d7965eb62437bdecd/transformed/emoji2-1.3.0/AndroidManifest.xml:24:9-32:20
80            android:name="androidx.startup.InitializationProvider"
80-->[androidx.emoji2:emoji2:1.3.0] /home/runner/.gradle/caches/8.9/transforms/268b965e38ac6c3d7965eb62437bdecd/transformed/emoji2-1.3.0/AndroidManifest.xml:25:13-67
81            android:authorities="com.atrangi.documentworkspace.androidx-startup"
81-->[androidx.emoji2:emoji2:1.3.0] /home/runner/.gradle/caches/8.9/transforms/268b965e38ac6c3d7965eb62437bdecd/transformed/emoji2-1.3.0/AndroidManifest.xml:26:13-68
82            android:exported="false" >
82-->[androidx.emoji2:emoji2:1.3.0] /home/runner/.gradle/caches/8.9/transforms/268b965e38ac6c3d7965eb62437bdecd/transformed/emoji2-1.3.0/AndroidManifest.xml:27:13-37
83            <meta-data
83-->[androidx.emoji2:emoji2:1.3.0] /home/runner/.gradle/caches/8.9/transforms/268b965e38ac6c3d7965eb62437bdecd/transformed/emoji2-1.3.0/AndroidManifest.xml:29:13-31:52
84                android:name="androidx.emoji2.text.EmojiCompatInitializer"
84-->[androidx.emoji2:emoji2:1.3.0] /home/runner/.gradle/caches/8.9/transforms/268b965e38ac6c3d7965eb62437bdecd/transformed/emoji2-1.3.0/AndroidManifest.xml:30:17-75
85                android:value="androidx.startup" />
85-->[androidx.emoji2:emoji2:1.3.0] /home/runner/.gradle/caches/8.9/transforms/268b965e38ac6c3d7965eb62437bdecd/transformed/emoji2-1.3.0/AndroidManifest.xml:31:17-49
86            <meta-data
86-->[androidx.work:work-runtime:2.10.1] /home/runner/.gradle/caches/8.9/transforms/ce78e009b94485cfad49cd03827868e2/transformed/work-runtime-2.10.1/AndroidManifest.xml:34:13-36:52
87                android:name="androidx.work.WorkManagerInitializer"
87-->[androidx.work:work-runtime:2.10.1] /home/runner/.gradle/caches/8.9/transforms/ce78e009b94485cfad49cd03827868e2/transformed/work-runtime-2.10.1/AndroidManifest.xml:35:17-68
88                android:value="androidx.startup" />
88-->[androidx.work:work-runtime:2.10.1] /home/runner/.gradle/caches/8.9/transforms/ce78e009b94485cfad49cd03827868e2/transformed/work-runtime-2.10.1/AndroidManifest.xml:36:17-49
89            <meta-data
89-->[androidx.lifecycle:lifecycle-process:2.6.2] /home/runner/.gradle/caches/8.9/transforms/36c498859f8ef032ab3bccbc4ca6ea99/transformed/lifecycle-process-2.6.2/AndroidManifest.xml:29:13-31:52
90                android:name="androidx.lifecycle.ProcessLifecycleInitializer"
90-->[androidx.lifecycle:lifecycle-process:2.6.2] /home/runner/.gradle/caches/8.9/transforms/36c498859f8ef032ab3bccbc4ca6ea99/transformed/lifecycle-process-2.6.2/AndroidManifest.xml:30:17-78
91                android:value="androidx.startup" />
91-->[androidx.lifecycle:lifecycle-process:2.6.2] /home/runner/.gradle/caches/8.9/transforms/36c498859f8ef032ab3bccbc4ca6ea99/transformed/lifecycle-process-2.6.2/AndroidManifest.xml:31:17-49
92            <meta-data
92-->[androidx.profileinstaller:profileinstaller:1.4.0] /home/runner/.gradle/caches/8.9/transforms/19a04c9820552e8deab86a79cc2427e8/transformed/profileinstaller-1.4.0/AndroidManifest.xml:29:13-31:52
93                android:name="androidx.profileinstaller.ProfileInstallerInitializer"
93-->[androidx.profileinstaller:profileinstaller:1.4.0] /home/runner/.gradle/caches/8.9/transforms/19a04c9820552e8deab86a79cc2427e8/transformed/profileinstaller-1.4.0/AndroidManifest.xml:30:17-85
94                android:value="androidx.startup" />
94-->[androidx.profileinstaller:profileinstaller:1.4.0] /home/runner/.gradle/caches/8.9/transforms/19a04c9820552e8deab86a79cc2427e8/transformed/profileinstaller-1.4.0/AndroidManifest.xml:31:17-49
95        </provider>
96
97        <service
97-->[androidx.work:work-runtime:2.10.1] /home/runner/.gradle/caches/8.9/transforms/ce78e009b94485cfad49cd03827868e2/transformed/work-runtime-2.10.1/AndroidManifest.xml:39:9-45:35
98            android:name="androidx.work.impl.background.systemalarm.SystemAlarmService"
98-->[androidx.work:work-runtime:2.10.1] /home/runner/.gradle/caches/8.9/transforms/ce78e009b94485cfad49cd03827868e2/transformed/work-runtime-2.10.1/AndroidManifest.xml:40:13-88
99            android:directBootAware="false"
99-->[androidx.work:work-runtime:2.10.1] /home/runner/.gradle/caches/8.9/transforms/ce78e009b94485cfad49cd03827868e2/transformed/work-runtime-2.10.1/AndroidManifest.xml:41:13-44
100            android:enabled="@bool/enable_system_alarm_service_default"
100-->[androidx.work:work-runtime:2.10.1] /home/runner/.gradle/caches/8.9/transforms/ce78e009b94485cfad49cd03827868e2/transformed/work-runtime-2.10.1/AndroidManifest.xml:42:13-72
101            android:exported="false" />
101-->[androidx.work:work-runtime:2.10.1] /home/runner/.gradle/caches/8.9/transforms/ce78e009b94485cfad49cd03827868e2/transformed/work-runtime-2.10.1/AndroidManifest.xml:43:13-37
102        <service
102-->[androidx.work:work-runtime:2.10.1] /home/runner/.gradle/caches/8.9/transforms/ce78e009b94485cfad49cd03827868e2/transformed/work-runtime-2.10.1/AndroidManifest.xml:46:9-52:35
103            android:name="androidx.work.impl.background.systemjob.SystemJobService"
103-->[androidx.work:work-runtime:2.10.1] /home/runner/.gradle/caches/8.9/transforms/ce78e009b94485cfad49cd03827868e2/transformed/work-runtime-2.10.1/AndroidManifest.xml:47:13-84
104            android:directBootAware="false"
104-->[androidx.work:work-runtime:2.10.1] /home/runner/.gradle/caches/8.9/transforms/ce78e009b94485cfad49cd03827868e2/transformed/work-runtime-2.10.1/AndroidManifest.xml:48:13-44
105            android:enabled="@bool/enable_system_job_service_default"
105-->[androidx.work:work-runtime:2.10.1] /home/runner/.gradle/caches/8.9/transforms/ce78e009b94485cfad49cd03827868e2/transformed/work-runtime-2.10.1/AndroidManifest.xml:49:13-70
106            android:exported="true"
106-->[androidx.work:work-runtime:2.10.1] /home/runner/.gradle/caches/8.9/transforms/ce78e009b94485cfad49cd03827868e2/transformed/work-runtime-2.10.1/AndroidManifest.xml:50:13-36
107            android:permission="android.permission.BIND_JOB_SERVICE" />
107-->[androidx.work:work-runtime:2.10.1] /home/runner/.gradle/caches/8.9/transforms/ce78e009b94485cfad49cd03827868e2/transformed/work-runtime-2.10.1/AndroidManifest.xml:51:13-69
108        <service
108-->[androidx.work:work-runtime:2.10.1] /home/runner/.gradle/caches/8.9/transforms/ce78e009b94485cfad49cd03827868e2/transformed/work-runtime-2.10.1/AndroidManifest.xml:53:9-59:35
109            android:name="androidx.work.impl.foreground.SystemForegroundService"
109-->[androidx.work:work-runtime:2.10.1] /home/runner/.gradle/caches/8.9/transforms/ce78e009b94485cfad49cd03827868e2/transformed/work-runtime-2.10.1/AndroidManifest.xml:54:13-81
110            android:directBootAware="false"
110-->[androidx.work:work-runtime:2.10.1] /home/runner/.gradle/caches/8.9/transforms/ce78e009b94485cfad49cd03827868e2/transformed/work-runtime-2.10.1/AndroidManifest.xml:55:13-44
111            android:enabled="@bool/enable_system_foreground_service_default"
111-->[androidx.work:work-runtime:2.10.1] /home/runner/.gradle/caches/8.9/transforms/ce78e009b94485cfad49cd03827868e2/transformed/work-runtime-2.10.1/AndroidManifest.xml:56:13-77
112            android:exported="false" />
112-->[androidx.work:work-runtime:2.10.1] /home/runner/.gradle/caches/8.9/transforms/ce78e009b94485cfad49cd03827868e2/transformed/work-runtime-2.10.1/AndroidManifest.xml:57:13-37
113
114        <receiver
114-->[androidx.work:work-runtime:2.10.1] /home/runner/.gradle/caches/8.9/transforms/ce78e009b94485cfad49cd03827868e2/transformed/work-runtime-2.10.1/AndroidManifest.xml:61:9-66:35
115            android:name="androidx.work.impl.utils.ForceStopRunnable$BroadcastReceiver"
115-->[androidx.work:work-runtime:2.10.1] /home/runner/.gradle/caches/8.9/transforms/ce78e009b94485cfad49cd03827868e2/transformed/work-runtime-2.10.1/AndroidManifest.xml:62:13-88
116            android:directBootAware="false"
116-->[androidx.work:work-runtime:2.10.1] /home/runner/.gradle/caches/8.9/transforms/ce78e009b94485cfad49cd03827868e2/transformed/work-runtime-2.10.1/AndroidManifest.xml:63:13-44
117            android:enabled="true"
117-->[androidx.work:work-runtime:2.10.1] /home/runner/.gradle/caches/8.9/transforms/ce78e009b94485cfad49cd03827868e2/transformed/work-runtime-2.10.1/AndroidManifest.xml:64:13-35
118            android:exported="false" />
118-->[androidx.work:work-runtime:2.10.1] /home/runner/.gradle/caches/8.9/transforms/ce78e009b94485cfad49cd03827868e2/transformed/work-runtime-2.10.1/AndroidManifest.xml:65:13-37
119        <receiver
119-->[androidx.work:work-runtime:2.10.1] /home/runner/.gradle/caches/8.9/transforms/ce78e009b94485cfad49cd03827868e2/transformed/work-runtime-2.10.1/AndroidManifest.xml:67:9-77:20
120            android:name="androidx.work.impl.background.systemalarm.ConstraintProxy$BatteryChargingProxy"
120-->[androidx.work:work-runtime:2.10.1] /home/runner/.gradle/caches/8.9/transforms/ce78e009b94485cfad49cd03827868e2/transformed/work-runtime-2.10.1/AndroidManifest.xml:68:13-106
121            android:directBootAware="false"
121-->[androidx.work:work-runtime:2.10.1] /home/runner/.gradle/caches/8.9/transforms/ce78e009b94485cfad49cd03827868e2/transformed/work-runtime-2.10.1/AndroidManifest.xml:69:13-44
122            android:enabled="false"
122-->[androidx.work:work-runtime:2.10.1] /home/runner/.gradle/caches/8.9/transforms/ce78e009b94485cfad49cd03827868e2/transformed/work-runtime-2.10.1/AndroidManifest.xml:70:13-36
123            android:exported="false" >
123-->[androidx.work:work-runtime:2.10.1] /home/runner/.gradle/caches/8.9/transforms/ce78e009b94485cfad49cd03827868e2/transformed/work-runtime-2.10.1/AndroidManifest.xml:71:13-37
124            <intent-filter>
124-->[androidx.work:work-runtime:2.10.1] /home/runner/.gradle/caches/8.9/transforms/ce78e009b94485cfad49cd03827868e2/transformed/work-runtime-2.10.1/AndroidManifest.xml:73:13-76:29
125                <action android:name="android.intent.action.ACTION_POWER_CONNECTED" />
125-->[androidx.work:work-runtime:2.10.1] /home/runner/.gradle/caches/8.9/transforms/ce78e009b94485cfad49cd03827868e2/transformed/work-runtime-2.10.1/AndroidManifest.xml:74:17-87
125-->[androidx.work:work-runtime:2.10.1] /home/runner/.gradle/caches/8.9/transforms/ce78e009b94485cfad49cd03827868e2/transformed/work-runtime-2.10.1/AndroidManifest.xml:74:25-84
126                <action android:name="android.intent.action.ACTION_POWER_DISCONNECTED" />
126-->[androidx.work:work-runtime:2.10.1] /home/runner/.gradle/caches/8.9/transforms/ce78e009b94485cfad49cd03827868e2/transformed/work-runtime-2.10.1/AndroidManifest.xml:75:17-90
126-->[androidx.work:work-runtime:2.10.1] /home/runner/.gradle/caches/8.9/transforms/ce78e009b94485cfad49cd03827868e2/transformed/work-runtime-2.10.1/AndroidManifest.xml:75:25-87
127            </intent-filter>
128        </receiver>
129        <receiver
129-->[androidx.work:work-runtime:2.10.1] /home/runner/.gradle/caches/8.9/transforms/ce78e009b94485cfad49cd03827868e2/transformed/work-runtime-2.10.1/AndroidManifest.xml:78:9-88:20
130            android:name="androidx.work.impl.background.systemalarm.ConstraintProxy$BatteryNotLowProxy"
130-->[androidx.work:work-runtime:2.10.1] /home/runner/.gradle/caches/8.9/transforms/ce78e009b94485cfad49cd03827868e2/transformed/work-runtime-2.10.1/AndroidManifest.xml:79:13-104
131            android:directBootAware="false"
131-->[androidx.work:work-runtime:2.10.1] /home/runner/.gradle/caches/8.9/transforms/ce78e009b94485cfad49cd03827868e2/transformed/work-runtime-2.10.1/AndroidManifest.xml:80:13-44
132            android:enabled="false"
132-->[androidx.work:work-runtime:2.10.1] /home/runner/.gradle/caches/8.9/transforms/ce78e009b94485cfad49cd03827868e2/transformed/work-runtime-2.10.1/AndroidManifest.xml:81:13-36
133            android:exported="false" >
133-->[androidx.work:work-runtime:2.10.1] /home/runner/.gradle/caches/8.9/transforms/ce78e009b94485cfad49cd03827868e2/transformed/work-runtime-2.10.1/AndroidManifest.xml:82:13-37
134            <intent-filter>
134-->[androidx.work:work-runtime:2.10.1] /home/runner/.gradle/caches/8.9/transforms/ce78e009b94485cfad49cd03827868e2/transformed/work-runtime-2.10.1/AndroidManifest.xml:84:13-87:29
135                <action android:name="android.intent.action.BATTERY_OKAY" />
135-->[androidx.work:work-runtime:2.10.1] /home/runner/.gradle/caches/8.9/transforms/ce78e009b94485cfad49cd03827868e2/transformed/work-runtime-2.10.1/AndroidManifest.xml:85:17-77
135-->[androidx.work:work-runtime:2.10.1] /home/runner/.gradle/caches/8.9/transforms/ce78e009b94485cfad49cd03827868e2/transformed/work-runtime-2.10.1/AndroidManifest.xml:85:25-74
136                <action android:name="android.intent.action.BATTERY_LOW" />
136-->[androidx.work:work-runtime:2.10.1] /home/runner/.gradle/caches/8.9/transforms/ce78e009b94485cfad49cd03827868e2/transformed/work-runtime-2.10.1/AndroidManifest.xml:86:17-76
136-->[androidx.work:work-runtime:2.10.1] /home/runner/.gradle/caches/8.9/transforms/ce78e009b94485cfad49cd03827868e2/transformed/work-runtime-2.10.1/AndroidManifest.xml:86:25-73
137            </intent-filter>
138        </receiver>
139        <receiver
139-->[androidx.work:work-runtime:2.10.1] /home/runner/.gradle/caches/8.9/transforms/ce78e009b94485cfad49cd03827868e2/transformed/work-runtime-2.10.1/AndroidManifest.xml:89:9-99:20
140            android:name="androidx.work.impl.background.systemalarm.ConstraintProxy$StorageNotLowProxy"
140-->[androidx.work:work-runtime:2.10.1] /home/runner/.gradle/caches/8.9/transforms/ce78e009b94485cfad49cd03827868e2/transformed/work-runtime-2.10.1/AndroidManifest.xml:90:13-104
141            android:directBootAware="false"
141-->[androidx.work:work-runtime:2.10.1] /home/runner/.gradle/caches/8.9/transforms/ce78e009b94485cfad49cd03827868e2/transformed/work-runtime-2.10.1/AndroidManifest.xml:91:13-44
142            android:enabled="false"
142-->[androidx.work:work-runtime:2.10.1] /home/runner/.gradle/caches/8.9/transforms/ce78e009b94485cfad49cd03827868e2/transformed/work-runtime-2.10.1/AndroidManifest.xml:92:13-36
143            android:exported="false" >
143-->[androidx.work:work-runtime:2.10.1] /home/runner/.gradle/caches/8.9/transforms/ce78e009b94485cfad49cd03827868e2/transformed/work-runtime-2.10.1/AndroidManifest.xml:93:13-37
144            <intent-filter>
144-->[androidx.work:work-runtime:2.10.1] /home/runner/.gradle/caches/8.9/transforms/ce78e009b94485cfad49cd03827868e2/transformed/work-runtime-2.10.1/AndroidManifest.xml:95:13-98:29
145                <action android:name="android.intent.action.DEVICE_STORAGE_LOW" />
145-->[androidx.work:work-runtime:2.10.1] /home/runner/.gradle/caches/8.9/transforms/ce78e009b94485cfad49cd03827868e2/transformed/work-runtime-2.10.1/AndroidManifest.xml:96:17-83
145-->[androidx.work:work-runtime:2.10.1] /home/runner/.gradle/caches/8.9/transforms/ce78e009b94485cfad49cd03827868e2/transformed/work-runtime-2.10.1/AndroidManifest.xml:96:25-80
146                <action android:name="android.intent.action.DEVICE_STORAGE_OK" />
146-->[androidx.work:work-runtime:2.10.1] /home/runner/.gradle/caches/8.9/transforms/ce78e009b94485cfad49cd03827868e2/transformed/work-runtime-2.10.1/AndroidManifest.xml:97:17-82
146-->[androidx.work:work-runtime:2.10.1] /home/runner/.gradle/caches/8.9/transforms/ce78e009b94485cfad49cd03827868e2/transformed/work-runtime-2.10.1/AndroidManifest.xml:97:25-79
147            </intent-filter>
148        </receiver>
149        <receiver
149-->[androidx.work:work-runtime:2.10.1] /home/runner/.gradle/caches/8.9/transforms/ce78e009b94485cfad49cd03827868e2/transformed/work-runtime-2.10.1/AndroidManifest.xml:100:9-109:20
150            android:name="androidx.work.impl.background.systemalarm.ConstraintProxy$NetworkStateProxy"
150-->[androidx.work:work-runtime:2.10.1] /home/runner/.gradle/caches/8.9/transforms/ce78e009b94485cfad49cd03827868e2/transformed/work-runtime-2.10.1/AndroidManifest.xml:101:13-103
151            android:directBootAware="false"
151-->[androidx.work:work-runtime:2.10.1] /home/runner/.gradle/caches/8.9/transforms/ce78e009b94485cfad49cd03827868e2/transformed/work-runtime-2.10.1/AndroidManifest.xml:102:13-44
152            android:enabled="false"
152-->[androidx.work:work-runtime:2.10.1] /home/runner/.gradle/caches/8.9/transforms/ce78e009b94485cfad49cd03827868e2/transformed/work-runtime-2.10.1/AndroidManifest.xml:103:13-36
153            android:exported="false" >
153-->[androidx.work:work-runtime:2.10.1] /home/runner/.gradle/caches/8.9/transforms/ce78e009b94485cfad49cd03827868e2/transformed/work-runtime-2.10.1/AndroidManifest.xml:104:13-37
154            <intent-filter>
154-->[androidx.work:work-runtime:2.10.1] /home/runner/.gradle/caches/8.9/transforms/ce78e009b94485cfad49cd03827868e2/transformed/work-runtime-2.10.1/AndroidManifest.xml:106:13-108:29
155                <action android:name="android.net.conn.CONNECTIVITY_CHANGE" />
155-->[androidx.work:work-runtime:2.10.1] /home/runner/.gradle/caches/8.9/transforms/ce78e009b94485cfad49cd03827868e2/transformed/work-runtime-2.10.1/AndroidManifest.xml:107:17-79
155-->[androidx.work:work-runtime:2.10.1] /home/runner/.gradle/caches/8.9/transforms/ce78e009b94485cfad49cd03827868e2/transformed/work-runtime-2.10.1/AndroidManifest.xml:107:25-76
156            </intent-filter>
157        </receiver>
158        <receiver
158-->[androidx.work:work-runtime:2.10.1] /home/runner/.gradle/caches/8.9/transforms/ce78e009b94485cfad49cd03827868e2/transformed/work-runtime-2.10.1/AndroidManifest.xml:110:9-121:20
159            android:name="androidx.work.impl.background.systemalarm.RescheduleReceiver"
159-->[androidx.work:work-runtime:2.10.1] /home/runner/.gradle/caches/8.9/transforms/ce78e009b94485cfad49cd03827868e2/transformed/work-runtime-2.10.1/AndroidManifest.xml:111:13-88
160            android:directBootAware="false"
160-->[androidx.work:work-runtime:2.10.1] /home/runner/.gradle/caches/8.9/transforms/ce78e009b94485cfad49cd03827868e2/transformed/work-runtime-2.10.1/AndroidManifest.xml:112:13-44
161            android:enabled="false"
161-->[androidx.work:work-runtime:2.10.1] /home/runner/.gradle/caches/8.9/transforms/ce78e009b94485cfad49cd03827868e2/transformed/work-runtime-2.10.1/AndroidManifest.xml:113:13-36
162            android:exported="false" >
162-->[androidx.work:work-runtime:2.10.1] /home/runner/.gradle/caches/8.9/transforms/ce78e009b94485cfad49cd03827868e2/transformed/work-runtime-2.10.1/AndroidManifest.xml:114:13-37
163            <intent-filter>
163-->[androidx.work:work-runtime:2.10.1] /home/runner/.gradle/caches/8.9/transforms/ce78e009b94485cfad49cd03827868e2/transformed/work-runtime-2.10.1/AndroidManifest.xml:116:13-120:29
164                <action android:name="android.intent.action.BOOT_COMPLETED" />
164-->[androidx.work:work-runtime:2.10.1] /home/runner/.gradle/caches/8.9/transforms/ce78e009b94485cfad49cd03827868e2/transformed/work-runtime-2.10.1/AndroidManifest.xml:117:17-79
164-->[androidx.work:work-runtime:2.10.1] /home/runner/.gradle/caches/8.9/transforms/ce78e009b94485cfad49cd03827868e2/transformed/work-runtime-2.10.1/AndroidManifest.xml:117:25-76
165                <action android:name="android.intent.action.TIME_SET" />
165-->[androidx.work:work-runtime:2.10.1] /home/runner/.gradle/caches/8.9/transforms/ce78e009b94485cfad49cd03827868e2/transformed/work-runtime-2.10.1/AndroidManifest.xml:118:17-73
165-->[androidx.work:work-runtime:2.10.1] /home/runner/.gradle/caches/8.9/transforms/ce78e009b94485cfad49cd03827868e2/transformed/work-runtime-2.10.1/AndroidManifest.xml:118:25-70
166                <action android:name="android.intent.action.TIMEZONE_CHANGED" />
166-->[androidx.work:work-runtime:2.10.1] /home/runner/.gradle/caches/8.9/transforms/ce78e009b94485cfad49cd03827868e2/transformed/work-runtime-2.10.1/AndroidManifest.xml:119:17-81
166-->[androidx.work:work-runtime:2.10.1] /home/runner/.gradle/caches/8.9/transforms/ce78e009b94485cfad49cd03827868e2/transformed/work-runtime-2.10.1/AndroidManifest.xml:119:25-78
167            </intent-filter>
168        </receiver>
169        <receiver
169-->[androidx.work:work-runtime:2.10.1] /home/runner/.gradle/caches/8.9/transforms/ce78e009b94485cfad49cd03827868e2/transformed/work-runtime-2.10.1/AndroidManifest.xml:122:9-131:20
170            android:name="androidx.work.impl.background.systemalarm.ConstraintProxyUpdateReceiver"
170-->[androidx.work:work-runtime:2.10.1] /home/runner/.gradle/caches/8.9/transforms/ce78e009b94485cfad49cd03827868e2/transformed/work-runtime-2.10.1/AndroidManifest.xml:123:13-99
171            android:directBootAware="false"
171-->[androidx.work:work-runtime:2.10.1] /home/runner/.gradle/caches/8.9/transforms/ce78e009b94485cfad49cd03827868e2/transformed/work-runtime-2.10.1/AndroidManifest.xml:124:13-44
172            android:enabled="@bool/enable_system_alarm_service_default"
172-->[androidx.work:work-runtime:2.10.1] /home/runner/.gradle/caches/8.9/transforms/ce78e009b94485cfad49cd03827868e2/transformed/work-runtime-2.10.1/AndroidManifest.xml:125:13-72
173            android:exported="false" >
173-->[androidx.work:work-runtime:2.10.1] /home/runner/.gradle/caches/8.9/transforms/ce78e009b94485cfad49cd03827868e2/transformed/work-runtime-2.10.1/AndroidManifest.xml:126:13-37
174            <intent-filter>
174-->[androidx.work:work-runtime:2.10.1] /home/runner/.gradle/caches/8.9/transforms/ce78e009b94485cfad49cd03827868e2/transformed/work-runtime-2.10.1/AndroidManifest.xml:128:13-130:29
175                <action android:name="androidx.work.impl.background.systemalarm.UpdateProxies" />
175-->[androidx.work:work-runtime:2.10.1] /home/runner/.gradle/caches/8.9/transforms/ce78e009b94485cfad49cd03827868e2/transformed/work-runtime-2.10.1/AndroidManifest.xml:129:17-98
175-->[androidx.work:work-runtime:2.10.1] /home/runner/.gradle/caches/8.9/transforms/ce78e009b94485cfad49cd03827868e2/transformed/work-runtime-2.10.1/AndroidManifest.xml:129:25-95
176            </intent-filter>
177        </receiver>
178        <receiver
178-->[androidx.work:work-runtime:2.10.1] /home/runner/.gradle/caches/8.9/transforms/ce78e009b94485cfad49cd03827868e2/transformed/work-runtime-2.10.1/AndroidManifest.xml:132:9-142:20
179            android:name="androidx.work.impl.diagnostics.DiagnosticsReceiver"
179-->[androidx.work:work-runtime:2.10.1] /home/runner/.gradle/caches/8.9/transforms/ce78e009b94485cfad49cd03827868e2/transformed/work-runtime-2.10.1/AndroidManifest.xml:133:13-78
180            android:directBootAware="false"
180-->[androidx.work:work-runtime:2.10.1] /home/runner/.gradle/caches/8.9/transforms/ce78e009b94485cfad49cd03827868e2/transformed/work-runtime-2.10.1/AndroidManifest.xml:134:13-44
181            android:enabled="true"
181-->[androidx.work:work-runtime:2.10.1] /home/runner/.gradle/caches/8.9/transforms/ce78e009b94485cfad49cd03827868e2/transformed/work-runtime-2.10.1/AndroidManifest.xml:135:13-35
182            android:exported="true"
182-->[androidx.work:work-runtime:2.10.1] /home/runner/.gradle/caches/8.9/transforms/ce78e009b94485cfad49cd03827868e2/transformed/work-runtime-2.10.1/AndroidManifest.xml:136:13-36
183            android:permission="android.permission.DUMP" >
183-->[androidx.work:work-runtime:2.10.1] /home/runner/.gradle/caches/8.9/transforms/ce78e009b94485cfad49cd03827868e2/transformed/work-runtime-2.10.1/AndroidManifest.xml:137:13-57
184            <intent-filter>
184-->[androidx.work:work-runtime:2.10.1] /home/runner/.gradle/caches/8.9/transforms/ce78e009b94485cfad49cd03827868e2/transformed/work-runtime-2.10.1/AndroidManifest.xml:139:13-141:29
185                <action android:name="androidx.work.diagnostics.REQUEST_DIAGNOSTICS" />
185-->[androidx.work:work-runtime:2.10.1] /home/runner/.gradle/caches/8.9/transforms/ce78e009b94485cfad49cd03827868e2/transformed/work-runtime-2.10.1/AndroidManifest.xml:140:17-88
185-->[androidx.work:work-runtime:2.10.1] /home/runner/.gradle/caches/8.9/transforms/ce78e009b94485cfad49cd03827868e2/transformed/work-runtime-2.10.1/AndroidManifest.xml:140:25-85
186            </intent-filter>
187        </receiver>
188
189        <service
189-->[androidx.room:room-runtime:2.6.1] /home/runner/.gradle/caches/8.9/transforms/7741a8d18cc956213505dec47fbf329e/transformed/room-runtime-2.6.1/AndroidManifest.xml:24:9-28:63
190            android:name="androidx.room.MultiInstanceInvalidationService"
190-->[androidx.room:room-runtime:2.6.1] /home/runner/.gradle/caches/8.9/transforms/7741a8d18cc956213505dec47fbf329e/transformed/room-runtime-2.6.1/AndroidManifest.xml:25:13-74
191            android:directBootAware="true"
191-->[androidx.room:room-runtime:2.6.1] /home/runner/.gradle/caches/8.9/transforms/7741a8d18cc956213505dec47fbf329e/transformed/room-runtime-2.6.1/AndroidManifest.xml:26:13-43
192            android:exported="false" />
192-->[androidx.room:room-runtime:2.6.1] /home/runner/.gradle/caches/8.9/transforms/7741a8d18cc956213505dec47fbf329e/transformed/room-runtime-2.6.1/AndroidManifest.xml:27:13-37
193
194        <receiver
194-->[androidx.profileinstaller:profileinstaller:1.4.0] /home/runner/.gradle/caches/8.9/transforms/19a04c9820552e8deab86a79cc2427e8/transformed/profileinstaller-1.4.0/AndroidManifest.xml:34:9-52:20
195            android:name="androidx.profileinstaller.ProfileInstallReceiver"
195-->[androidx.profileinstaller:profileinstaller:1.4.0] /home/runner/.gradle/caches/8.9/transforms/19a04c9820552e8deab86a79cc2427e8/transformed/profileinstaller-1.4.0/AndroidManifest.xml:35:13-76
196            android:directBootAware="false"
196-->[androidx.profileinstaller:profileinstaller:1.4.0] /home/runner/.gradle/caches/8.9/transforms/19a04c9820552e8deab86a79cc2427e8/transformed/profileinstaller-1.4.0/AndroidManifest.xml:36:13-44
197            android:enabled="true"
197-->[androidx.profileinstaller:profileinstaller:1.4.0] /home/runner/.gradle/caches/8.9/transforms/19a04c9820552e8deab86a79cc2427e8/transformed/profileinstaller-1.4.0/AndroidManifest.xml:37:13-35
198            android:exported="true"
198-->[androidx.profileinstaller:profileinstaller:1.4.0] /home/runner/.gradle/caches/8.9/transforms/19a04c9820552e8deab86a79cc2427e8/transformed/profileinstaller-1.4.0/AndroidManifest.xml:38:13-36
199            android:permission="android.permission.DUMP" >
199-->[androidx.profileinstaller:profileinstaller:1.4.0] /home/runner/.gradle/caches/8.9/transforms/19a04c9820552e8deab86a79cc2427e8/transformed/profileinstaller-1.4.0/AndroidManifest.xml:39:13-57
200            <intent-filter>
200-->[androidx.profileinstaller:profileinstaller:1.4.0] /home/runner/.gradle/caches/8.9/transforms/19a04c9820552e8deab86a79cc2427e8/transformed/profileinstaller-1.4.0/AndroidManifest.xml:40:13-42:29
201                <action android:name="androidx.profileinstaller.action.INSTALL_PROFILE" />
201-->[androidx.profileinstaller:profileinstaller:1.4.0] /home/runner/.gradle/caches/8.9/transforms/19a04c9820552e8deab86a79cc2427e8/transformed/profileinstaller-1.4.0/AndroidManifest.xml:41:17-91
201-->[androidx.profileinstaller:profileinstaller:1.4.0] /home/runner/.gradle/caches/8.9/transforms/19a04c9820552e8deab86a79cc2427e8/transformed/profileinstaller-1.4.0/AndroidManifest.xml:41:25-88
202            </intent-filter>
203            <intent-filter>
203-->[androidx.profileinstaller:profileinstaller:1.4.0] /home/runner/.gradle/caches/8.9/transforms/19a04c9820552e8deab86a79cc2427e8/transformed/profileinstaller-1.4.0/AndroidManifest.xml:43:13-45:29
204                <action android:name="androidx.profileinstaller.action.SKIP_FILE" />
204-->[androidx.profileinstaller:profileinstaller:1.4.0] /home/runner/.gradle/caches/8.9/transforms/19a04c9820552e8deab86a79cc2427e8/transformed/profileinstaller-1.4.0/AndroidManifest.xml:44:17-85
204-->[androidx.profileinstaller:profileinstaller:1.4.0] /home/runner/.gradle/caches/8.9/transforms/19a04c9820552e8deab86a79cc2427e8/transformed/profileinstaller-1.4.0/AndroidManifest.xml:44:25-82
205            </intent-filter>
206            <intent-filter>
206-->[androidx.profileinstaller:profileinstaller:1.4.0] /home/runner/.gradle/caches/8.9/transforms/19a04c9820552e8deab86a79cc2427e8/transformed/profileinstaller-1.4.0/AndroidManifest.xml:46:13-48:29
207                <action android:name="androidx.profileinstaller.action.SAVE_PROFILE" />
207-->[androidx.profileinstaller:profileinstaller:1.4.0] /home/runner/.gradle/caches/8.9/transforms/19a04c9820552e8deab86a79cc2427e8/transformed/profileinstaller-1.4.0/AndroidManifest.xml:47:17-88
207-->[androidx.profileinstaller:profileinstaller:1.4.0] /home/runner/.gradle/caches/8.9/transforms/19a04c9820552e8deab86a79cc2427e8/transformed/profileinstaller-1.4.0/AndroidManifest.xml:47:25-85
208            </intent-filter>
209            <intent-filter>
209-->[androidx.profileinstaller:profileinstaller:1.4.0] /home/runner/.gradle/caches/8.9/transforms/19a04c9820552e8deab86a79cc2427e8/transformed/profileinstaller-1.4.0/AndroidManifest.xml:49:13-51:29
210                <action android:name="androidx.profileinstaller.action.BENCHMARK_OPERATION" />
210-->[androidx.profileinstaller:profileinstaller:1.4.0] /home/runner/.gradle/caches/8.9/transforms/19a04c9820552e8deab86a79cc2427e8/transformed/profileinstaller-1.4.0/AndroidManifest.xml:50:17-95
210-->[androidx.profileinstaller:profileinstaller:1.4.0] /home/runner/.gradle/caches/8.9/transforms/19a04c9820552e8deab86a79cc2427e8/transformed/profileinstaller-1.4.0/AndroidManifest.xml:50:25-92
211            </intent-filter>
212        </receiver>
213    </application>
214
215</manifest>

Merged manifest saved to /home/runner/work/atrangi-document-workspace/atrangi-document-workspace/app/build/intermediates/merged_manifest/debug/processDebugMainManifest/AndroidManifest.xml
Resolve mutations for :app:processDebugManifest (Thread[included builds,5,main]) started.
:app:processDebugManifest (Thread[included builds,5,main]) started.

> Task :app:processDebugManifest
Caching disabled for task ':app:processDebugManifest' because:
  Build cache is disabled
Task ':app:processDebugManifest' is not up-to-date because:
  No history is available.
Resolve mutations for :app:processDebugManifestForPackage (Thread[included builds,5,main]) started.
:app:processDebugManifestForPackage (Thread[included builds,5,main]) started.
Resolve mutations for :app:javaPreCompileDebug (Thread[Execution worker,5,main]) started.
:app:javaPreCompileDebug (Thread[Execution worker,5,main]) started.
Resolve mutations for :app:mergeDebugShaders (Thread[Execution worker Thread 3,5,main]) started.
:app:mergeDebugShaders (Thread[Execution worker Thread 3,5,main]) started.

> Task :app:javaPreCompileDebug
Caching disabled for task ':app:javaPreCompileDebug' because:
  Build cache is disabled
Task ':app:javaPreCompileDebug' is not up-to-date because:
  No history is available.

> Task :app:mergeDebugShaders
Caching disabled for task ':app:mergeDebugShaders' because:
  Build cache is disabled
  Simple merging task
Task ':app:mergeDebugShaders' is not up-to-date because:
  No history is available.
The input changes require a full rebuild for incremental task ':app:mergeDebugShaders'.
Resolve mutations for :app:compileDebugShaders (Thread[Execution worker Thread 3,5,main]) started.
:app:compileDebugShaders (Thread[Execution worker Thread 3,5,main]) started.

> Task :app:compileDebugShaders NO-SOURCE
Skipping task ':app:compileDebugShaders' as it has no source files and no previous output files.

> Task :app:processDebugManifestForPackage
Custom actions are attached to task ':app:processDebugManifestForPackage'.
Caching disabled for task ':app:processDebugManifestForPackage' because:
  Build cache is disabled
Task ':app:processDebugManifestForPackage' is not up-to-date because:
  No history is available.
Resolve mutations for :app:processDebugResources (Thread[Execution worker Thread 3,5,main]) started.
:app:processDebugResources (Thread[Execution worker Thread 3,5,main]) started.
Resolve mutations for :app:generateDebugAssets (Thread[Execution worker,5,main]) started.
:app:generateDebugAssets (Thread[Execution worker,5,main]) started.

> Task :app:generateDebugAssets UP-TO-DATE
Skipping task ':app:generateDebugAssets' as it has no actions.
Resolve mutations for :app:mergeDebugAssets (Thread[Execution worker Thread 2,5,main]) started.
:app:mergeDebugAssets (Thread[included builds,5,main]) started.

> Task :app:mergeDebugAssets
Transforming appcompat-resources-1.7.0.aar (androidx.appcompat:appcompat-resources:1.7.0) with ExtractAarTransform
Transforming appcompat-resources-1.7.0.aar (androidx.appcompat:appcompat-resources:1.7.0) with AarTransform
Transforming appcompat-1.7.0.aar (androidx.appcompat:appcompat:1.7.0) with ExtractAarTransform
Transforming appcompat-1.7.0.aar (androidx.appcompat:appcompat:1.7.0) with AarTransform
Transforming webkit-1.12.1.aar (androidx.webkit:webkit:1.12.1) with ExtractAarTransform
Transforming webkit-1.12.1.aar (androidx.webkit:webkit:1.12.1) with AarTransform
Transforming drawerlayout-1.0.0.aar (androidx.drawerlayout:drawerlayout:1.0.0) with ExtractAarTransform
Transforming drawerlayout-1.0.0.aar (androidx.drawerlayout:drawerlayout:1.0.0) with AarTransform
Transforming emoji2-views-helper-1.3.0.aar (androidx.emoji2:emoji2-views-helper:1.3.0) with ExtractAarTransform
Transforming emoji2-views-helper-1.3.0.aar (androidx.emoji2:emoji2-views-helper:1.3.0) with AarTransform
Transforming emoji2-1.3.0.aar (androidx.emoji2:emoji2:1.3.0) with ExtractAarTransform
Transforming emoji2-1.3.0.aar (androidx.emoji2:emoji2:1.3.0) with AarTransform
Transforming work-runtime-ktx-2.10.1.aar (androidx.work:work-runtime-ktx:2.10.1) with ExtractAarTransform
Transforming work-runtime-ktx-2.10.1.aar (androidx.work:work-runtime-ktx:2.10.1) with AarTransform
Transforming work-runtime-2.10.1.aar (androidx.work:work-runtime:2.10.1) with ExtractAarTransform
Transforming work-runtime-2.10.1.aar (androidx.work:work-runtime:2.10.1) with AarTransform
Transforming vectordrawable-animated-1.1.0.aar (androidx.vectordrawable:vectordrawable-animated:1.1.0) with ExtractAarTransform
Transforming vectordrawable-animated-1.1.0.aar (androidx.vectordrawable:vectordrawable-animated:1.1.0) with AarTransform
Transforming vectordrawable-1.1.0.aar (androidx.vectordrawable:vectordrawable:1.1.0) with ExtractAarTransform
Transforming vectordrawable-1.1.0.aar (androidx.vectordrawable:vectordrawable:1.1.0) with AarTransform
Transforming vectordrawable-1.1.0.aar (androidx.vectordrawable:vectordrawable:1.1.0) with ExtractAarTransform
Transforming vectordrawable-1.1.0.aar (androidx.vectordrawable:vectordrawable:1.1.0) with AarTransform
Transforming fragment-1.5.4.aar (androidx.fragment:fragment:1.5.4) with ExtractAarTransform
Transforming fragment-1.5.4.aar (androidx.fragment:fragment:1.5.4) with AarTransform
Transforming viewpager-1.0.0.aar (androidx.viewpager:viewpager:1.0.0) with ExtractAarTransform
Transforming viewpager-1.0.0.aar (androidx.viewpager:viewpager:1.0.0) with AarTransform
Transforming customview-1.0.0.aar (androidx.customview:customview:1.0.0) with ExtractAarTransform
Transforming customview-1.0.0.aar (androidx.customview:customview:1.0.0) with AarTransform
Transforming customview-1.0.0.aar (androidx.customview:customview:1.0.0) with ExtractAarTransform
Transforming customview-1.0.0.aar (androidx.customview:customview:1.0.0) with AarTransform
Transforming loader-1.0.0.aar (androidx.loader:loader:1.0.0) with ExtractAarTransform
Transforming loader-1.0.0.aar (androidx.loader:loader:1.0.0) with AarTransform
Transforming core-1.15.0.aar (androidx.core:core:1.15.0) with ExtractAarTransform
Transforming core-1.15.0.aar (androidx.core:core:1.15.0) with AarTransform
Transforming core-1.15.0.aar (androidx.core:core:1.15.0) with ExtractAarTransform
Transforming core-1.15.0.aar (androidx.core:core:1.15.0) with AarTransform
Transforming core-1.15.0.aar (androidx.core:core:1.15.0) with ExtractAarTransform
Transforming core-1.15.0.aar (androidx.core:core:1.15.0) with AarTransform
Transforming core-1.15.0.aar (androidx.core:core:1.15.0) with ExtractAarTransform
Transforming core-1.15.0.aar (androidx.core:core:1.15.0) with AarTransform
Transforming core-1.15.0.aar (androidx.core:core:1.15.0) with ExtractAarTransform
Transforming core-1.15.0.aar (androidx.core:core:1.15.0) with AarTransform
Transforming core-1.15.0.aar (androidx.core:core:1.15.0) with ExtractAarTransform
Transforming core-1.15.0.aar (androidx.core:core:1.15.0) with AarTransform
Transforming activity-ktx-1.10.0.aar (androidx.activity:activity-ktx:1.10.0) with ExtractAarTransform
Transforming activity-ktx-1.10.0.aar (androidx.activity:activity-ktx:1.10.0) with AarTransform
Transforming activity-1.10.0.aar (androidx.activity:activity:1.10.0) with ExtractAarTransform
Transforming activity-1.10.0.aar (androidx.activity:activity:1.10.0) with AarTransform
Transforming savedstate-ktx-1.2.1.aar (androidx.savedstate:savedstate-ktx:1.2.1) with ExtractAarTransform
Transforming savedstate-ktx-1.2.1.aar (androidx.savedstate:savedstate-ktx:1.2.1) with AarTransform
Transforming savedstate-1.2.1.aar (androidx.savedstate:savedstate:1.2.1) with ExtractAarTransform
Transforming savedstate-1.2.1.aar (androidx.savedstate:savedstate:1.2.1) with AarTransform
Transforming lifecycle-viewmodel-ktx-2.6.2.aar (androidx.lifecycle:lifecycle-viewmodel-ktx:2.6.2) with ExtractAarTransform
Transforming lifecycle-viewmodel-ktx-2.6.2.aar (androidx.lifecycle:lifecycle-viewmodel-ktx:2.6.2) with AarTransform
Transforming lifecycle-viewmodel-2.6.2.aar (androidx.lifecycle:lifecycle-viewmodel:2.6.2) with ExtractAarTransform
Transforming lifecycle-viewmodel-2.6.2.aar (androidx.lifecycle:lifecycle-viewmodel:2.6.2) with AarTransform
Transforming lifecycle-viewmodel-2.6.2.aar (androidx.lifecycle:lifecycle-viewmodel:2.6.2) with ExtractAarTransform
Transforming lifecycle-viewmodel-2.6.2.aar (androidx.lifecycle:lifecycle-viewmodel:2.6.2) with AarTransform
Transforming lifecycle-runtime-ktx-2.6.2.aar (androidx.lifecycle:lifecycle-runtime-ktx:2.6.2) with ExtractAarTransform
Transforming lifecycle-runtime-ktx-2.6.2.aar (androidx.lifecycle:lifecycle-runtime-ktx:2.6.2) with AarTransform
Transforming lifecycle-process-2.6.2.aar (androidx.lifecycle:lifecycle-process:2.6.2) with ExtractAarTransform
Transforming lifecycle-process-2.6.2.aar (androidx.lifecycle:lifecycle-process:2.6.2) with AarTransform
Transforming lifecycle-livedata-core-2.6.2.aar (androidx.lifecycle:lifecycle-livedata-core:2.6.2) with ExtractAarTransform
Transforming lifecycle-livedata-core-2.6.2.aar (androidx.lifecycle:lifecycle-livedata-core:2.6.2) with AarTransform
Transforming lifecycle-service-2.6.2.aar (androidx.lifecycle:lifecycle-service:2.6.2) with ExtractAarTransform
Transforming lifecycle-service-2.6.2.aar (androidx.lifecycle:lifecycle-service:2.6.2) with AarTransform
Transforming lifecycle-livedata-2.6.2.aar (androidx.lifecycle:lifecycle-livedata:2.6.2) with ExtractAarTransform
Transforming lifecycle-livedata-2.6.2.aar (androidx.lifecycle:lifecycle-livedata:2.6.2) with AarTransform
Transforming lifecycle-livedata-2.6.2.aar (androidx.lifecycle:lifecycle-livedata:2.6.2) with ExtractAarTransform
Transforming lifecycle-livedata-2.6.2.aar (androidx.lifecycle:lifecycle-livedata:2.6.2) with AarTransform
Transforming lifecycle-runtime-2.6.2.aar (androidx.lifecycle:lifecycle-runtime:2.6.2) with ExtractAarTransform
Transforming lifecycle-runtime-2.6.2.aar (androidx.lifecycle:lifecycle-runtime:2.6.2) with AarTransform
Transforming lifecycle-viewmodel-savedstate-2.6.2.aar (androidx.lifecycle:lifecycle-viewmodel-savedstate:2.6.2) with ExtractAarTransform
Transforming lifecycle-viewmodel-savedstate-2.6.2.aar (androidx.lifecycle:lifecycle-viewmodel-savedstate:2.6.2) with AarTransform
Transforming core-ktx-1.15.0.aar (androidx.core:core-ktx:1.15.0) with ExtractAarTransform
Transforming core-ktx-1.15.0.aar (androidx.core:core-ktx:1.15.0) with AarTransform
Transforming room-ktx-2.6.1.aar (androidx.room:room-ktx:2.6.1) with ExtractAarTransform
Transforming room-ktx-2.6.1.aar (androidx.room:room-ktx:2.6.1) with AarTransform
Transforming room-runtime-2.6.1.aar (androidx.room:room-runtime:2.6.1) with ExtractAarTransform
Transforming room-runtime-2.6.1.aar (androidx.room:room-runtime:2.6.1) with AarTransform
Transforming annotation-experimental-1.4.1.aar (androidx.annotation:annotation-experimental:1.4.1) with ExtractAarTransform
Transforming annotation-experimental-1.4.1.aar (androidx.annotation:annotation-experimental:1.4.1) with AarTransform
Transforming cursoradapter-1.0.0.aar (androidx.cursoradapter:cursoradapter:1.0.0) with ExtractAarTransform
Transforming cursoradapter-1.0.0.aar (androidx.cursoradapter:cursoradapter:1.0.0) with AarTransform
Transforming interpolator-1.0.0.aar (androidx.interpolator:interpolator:1.0.0) with ExtractAarTransform
Transforming interpolator-1.0.0.aar (androidx.interpolator:interpolator:1.0.0) with AarTransform
Transforming interpolator-1.0.0.aar (androidx.interpolator:interpolator:1.0.0) with ExtractAarTransform
Transforming interpolator-1.0.0.aar (androidx.interpolator:interpolator:1.0.0) with AarTransform
Transforming profileinstaller-1.4.0.aar (androidx.profileinstaller:profileinstaller:1.4.0) with ExtractAarTransform
Transforming profileinstaller-1.4.0.aar (androidx.profileinstaller:profileinstaller:1.4.0) with AarTransform
Transforming startup-runtime-1.1.1.aar (androidx.startup:startup-runtime:1.1.1) with ExtractAarTransform
Transforming startup-runtime-1.1.1.aar (androidx.startup:startup-runtime:1.1.1) with AarTransform
Transforming tracing-ktx-1.2.0.aar (androidx.tracing:tracing-ktx:1.2.0) with ExtractAarTransform
Transforming tracing-ktx-1.2.0.aar (androidx.tracing:tracing-ktx:1.2.0) with AarTransform
Transforming tracing-1.2.0.aar (androidx.tracing:tracing:1.2.0) with ExtractAarTransform
Transforming tracing-1.2.0.aar (androidx.tracing:tracing:1.2.0) with AarTransform
Transforming versionedparcelable-1.1.1.aar (androidx.versionedparcelable:versionedparcelable:1.1.1) with ExtractAarTransform
Transforming versionedparcelable-1.1.1.aar (androidx.versionedparcelable:versionedparcelable:1.1.1) with AarTransform
Transforming core-runtime-2.2.0.aar (androidx.arch.core:core-runtime:2.2.0) with ExtractAarTransform
Transforming core-runtime-2.2.0.aar (androidx.arch.core:core-runtime:2.2.0) with AarTransform
Transforming sqlite-framework-2.4.0.aar (androidx.sqlite:sqlite-framework:2.4.0) with ExtractAarTransform
Transforming sqlite-framework-2.4.0.aar (androidx.sqlite:sqlite-framework:2.4.0) with AarTransform
Transforming sqlite-2.4.0.aar (androidx.sqlite:sqlite:2.4.0) with ExtractAarTransform
Transforming sqlite-2.4.0.aar (androidx.sqlite:sqlite:2.4.0) with AarTransform
Caching disabled for task ':app:mergeDebugAssets' because:
  Build cache is disabled
  Simple merging task
Task ':app:mergeDebugAssets' is not up-to-date because:
  No history is available.
The input changes require a full rebuild for incremental task ':app:mergeDebugAssets'.
Resolve mutations for :app:compressDebugAssets (Thread[included builds,5,main]) started.
:app:compressDebugAssets (Thread[Execution worker,5,main]) started.

> Task :app:compressDebugAssets
Caching disabled for task ':app:compressDebugAssets' because:
  Build cache is disabled
Task ':app:compressDebugAssets' is not up-to-date because:
  No history is available.
The input changes require a full rebuild for incremental task ':app:compressDebugAssets'.
Resolve mutations for :app:desugarDebugFileDependencies (Thread[Execution worker,5,main]) started.
:app:desugarDebugFileDependencies (Thread[Execution worker,5,main]) started.

> Task :app:desugarDebugFileDependencies
Caching disabled for task ':app:desugarDebugFileDependencies' because:
  Build cache is disabled
Task ':app:desugarDebugFileDependencies' is not up-to-date because:
  No history is available.
Resolve mutations for :app:checkDebugDuplicateClasses (Thread[Execution worker,5,main]) started.
:app:checkDebugDuplicateClasses (Thread[Execution worker,5,main]) started.
Resolve mutations for :app:mergeDebugJniLibFolders (Thread[Execution worker Thread 2,5,main]) started.
:app:mergeDebugJniLibFolders (Thread[Execution worker Thread 2,5,main]) started.

> Task :app:mergeDebugJniLibFolders
Caching disabled for task ':app:mergeDebugJniLibFolders' because:
  Build cache is disabled
  Simple merging task
Task ':app:mergeDebugJniLibFolders' is not up-to-date because:
  No history is available.
The input changes require a full rebuild for incremental task ':app:mergeDebugJniLibFolders'.
Resolve mutations for :app:mergeDebugNativeLibs (Thread[Execution worker Thread 2,5,main]) started.
:app:mergeDebugNativeLibs (Thread[Execution worker Thread 2,5,main]) started.

> Task :app:checkDebugDuplicateClasses
Transforming appcompat-resources-1.7.0.aar (androidx.appcompat:appcompat-resources:1.7.0) with AarToClassTransform
Transforming appcompat-1.7.0.aar (androidx.appcompat:appcompat:1.7.0) with AarToClassTransform
Transforming webkit-1.12.1.aar (androidx.webkit:webkit:1.12.1) with AarToClassTransform
Transforming drawerlayout-1.0.0.aar (androidx.drawerlayout:drawerlayout:1.0.0) with AarToClassTransform
Transforming emoji2-views-helper-1.3.0.aar (androidx.emoji2:emoji2-views-helper:1.3.0) with AarToClassTransform
Transforming emoji2-1.3.0.aar (androidx.emoji2:emoji2:1.3.0) with AarToClassTransform
Transforming work-runtime-ktx-2.10.1.aar (androidx.work:work-runtime-ktx:2.10.1) with AarToClassTransform
Transforming work-runtime-2.10.1.aar (androidx.work:work-runtime:2.10.1) with AarToClassTransform
Transforming vectordrawable-animated-1.1.0.aar (androidx.vectordrawable:vectordrawable-animated:1.1.0) with AarToClassTransform
Transforming vectordrawable-1.1.0.aar (androidx.vectordrawable:vectordrawable:1.1.0) with AarToClassTransform
Transforming vectordrawable-1.1.0.aar (androidx.vectordrawable:vectordrawable:1.1.0) with AarToClassTransform
Transforming fragment-1.5.4.aar (androidx.fragment:fragment:1.5.4) with AarToClassTransform
Transforming viewpager-1.0.0.aar (androidx.viewpager:viewpager:1.0.0) with AarToClassTransform
Transforming customview-1.0.0.aar (androidx.customview:customview:1.0.0) with AarToClassTransform
Transforming customview-1.0.0.aar (androidx.customview:customview:1.0.0) with AarToClassTransform
Transforming loader-1.0.0.aar (androidx.loader:loader:1.0.0) with AarToClassTransform
Transforming core-1.15.0.aar (androidx.core:core:1.15.0) with AarToClassTransform
Transforming core-1.15.0.aar (androidx.core:core:1.15.0) with AarToClassTransform
Transforming core-1.15.0.aar (androidx.core:core:1.15.0) with AarToClassTransform
Transforming core-1.15.0.aar (androidx.core:core:1.15.0) with AarToClassTransform
Transforming core-1.15.0.aar (androidx.core:core:1.15.0) with AarToClassTransform
Transforming core-1.15.0.aar (androidx.core:core:1.15.0) with AarToClassTransform
Transforming activity-ktx-1.10.0.aar (androidx.activity:activity-ktx:1.10.0) with AarToClassTransform
Transforming activity-1.10.0.aar (androidx.activity:activity:1.10.0) with AarToClassTransform
Transforming savedstate-ktx-1.2.1.aar (androidx.savedstate:savedstate-ktx:1.2.1) with AarToClassTransform
Transforming savedstate-1.2.1.aar (androidx.savedstate:savedstate:1.2.1) with AarToClassTransform
Transforming lifecycle-viewmodel-ktx-2.6.2.aar (androidx.lifecycle:lifecycle-viewmodel-ktx:2.6.2) with AarToClassTransform
Transforming lifecycle-viewmodel-2.6.2.aar (androidx.lifecycle:lifecycle-viewmodel:2.6.2) with AarToClassTransform
Transforming lifecycle-viewmodel-2.6.2.aar (androidx.lifecycle:lifecycle-viewmodel:2.6.2) with AarToClassTransform
Transforming lifecycle-runtime-ktx-2.6.2.aar (androidx.lifecycle:lifecycle-runtime-ktx:2.6.2) with AarToClassTransform
Transforming lifecycle-process-2.6.2.aar (androidx.lifecycle:lifecycle-process:2.6.2) with AarToClassTransform
Transforming lifecycle-livedata-core-2.6.2.aar (androidx.lifecycle:lifecycle-livedata-core:2.6.2) with AarToClassTransform
Transforming appcompat-resources-1.7.0.aar (androidx.appcompat:appcompat-resources:1.7.0) with EnumerateClassesTransform
Transforming drawerlayout-1.0.0.aar (androidx.drawerlayout:drawerlayout:1.0.0) with EnumerateClassesTransform
Transforming webkit-1.12.1.aar (androidx.webkit:webkit:1.12.1) with EnumerateClassesTransform
Transforming lifecycle-service-2.6.2.aar (androidx.lifecycle:lifecycle-service:2.6.2) with AarToClassTransform
Transforming lifecycle-livedata-2.6.2.aar (androidx.lifecycle:lifecycle-livedata:2.6.2) with AarToClassTransform
Transforming lifecycle-livedata-2.6.2.aar (androidx.lifecycle:lifecycle-livedata:2.6.2) with AarToClassTransform
Transforming lifecycle-runtime-2.6.2.aar (androidx.lifecycle:lifecycle-runtime:2.6.2) with AarToClassTransform
Transforming emoji2-views-helper-1.3.0.aar (androidx.emoji2:emoji2-views-helper:1.3.0) with EnumerateClassesTransform
Transforming lifecycle-viewmodel-savedstate-2.6.2.aar (androidx.lifecycle:lifecycle-viewmodel-savedstate:2.6.2) with AarToClassTransform
Transforming core-ktx-1.15.0.aar (androidx.core:core-ktx:1.15.0) with AarToClassTransform
Transforming room-ktx-2.6.1.aar (androidx.room:room-ktx:2.6.1) with AarToClassTransform
Transforming room-runtime-2.6.1.aar (androidx.room:room-runtime:2.6.1) with AarToClassTransform
Transforming annotation-experimental-1.4.1.aar (androidx.annotation:annotation-experimental:1.4.1) with AarToClassTransform
Transforming cursoradapter-1.0.0.aar (androidx.cursoradapter:cursoradapter:1.0.0) with AarToClassTransform
Transforming interpolator-1.0.0.aar (androidx.interpolator:interpolator:1.0.0) with AarToClassTransform
Transforming interpolator-1.0.0.aar (androidx.interpolator:interpolator:1.0.0) with AarToClassTransform
Transforming profileinstaller-1.4.0.aar (androidx.profileinstaller:profileinstaller:1.4.0) with AarToClassTransform
Transforming emoji2-1.3.0.aar (androidx.emoji2:emoji2:1.3.0) with EnumerateClassesTransform
Transforming startup-runtime-1.1.1.aar (androidx.startup:startup-runtime:1.1.1) with AarToClassTransform
Transforming tracing-ktx-1.2.0.aar (androidx.tracing:tracing-ktx:1.2.0) with AarToClassTransform
Transforming work-runtime-ktx-2.10.1.aar (androidx.work:work-runtime-ktx:2.10.1) with EnumerateClassesTransform
Transforming tracing-1.2.0.aar (androidx.tracing:tracing:1.2.0) with AarToClassTransform
Transforming versionedparcelable-1.1.1.aar (androidx.versionedparcelable:versionedparcelable:1.1.1) with AarToClassTransform
Transforming core-runtime-2.2.0.aar (androidx.arch.core:core-runtime:2.2.0) with AarToClassTransform
Transforming work-runtime-2.10.1.aar (androidx.work:work-runtime:2.10.1) with EnumerateClassesTransform
Transforming sqlite-framework-2.4.0.aar (androidx.sqlite:sqlite-framework:2.4.0) with AarToClassTransform
Transforming sqlite-2.4.0.aar (androidx.sqlite:sqlite:2.4.0) with AarToClassTransform
Transforming vectordrawable-animated-1.1.0.aar (androidx.vectordrawable:vectordrawable-animated:1.1.0) with EnumerateClassesTransform
Transforming vectordrawable-1.1.0.aar (androidx.vectordrawable:vectordrawable:1.1.0) with EnumerateClassesTransform
Transforming vectordrawable-1.1.0.aar (androidx.vectordrawable:vectordrawable:1.1.0) with EnumerateClassesTransform
Transforming viewpager-1.0.0.aar (androidx.viewpager:viewpager:1.0.0) with EnumerateClassesTransform
Transforming customview-1.0.0.aar (androidx.customview:customview:1.0.0) with EnumerateClassesTransform
Transforming fragment-1.5.4.aar (androidx.fragment:fragment:1.5.4) with EnumerateClassesTransform
Transforming loader-1.0.0.aar (androidx.loader:loader:1.0.0) with EnumerateClassesTransform
Transforming core-1.15.0.aar (androidx.core:core:1.15.0) with EnumerateClassesTransform
Transforming core-1.15.0.aar (androidx.core:core:1.15.0) with EnumerateClassesTransform
Transforming activity-1.10.0.aar (androidx.activity:activity:1.10.0) with EnumerateClassesTransform
Transforming activity-ktx-1.10.0.aar (androidx.activity:activity-ktx:1.10.0) with EnumerateClassesTransform
Transforming savedstate-ktx-1.2.1.aar (androidx.savedstate:savedstate-ktx:1.2.1) with EnumerateClassesTransform
Transforming savedstate-1.2.1.aar (androidx.savedstate:savedstate:1.2.1) with EnumerateClassesTransform
Transforming lifecycle-viewmodel-ktx-2.6.2.aar (androidx.lifecycle:lifecycle-viewmodel-ktx:2.6.2) with EnumerateClassesTransform
Transforming lifecycle-viewmodel-2.6.2.aar (androidx.lifecycle:lifecycle-viewmodel:2.6.2) with EnumerateClassesTransform
Transforming lifecycle-viewmodel-2.6.2.aar (androidx.lifecycle:lifecycle-viewmodel:2.6.2) with EnumerateClassesTransform
Transforming lifecycle-runtime-ktx-2.6.2.aar (androidx.lifecycle:lifecycle-runtime-ktx:2.6.2) with EnumerateClassesTransform
Transforming lifecycle-livedata-core-2.6.2.aar (androidx.lifecycle:lifecycle-livedata-core:2.6.2) with EnumerateClassesTransform
Transforming lifecycle-process-2.6.2.aar (androidx.lifecycle:lifecycle-process:2.6.2) with EnumerateClassesTransform
Transforming lifecycle-common-2.6.2.jar (androidx.lifecycle:lifecycle-common:2.6.2) with IdentityTransform
Transforming lifecycle-service-2.6.2.aar (androidx.lifecycle:lifecycle-service:2.6.2) with EnumerateClassesTransform
Transforming lifecycle-common-2.6.2.jar (androidx.lifecycle:lifecycle-common:2.6.2) with EnumerateClassesTransform
Transforming lifecycle-livedata-2.6.2.aar (androidx.lifecycle:lifecycle-livedata:2.6.2) with EnumerateClassesTransform
Transforming lifecycle-livedata-2.6.2.aar (androidx.lifecycle:lifecycle-livedata:2.6.2) with EnumerateClassesTransform
Transforming lifecycle-runtime-2.6.2.aar (androidx.lifecycle:lifecycle-runtime:2.6.2) with EnumerateClassesTransform
Transforming lifecycle-viewmodel-savedstate-2.6.2.aar (androidx.lifecycle:lifecycle-viewmodel-savedstate:2.6.2) with EnumerateClassesTransform
Transforming room-common-2.6.1.jar (androidx.room:room-common:2.6.1) with IdentityTransform
Transforming core-ktx-1.15.0.aar (androidx.core:core-ktx:1.15.0) with EnumerateClassesTransform
Transforming room-common-2.6.1.jar (androidx.room:room-common:2.6.1) with EnumerateClassesTransform
Transforming room-ktx-2.6.1.aar (androidx.room:room-ktx:2.6.1) with EnumerateClassesTransform
Transforming room-runtime-2.6.1.aar (androidx.room:room-runtime:2.6.1) with EnumerateClassesTransform
Transforming annotation-experimental-1.4.1.aar (androidx.annotation:annotation-experimental:1.4.1) with EnumerateClassesTransform
Transforming resourceinspection-annotation-1.0.1.jar (androidx.resourceinspection:resourceinspection-annotation:1.0.1) with IdentityTransform
Transforming cursoradapter-1.0.0.aar (androidx.cursoradapter:cursoradapter:1.0.0) with EnumerateClassesTransform
Transforming resourceinspection-annotation-1.0.1.jar (androidx.resourceinspection:resourceinspection-annotation:1.0.1) with EnumerateClassesTransform
Transforming interpolator-1.0.0.aar (androidx.interpolator:interpolator:1.0.0) with EnumerateClassesTransform
Transforming interpolator-1.0.0.aar (androidx.interpolator:interpolator:1.0.0) with EnumerateClassesTransform
Transforming profileinstaller-1.4.0.aar (androidx.profileinstaller:profileinstaller:1.4.0) with EnumerateClassesTransform
Transforming tracing-ktx-1.2.0.aar (androidx.tracing:tracing-ktx:1.2.0) with EnumerateClassesTransform
Transforming startup-runtime-1.1.1.aar (androidx.startup:startup-runtime:1.1.1) with EnumerateClassesTransform
Transforming collection-jvm-1.4.2.jar (androidx.collection:collection-jvm:1.4.2) with IdentityTransform
Transforming tracing-1.2.0.aar (androidx.tracing:tracing:1.2.0) with EnumerateClassesTransform
Transforming versionedparcelable-1.1.1.aar (androidx.versionedparcelable:versionedparcelable:1.1.1) with EnumerateClassesTransform
Transforming core-common-2.2.0.jar (androidx.arch.core:core-common:2.2.0) with IdentityTransform
Transforming collection-jvm-1.4.2.jar (androidx.collection:collection-jvm:1.4.2) with EnumerateClassesTransform
Transforming core-runtime-2.2.0.aar (androidx.arch.core:core-runtime:2.2.0) with EnumerateClassesTransform
Transforming core-common-2.2.0.jar (androidx.arch.core:core-common:2.2.0) with EnumerateClassesTransform
Transforming concurrent-futures-ktx-1.1.0.jar (androidx.concurrent:concurrent-futures-ktx:1.1.0) with IdentityTransform
Transforming concurrent-futures-1.1.0.jar (androidx.concurrent:concurrent-futures:1.1.0) with IdentityTransform
Transforming concurrent-futures-ktx-1.1.0.jar (androidx.concurrent:concurrent-futures-ktx:1.1.0) with EnumerateClassesTransform
Transforming sqlite-framework-2.4.0.aar (androidx.sqlite:sqlite-framework:2.4.0) with EnumerateClassesTransform
Transforming concurrent-futures-1.1.0.jar (androidx.concurrent:concurrent-futures:1.1.0) with EnumerateClassesTransform
Transforming kotlinx-coroutines-android-1.7.3.jar (org.jetbrains.kotlinx:kotlinx-coroutines-android:1.7.3) with IdentityTransform
Transforming annotation-jvm-1.8.1.jar (androidx.annotation:annotation-jvm:1.8.1) with IdentityTransform
Transforming sqlite-2.4.0.aar (androidx.sqlite:sqlite:2.4.0) with EnumerateClassesTransform
Transforming kotlinx-coroutines-android-1.7.3.jar (org.jetbrains.kotlinx:kotlinx-coroutines-android:1.7.3) with EnumerateClassesTransform
Transforming kotlinx-coroutines-core-jvm-1.7.3.jar (org.jetbrains.kotlinx:kotlinx-coroutines-core-jvm:1.7.3) with IdentityTransform
Transforming annotation-jvm-1.8.1.jar (androidx.annotation:annotation-jvm:1.8.1) with EnumerateClassesTransform
Transforming kotlin-stdlib-jdk8-1.8.22.jar (org.jetbrains.kotlin:kotlin-stdlib-jdk8:1.8.22) with IdentityTransform
Transforming kotlinx-coroutines-core-jvm-1.7.3.jar (org.jetbrains.kotlinx:kotlinx-coroutines-core-jvm:1.7.3) with EnumerateClassesTransform
Transforming kotlin-stdlib-jdk7-1.8.22.jar (org.jetbrains.kotlin:kotlin-stdlib-jdk7:1.8.22) with IdentityTransform
Transforming kotlin-stdlib-jdk8-1.8.22.jar (org.jetbrains.kotlin:kotlin-stdlib-jdk8:1.8.22) with EnumerateClassesTransform
Transforming kotlin-stdlib-2.0.21.jar (org.jetbrains.kotlin:kotlin-stdlib:2.0.21) with IdentityTransform
Transforming kotlin-stdlib-jdk7-1.8.22.jar (org.jetbrains.kotlin:kotlin-stdlib-jdk7:1.8.22) with EnumerateClassesTransform
Transforming annotations-23.0.0.jar (org.jetbrains:annotations:23.0.0) with IdentityTransform
Transforming kotlin-stdlib-2.0.21.jar (org.jetbrains.kotlin:kotlin-stdlib:2.0.21) with EnumerateClassesTransform
Transforming annotations-23.0.0.jar (org.jetbrains:annotations:23.0.0) with EnumerateClassesTransform
Transforming listenablefuture-1.0.jar (com.google.guava:listenablefuture:1.0) with IdentityTransform
Transforming listenablefuture-1.0.jar (com.google.guava:listenablefuture:1.0) with EnumerateClassesTransform
Transforming appcompat-1.7.0.aar (androidx.appcompat:appcompat:1.7.0) with EnumerateClassesTransform
Caching disabled for task ':app:checkDebugDuplicateClasses' because:
  Build cache is disabled
  Caching has been disabled for the task
Task ':app:checkDebugDuplicateClasses' is not up-to-date because:
  No history is available.

> Task :app:mergeDebugNativeLibs NO-SOURCE
Transforming appcompat-resources-1.7.0.aar (androidx.appcompat:appcompat-resources:1.7.0) with ExtractAarTransform
Transforming appcompat-resources-1.7.0.aar (androidx.appcompat:appcompat-resources:1.7.0) with AarTransform
Transforming appcompat-1.7.0.aar (androidx.appcompat:appcompat:1.7.0) with ExtractAarTransform
Transforming appcompat-1.7.0.aar (androidx.appcompat:appcompat:1.7.0) with AarTransform
Transforming webkit-1.12.1.aar (androidx.webkit:webkit:1.12.1) with ExtractAarTransform
Transforming webkit-1.12.1.aar (androidx.webkit:webkit:1.12.1) with AarTransform
Transforming drawerlayout-1.0.0.aar (androidx.drawerlayout:drawerlayout:1.0.0) with ExtractAarTransform
Transforming drawerlayout-1.0.0.aar (androidx.drawerlayout:drawerlayout:1.0.0) with AarTransform
Transforming emoji2-views-helper-1.3.0.aar (androidx.emoji2:emoji2-views-helper:1.3.0) with ExtractAarTransform
Transforming emoji2-views-helper-1.3.0.aar (androidx.emoji2:emoji2-views-helper:1.3.0) with AarTransform
Transforming emoji2-1.3.0.aar (androidx.emoji2:emoji2:1.3.0) with ExtractAarTransform
Transforming emoji2-1.3.0.aar (androidx.emoji2:emoji2:1.3.0) with AarTransform
Transforming work-runtime-ktx-2.10.1.aar (androidx.work:work-runtime-ktx:2.10.1) with ExtractAarTransform
Transforming work-runtime-ktx-2.10.1.aar (androidx.work:work-runtime-ktx:2.10.1) with AarTransform
Transforming work-runtime-2.10.1.aar (androidx.work:work-runtime:2.10.1) with ExtractAarTransform
Transforming work-runtime-2.10.1.aar (androidx.work:work-runtime:2.10.1) with AarTransform
Transforming vectordrawable-animated-1.1.0.aar (androidx.vectordrawable:vectordrawable-animated:1.1.0) with ExtractAarTransform
Transforming vectordrawable-animated-1.1.0.aar (androidx.vectordrawable:vectordrawable-animated:1.1.0) with AarTransform
Transforming vectordrawable-1.1.0.aar (androidx.vectordrawable:vectordrawable:1.1.0) with ExtractAarTransform
Transforming vectordrawable-1.1.0.aar (androidx.vectordrawable:vectordrawable:1.1.0) with AarTransform
Transforming vectordrawable-1.1.0.aar (androidx.vectordrawable:vectordrawable:1.1.0) with ExtractAarTransform
Transforming vectordrawable-1.1.0.aar (androidx.vectordrawable:vectordrawable:1.1.0) with AarTransform
Transforming fragment-1.5.4.aar (androidx.fragment:fragment:1.5.4) with ExtractAarTransform
Transforming fragment-1.5.4.aar (androidx.fragment:fragment:1.5.4) with AarTransform
Transforming viewpager-1.0.0.aar (androidx.viewpager:viewpager:1.0.0) with ExtractAarTransform
Transforming viewpager-1.0.0.aar (androidx.viewpager:viewpager:1.0.0) with AarTransform
Transforming customview-1.0.0.aar (androidx.customview:customview:1.0.0) with ExtractAarTransform
Transforming customview-1.0.0.aar (androidx.customview:customview:1.0.0) with AarTransform
Transforming customview-1.0.0.aar (androidx.customview:customview:1.0.0) with ExtractAarTransform
Transforming customview-1.0.0.aar (androidx.customview:customview:1.0.0) with AarTransform
Transforming loader-1.0.0.aar (androidx.loader:loader:1.0.0) with ExtractAarTransform
Transforming loader-1.0.0.aar (androidx.loader:loader:1.0.0) with AarTransform
Transforming core-1.15.0.aar (androidx.core:core:1.15.0) with ExtractAarTransform
Transforming core-1.15.0.aar (androidx.core:core:1.15.0) with AarTransform
Transforming core-1.15.0.aar (androidx.core:core:1.15.0) with ExtractAarTransform
Transforming core-1.15.0.aar (androidx.core:core:1.15.0) with AarTransform
Transforming core-1.15.0.aar (androidx.core:core:1.15.0) with ExtractAarTransform
Transforming core-1.15.0.aar (androidx.core:core:1.15.0) with AarTransform
Transforming core-1.15.0.aar (androidx.core:core:1.15.0) with ExtractAarTransform
Transforming core-1.15.0.aar (androidx.core:core:1.15.0) with AarTransform
Transforming core-1.15.0.aar (androidx.core:core:1.15.0) with ExtractAarTransform
Transforming core-1.15.0.aar (androidx.core:core:1.15.0) with AarTransform
Transforming core-1.15.0.aar (androidx.core:core:1.15.0) with ExtractAarTransform
Transforming core-1.15.0.aar (androidx.core:core:1.15.0) with AarTransform
Transforming activity-ktx-1.10.0.aar (androidx.activity:activity-ktx:1.10.0) with ExtractAarTransform
Transforming activity-ktx-1.10.0.aar (androidx.activity:activity-ktx:1.10.0) with AarTransform
Transforming activity-1.10.0.aar (androidx.activity:activity:1.10.0) with ExtractAarTransform
Transforming activity-1.10.0.aar (androidx.activity:activity:1.10.0) with AarTransform
Transforming savedstate-ktx-1.2.1.aar (androidx.savedstate:savedstate-ktx:1.2.1) with ExtractAarTransform
Transforming savedstate-ktx-1.2.1.aar (androidx.savedstate:savedstate-ktx:1.2.1) with AarTransform
Transforming savedstate-1.2.1.aar (androidx.savedstate:savedstate:1.2.1) with ExtractAarTransform
Transforming savedstate-1.2.1.aar (androidx.savedstate:savedstate:1.2.1) with AarTransform
Transforming lifecycle-viewmodel-ktx-2.6.2.aar (androidx.lifecycle:lifecycle-viewmodel-ktx:2.6.2) with ExtractAarTransform
Transforming lifecycle-viewmodel-ktx-2.6.2.aar (androidx.lifecycle:lifecycle-viewmodel-ktx:2.6.2) with AarTransform
Transforming lifecycle-viewmodel-2.6.2.aar (androidx.lifecycle:lifecycle-viewmodel:2.6.2) with ExtractAarTransform
Transforming lifecycle-viewmodel-2.6.2.aar (androidx.lifecycle:lifecycle-viewmodel:2.6.2) with AarTransform
Transforming lifecycle-viewmodel-2.6.2.aar (androidx.lifecycle:lifecycle-viewmodel:2.6.2) with ExtractAarTransform
Transforming lifecycle-viewmodel-2.6.2.aar (androidx.lifecycle:lifecycle-viewmodel:2.6.2) with AarTransform
Transforming lifecycle-runtime-ktx-2.6.2.aar (androidx.lifecycle:lifecycle-runtime-ktx:2.6.2) with ExtractAarTransform
Transforming lifecycle-runtime-ktx-2.6.2.aar (androidx.lifecycle:lifecycle-runtime-ktx:2.6.2) with AarTransform
Transforming lifecycle-process-2.6.2.aar (androidx.lifecycle:lifecycle-process:2.6.2) with ExtractAarTransform
Transforming lifecycle-process-2.6.2.aar (androidx.lifecycle:lifecycle-process:2.6.2) with AarTransform
Transforming lifecycle-livedata-core-2.6.2.aar (androidx.lifecycle:lifecycle-livedata-core:2.6.2) with ExtractAarTransform
Transforming lifecycle-livedata-core-2.6.2.aar (androidx.lifecycle:lifecycle-livedata-core:2.6.2) with AarTransform
Transforming lifecycle-common-2.6.2.jar (androidx.lifecycle:lifecycle-common:2.6.2) with ExtractJniTransform
Transforming lifecycle-service-2.6.2.aar (androidx.lifecycle:lifecycle-service:2.6.2) with ExtractAarTransform
Transforming lifecycle-service-2.6.2.aar (androidx.lifecycle:lifecycle-service:2.6.2) with AarTransform
Transforming lifecycle-livedata-2.6.2.aar (androidx.lifecycle:lifecycle-livedata:2.6.2) with ExtractAarTransform
Transforming lifecycle-livedata-2.6.2.aar (androidx.lifecycle:lifecycle-livedata:2.6.2) with AarTransform
Transforming lifecycle-livedata-2.6.2.aar (androidx.lifecycle:lifecycle-livedata:2.6.2) with ExtractAarTransform
Transforming lifecycle-livedata-2.6.2.aar (androidx.lifecycle:lifecycle-livedata:2.6.2) with AarTransform
Transforming lifecycle-runtime-2.6.2.aar (androidx.lifecycle:lifecycle-runtime:2.6.2) with ExtractAarTransform
Transforming lifecycle-runtime-2.6.2.aar (androidx.lifecycle:lifecycle-runtime:2.6.2) with AarTransform
Transforming lifecycle-viewmodel-savedstate-2.6.2.aar (androidx.lifecycle:lifecycle-viewmodel-savedstate:2.6.2) with ExtractAarTransform
Transforming lifecycle-viewmodel-savedstate-2.6.2.aar (androidx.lifecycle:lifecycle-viewmodel-savedstate:2.6.2) with AarTransform
Transforming core-ktx-1.15.0.aar (androidx.core:core-ktx:1.15.0) with ExtractAarTransform
Transforming core-ktx-1.15.0.aar (androidx.core:core-ktx:1.15.0) with AarTransform
Transforming room-common-2.6.1.jar (androidx.room:room-common:2.6.1) with ExtractJniTransform
Transforming room-ktx-2.6.1.aar (androidx.room:room-ktx:2.6.1) with ExtractAarTransform
Transforming room-ktx-2.6.1.aar (androidx.room:room-ktx:2.6.1) with AarTransform
Transforming room-runtime-2.6.1.aar (androidx.room:room-runtime:2.6.1) with ExtractAarTransform
Transforming room-runtime-2.6.1.aar (androidx.room:room-runtime:2.6.1) with AarTransform
Transforming annotation-experimental-1.4.1.aar (androidx.annotation:annotation-experimental:1.4.1) with ExtractAarTransform
Transforming annotation-experimental-1.4.1.aar (androidx.annotation:annotation-experimental:1.4.1) with AarTransform
Transforming cursoradapter-1.0.0.aar (androidx.cursoradapter:cursoradapter:1.0.0) with ExtractAarTransform
Transforming cursoradapter-1.0.0.aar (androidx.cursoradapter:cursoradapter:1.0.0) with AarTransform
Transforming resourceinspection-annotation-1.0.1.jar (androidx.resourceinspection:resourceinspection-annotation:1.0.1) with ExtractJniTransform
Transforming interpolator-1.0.0.aar (androidx.interpolator:interpolator:1.0.0) with ExtractAarTransform
Transforming interpolator-1.0.0.aar (androidx.interpolator:interpolator:1.0.0) with AarTransform
Transforming interpolator-1.0.0.aar (androidx.interpolator:interpolator:1.0.0) with ExtractAarTransform
Transforming interpolator-1.0.0.aar (androidx.interpolator:interpolator:1.0.0) with AarTransform
Transforming profileinstaller-1.4.0.aar (androidx.profileinstaller:profileinstaller:1.4.0) with ExtractAarTransform
Transforming profileinstaller-1.4.0.aar (androidx.profileinstaller:profileinstaller:1.4.0) with AarTransform
Transforming startup-runtime-1.1.1.aar (androidx.startup:startup-runtime:1.1.1) with ExtractAarTransform
Transforming startup-runtime-1.1.1.aar (androidx.startup:startup-runtime:1.1.1) with AarTransform
Transforming tracing-ktx-1.2.0.aar (androidx.tracing:tracing-ktx:1.2.0) with ExtractAarTransform
Transforming tracing-ktx-1.2.0.aar (androidx.tracing:tracing-ktx:1.2.0) with AarTransform
Transforming tracing-1.2.0.aar (androidx.tracing:tracing:1.2.0) with ExtractAarTransform
Transforming tracing-1.2.0.aar (androidx.tracing:tracing:1.2.0) with AarTransform
Transforming versionedparcelable-1.1.1.aar (androidx.versionedparcelable:versionedparcelable:1.1.1) with ExtractAarTransform
Transforming versionedparcelable-1.1.1.aar (androidx.versionedparcelable:versionedparcelable:1.1.1) with AarTransform
Transforming collection-jvm-1.4.2.jar (androidx.collection:collection-jvm:1.4.2) with ExtractJniTransform
Transforming core-runtime-2.2.0.aar (androidx.arch.core:core-runtime:2.2.0) with ExtractAarTransform
Transforming core-runtime-2.2.0.aar (androidx.arch.core:core-runtime:2.2.0) with AarTransform
Transforming core-common-2.2.0.jar (androidx.arch.core:core-common:2.2.0) with ExtractJniTransform
Transforming concurrent-futures-ktx-1.1.0.jar (androidx.concurrent:concurrent-futures-ktx:1.1.0) with ExtractJniTransform
Transforming concurrent-futures-1.1.0.jar (androidx.concurrent:concurrent-futures:1.1.0) with ExtractJniTransform
Transforming sqlite-framework-2.4.0.aar (androidx.sqlite:sqlite-framework:2.4.0) with ExtractAarTransform
Transforming sqlite-framework-2.4.0.aar (androidx.sqlite:sqlite-framework:2.4.0) with AarTransform
Transforming sqlite-2.4.0.aar (androidx.sqlite:sqlite:2.4.0) with ExtractAarTransform
Transforming sqlite-2.4.0.aar (androidx.sqlite:sqlite:2.4.0) with AarTransform
Transforming annotation-jvm-1.8.1.jar (androidx.annotation:annotation-jvm:1.8.1) with ExtractJniTransform
Transforming kotlinx-coroutines-android-1.7.3.jar (org.jetbrains.kotlinx:kotlinx-coroutines-android:1.7.3) with ExtractJniTransform
Transforming kotlinx-coroutines-core-jvm-1.7.3.jar (org.jetbrains.kotlinx:kotlinx-coroutines-core-jvm:1.7.3) with ExtractJniTransform
Transforming kotlin-stdlib-jdk8-1.8.22.jar (org.jetbrains.kotlin:kotlin-stdlib-jdk8:1.8.22) with ExtractJniTransform
Transforming kotlin-stdlib-jdk7-1.8.22.jar (org.jetbrains.kotlin:kotlin-stdlib-jdk7:1.8.22) with ExtractJniTransform
Transforming kotlin-stdlib-2.0.21.jar (org.jetbrains.kotlin:kotlin-stdlib:2.0.21) with ExtractJniTransform
Transforming annotations-23.0.0.jar (org.jetbrains:annotations:23.0.0) with ExtractJniTransform
Transforming listenablefuture-1.0.jar (com.google.guava:listenablefuture:1.0) with ExtractJniTransform
Skipping task ':app:mergeDebugNativeLibs' as it has no source files and no previous output files.
Resolve mutations for :app:mergeExtDexDebug (Thread[Execution worker Thread 2,5,main]) started.
:app:mergeExtDexDebug (Thread[Execution worker Thread 2,5,main]) started.
Resolve mutations for :app:mergeLibDexDebug (Thread[Execution worker,5,main]) started.
:app:mergeLibDexDebug (Thread[included builds,5,main]) started.
Resolve mutations for :app:stripDebugDebugSymbols (Thread[Execution worker,5,main]) started.
:app:stripDebugDebugSymbols (Thread[Execution worker,5,main]) started.

> Task :app:stripDebugDebugSymbols NO-SOURCE
Skipping task ':app:stripDebugDebugSymbols' as it has no source files and no previous output files.
Resolve mutations for :app:validateSigningDebug (Thread[Execution worker,5,main]) started.
:app:validateSigningDebug (Thread[Execution worker,5,main]) started.

> Task :app:mergeLibDexDebug
Caching disabled for task ':app:mergeLibDexDebug' because:
  Build cache is disabled
Task ':app:mergeLibDexDebug' is not up-to-date because:
  No history is available.
The input changes require a full rebuild for incremental task ':app:mergeLibDexDebug'.

> Task :app:processDebugResources
Transforming aapt2-8.7.3-12006047-linux.jar (com.android.tools.build:aapt2:8.7.3-12006047) with Aapt2Extractor
Transforming appcompat-resources-1.7.0.aar (androidx.appcompat:appcompat-resources:1.7.0) with ExtractAarTransform
Transforming appcompat-resources-1.7.0.aar (androidx.appcompat:appcompat-resources:1.7.0) with AarResourcesCompilerTransform
Transforming appcompat-1.7.0.aar (androidx.appcompat:appcompat:1.7.0) with ExtractAarTransform
Transforming appcompat-1.7.0.aar (androidx.appcompat:appcompat:1.7.0) with AarResourcesCompilerTransform
Transforming webkit-1.12.1.aar (androidx.webkit:webkit:1.12.1) with ExtractAarTransform
Transforming webkit-1.12.1.aar (androidx.webkit:webkit:1.12.1) with AarResourcesCompilerTransform
Transforming drawerlayout-1.0.0.aar (androidx.drawerlayout:drawerlayout:1.0.0) with ExtractAarTransform
Transforming drawerlayout-1.0.0.aar (androidx.drawerlayout:drawerlayout:1.0.0) with AarResourcesCompilerTransform
Transforming emoji2-views-helper-1.3.0.aar (androidx.emoji2:emoji2-views-helper:1.3.0) with ExtractAarTransform
Transforming emoji2-views-helper-1.3.0.aar (androidx.emoji2:emoji2-views-helper:1.3.0) with AarResourcesCompilerTransform
Transforming emoji2-1.3.0.aar (androidx.emoji2:emoji2:1.3.0) with ExtractAarTransform
Transforming emoji2-1.3.0.aar (androidx.emoji2:emoji2:1.3.0) with AarResourcesCompilerTransform
Transforming work-runtime-ktx-2.10.1.aar (androidx.work:work-runtime-ktx:2.10.1) with ExtractAarTransform
Transforming work-runtime-ktx-2.10.1.aar (androidx.work:work-runtime-ktx:2.10.1) with AarResourcesCompilerTransform
Transforming work-runtime-2.10.1.aar (androidx.work:work-runtime:2.10.1) with ExtractAarTransform
Transforming work-runtime-2.10.1.aar (androidx.work:work-runtime:2.10.1) with AarResourcesCompilerTransform
Transforming vectordrawable-animated-1.1.0.aar (androidx.vectordrawable:vectordrawable-animated:1.1.0) with ExtractAarTransform
Transforming vectordrawable-animated-1.1.0.aar (androidx.vectordrawable:vectordrawable-animated:1.1.0) with AarResourcesCompilerTransform
Transforming vectordrawable-1.1.0.aar (androidx.vectordrawable:vectordrawable:1.1.0) with ExtractAarTransform
Transforming vectordrawable-1.1.0.aar (androidx.vectordrawable:vectordrawable:1.1.0) with AarResourcesCompilerTransform
Transforming vectordrawable-1.1.0.aar (androidx.vectordrawable:vectordrawable:1.1.0) with ExtractAarTransform
Transforming vectordrawable-1.1.0.aar (androidx.vectordrawable:vectordrawable:1.1.0) with AarResourcesCompilerTransform
Transforming fragment-1.5.4.aar (androidx.fragment:fragment:1.5.4) with ExtractAarTransform
Transforming fragment-1.5.4.aar (androidx.fragment:fragment:1.5.4) with AarResourcesCompilerTransform
Transforming viewpager-1.0.0.aar (androidx.viewpager:viewpager:1.0.0) with ExtractAarTransform
Transforming viewpager-1.0.0.aar (androidx.viewpager:viewpager:1.0.0) with AarResourcesCompilerTransform
Transforming customview-1.0.0.aar (androidx.customview:customview:1.0.0) with ExtractAarTransform
Transforming customview-1.0.0.aar (androidx.customview:customview:1.0.0) with AarResourcesCompilerTransform
Transforming customview-1.0.0.aar (androidx.customview:customview:1.0.0) with ExtractAarTransform
Transforming customview-1.0.0.aar (androidx.customview:customview:1.0.0) with AarResourcesCompilerTransform
Transforming loader-1.0.0.aar (androidx.loader:loader:1.0.0) with ExtractAarTransform
Transforming loader-1.0.0.aar (androidx.loader:loader:1.0.0) with AarResourcesCompilerTransform
Transforming core-1.15.0.aar (androidx.core:core:1.15.0) with ExtractAarTransform
Transforming core-1.15.0.aar (androidx.core:core:1.15.0) with AarResourcesCompilerTransform
Transforming core-1.15.0.aar (androidx.core:core:1.15.0) with ExtractAarTransform
Transforming core-1.15.0.aar (androidx.core:core:1.15.0) with AarResourcesCompilerTransform
Transforming core-1.15.0.aar (androidx.core:core:1.15.0) with ExtractAarTransform
Transforming core-1.15.0.aar (androidx.core:core:1.15.0) with AarResourcesCompilerTransform
Transforming core-1.15.0.aar (androidx.core:core:1.15.0) with ExtractAarTransform
Transforming core-1.15.0.aar (androidx.core:core:1.15.0) with AarResourcesCompilerTransform
Transforming core-1.15.0.aar (androidx.core:core:1.15.0) with ExtractAarTransform
Transforming core-1.15.0.aar (androidx.core:core:1.15.0) with AarResourcesCompilerTransform
Transforming core-1.15.0.aar (androidx.core:core:1.15.0) with ExtractAarTransform
Transforming core-1.15.0.aar (androidx.core:core:1.15.0) with AarResourcesCompilerTransform
Transforming activity-ktx-1.10.0.aar (androidx.activity:activity-ktx:1.10.0) with ExtractAarTransform
Transforming activity-ktx-1.10.0.aar (androidx.activity:activity-ktx:1.10.0) with AarResourcesCompilerTransform
Transforming activity-1.10.0.aar (androidx.activity:activity:1.10.0) with ExtractAarTransform
Transforming activity-1.10.0.aar (androidx.activity:activity:1.10.0) with AarResourcesCompilerTransform
Transforming savedstate-ktx-1.2.1.aar (androidx.savedstate:savedstate-ktx:1.2.1) with ExtractAarTransform
Transforming savedstate-ktx-1.2.1.aar (androidx.savedstate:savedstate-ktx:1.2.1) with AarResourcesCompilerTransform
Transforming savedstate-1.2.1.aar (androidx.savedstate:savedstate:1.2.1) with ExtractAarTransform
Transforming savedstate-1.2.1.aar (androidx.savedstate:savedstate:1.2.1) with AarResourcesCompilerTransform
Transforming lifecycle-viewmodel-ktx-2.6.2.aar (androidx.lifecycle:lifecycle-viewmodel-ktx:2.6.2) with ExtractAarTransform
Transforming lifecycle-viewmodel-ktx-2.6.2.aar (androidx.lifecycle:lifecycle-viewmodel-ktx:2.6.2) with AarResourcesCompilerTransform
Transforming lifecycle-viewmodel-2.6.2.aar (androidx.lifecycle:lifecycle-viewmodel:2.6.2) with ExtractAarTransform
Transforming lifecycle-viewmodel-2.6.2.aar (androidx.lifecycle:lifecycle-viewmodel:2.6.2) with AarResourcesCompilerTransform
Transforming lifecycle-viewmodel-2.6.2.aar (androidx.lifecycle:lifecycle-viewmodel:2.6.2) with ExtractAarTransform
Transforming lifecycle-viewmodel-2.6.2.aar (androidx.lifecycle:lifecycle-viewmodel:2.6.2) with AarResourcesCompilerTransform
Transforming lifecycle-runtime-ktx-2.6.2.aar (androidx.lifecycle:lifecycle-runtime-ktx:2.6.2) with ExtractAarTransform
Transforming lifecycle-runtime-ktx-2.6.2.aar (androidx.lifecycle:lifecycle-runtime-ktx:2.6.2) with AarResourcesCompilerTransform
Transforming lifecycle-process-2.6.2.aar (androidx.lifecycle:lifecycle-process:2.6.2) with ExtractAarTransform
Transforming lifecycle-process-2.6.2.aar (androidx.lifecycle:lifecycle-process:2.6.2) with AarResourcesCompilerTransform
Transforming lifecycle-livedata-core-2.6.2.aar (androidx.lifecycle:lifecycle-livedata-core:2.6.2) with ExtractAarTransform
Transforming lifecycle-livedata-core-2.6.2.aar (androidx.lifecycle:lifecycle-livedata-core:2.6.2) with AarResourcesCompilerTransform
Transforming lifecycle-service-2.6.2.aar (androidx.lifecycle:lifecycle-service:2.6.2) with ExtractAarTransform
Transforming lifecycle-service-2.6.2.aar (androidx.lifecycle:lifecycle-service:2.6.2) with AarResourcesCompilerTransform
Transforming lifecycle-livedata-2.6.2.aar (androidx.lifecycle:lifecycle-livedata:2.6.2) with ExtractAarTransform
Transforming lifecycle-livedata-2.6.2.aar (androidx.lifecycle:lifecycle-livedata:2.6.2) with AarResourcesCompilerTransform
Transforming lifecycle-livedata-2.6.2.aar (androidx.lifecycle:lifecycle-livedata:2.6.2) with ExtractAarTransform
Transforming lifecycle-livedata-2.6.2.aar (androidx.lifecycle:lifecycle-livedata:2.6.2) with AarResourcesCompilerTransform
Transforming lifecycle-runtime-2.6.2.aar (androidx.lifecycle:lifecycle-runtime:2.6.2) with ExtractAarTransform
Transforming lifecycle-runtime-2.6.2.aar (androidx.lifecycle:lifecycle-runtime:2.6.2) with AarResourcesCompilerTransform
Transforming lifecycle-viewmodel-savedstate-2.6.2.aar (androidx.lifecycle:lifecycle-viewmodel-savedstate:2.6.2) with ExtractAarTransform
Transforming lifecycle-viewmodel-savedstate-2.6.2.aar (androidx.lifecycle:lifecycle-viewmodel-savedstate:2.6.2) with AarResourcesCompilerTransform
Transforming core-ktx-1.15.0.aar (androidx.core:core-ktx:1.15.0) with ExtractAarTransform
Transforming core-ktx-1.15.0.aar (androidx.core:core-ktx:1.15.0) with AarResourcesCompilerTransform
Transforming room-ktx-2.6.1.aar (androidx.room:room-ktx:2.6.1) with ExtractAarTransform
Transforming room-ktx-2.6.1.aar (androidx.room:room-ktx:2.6.1) with AarResourcesCompilerTransform
Transforming room-runtime-2.6.1.aar (androidx.room:room-runtime:2.6.1) with ExtractAarTransform
Transforming room-runtime-2.6.1.aar (androidx.room:room-runtime:2.6.1) with AarResourcesCompilerTransform
Transforming annotation-experimental-1.4.1.aar (androidx.annotation:annotation-experimental:1.4.1) with ExtractAarTransform
Transforming annotation-experimental-1.4.1.aar (androidx.annotation:annotation-experimental:1.4.1) with AarResourcesCompilerTransform
Transforming cursoradapter-1.0.0.aar (androidx.cursoradapter:cursoradapter:1.0.0) with ExtractAarTransform
Transforming cursoradapter-1.0.0.aar (androidx.cursoradapter:cursoradapter:1.0.0) with AarResourcesCompilerTransform
Transforming interpolator-1.0.0.aar (androidx.interpolator:interpolator:1.0.0) with ExtractAarTransform
Transforming interpolator-1.0.0.aar (androidx.interpolator:interpolator:1.0.0) with AarResourcesCompilerTransform
Transforming interpolator-1.0.0.aar (androidx.interpolator:interpolator:1.0.0) with ExtractAarTransform
Transforming interpolator-1.0.0.aar (androidx.interpolator:interpolator:1.0.0) with AarResourcesCompilerTransform
Transforming profileinstaller-1.4.0.aar (androidx.profileinstaller:profileinstaller:1.4.0) with ExtractAarTransform
Transforming profileinstaller-1.4.0.aar (androidx.profileinstaller:profileinstaller:1.4.0) with AarResourcesCompilerTransform
Transforming startup-runtime-1.1.1.aar (androidx.startup:startup-runtime:1.1.1) with ExtractAarTransform
Transforming startup-runtime-1.1.1.aar (androidx.startup:startup-runtime:1.1.1) with AarResourcesCompilerTransform
Transforming tracing-ktx-1.2.0.aar (androidx.tracing:tracing-ktx:1.2.0) with ExtractAarTransform
Transforming tracing-ktx-1.2.0.aar (androidx.tracing:tracing-ktx:1.2.0) with AarResourcesCompilerTransform
Transforming tracing-1.2.0.aar (androidx.tracing:tracing:1.2.0) with ExtractAarTransform
Transforming tracing-1.2.0.aar (androidx.tracing:tracing:1.2.0) with AarResourcesCompilerTransform
Transforming versionedparcelable-1.1.1.aar (androidx.versionedparcelable:versionedparcelable:1.1.1) with ExtractAarTransform
Transforming versionedparcelable-1.1.1.aar (androidx.versionedparcelable:versionedparcelable:1.1.1) with AarResourcesCompilerTransform
Transforming core-runtime-2.2.0.aar (androidx.arch.core:core-runtime:2.2.0) with ExtractAarTransform
Transforming core-runtime-2.2.0.aar (androidx.arch.core:core-runtime:2.2.0) with AarResourcesCompilerTransform
Transforming sqlite-framework-2.4.0.aar (androidx.sqlite:sqlite-framework:2.4.0) with ExtractAarTransform
Transforming sqlite-framework-2.4.0.aar (androidx.sqlite:sqlite-framework:2.4.0) with AarResourcesCompilerTransform
Transforming sqlite-2.4.0.aar (androidx.sqlite:sqlite:2.4.0) with ExtractAarTransform
Transforming sqlite-2.4.0.aar (androidx.sqlite:sqlite:2.4.0) with AarResourcesCompilerTransform
Transforming appcompat-resources-1.7.0.aar (androidx.appcompat:appcompat-resources:1.7.0) with ExtractAarTransform
Transforming appcompat-resources-1.7.0.aar (androidx.appcompat:appcompat-resources:1.7.0) with LibrarySymbolTableTransform
Transforming appcompat-1.7.0.aar (androidx.appcompat:appcompat:1.7.0) with ExtractAarTransform
Transforming appcompat-1.7.0.aar (androidx.appcompat:appcompat:1.7.0) with LibrarySymbolTableTransform
Transforming webkit-1.12.1.aar (androidx.webkit:webkit:1.12.1) with ExtractAarTransform
Transforming webkit-1.12.1.aar (androidx.webkit:webkit:1.12.1) with LibrarySymbolTableTransform
Transforming drawerlayout-1.0.0.aar (androidx.drawerlayout:drawerlayout:1.0.0) with ExtractAarTransform
Transforming drawerlayout-1.0.0.aar (androidx.drawerlayout:drawerlayout:1.0.0) with LibrarySymbolTableTransform
Transforming emoji2-views-helper-1.3.0.aar (androidx.emoji2:emoji2-views-helper:1.3.0) with ExtractAarTransform
Transforming emoji2-views-helper-1.3.0.aar (androidx.emoji2:emoji2-views-helper:1.3.0) with LibrarySymbolTableTransform
Transforming emoji2-1.3.0.aar (androidx.emoji2:emoji2:1.3.0) with ExtractAarTransform
Transforming emoji2-1.3.0.aar (androidx.emoji2:emoji2:1.3.0) with LibrarySymbolTableTransform
Transforming work-runtime-ktx-2.10.1.aar (androidx.work:work-runtime-ktx:2.10.1) with ExtractAarTransform
Transforming work-runtime-ktx-2.10.1.aar (androidx.work:work-runtime-ktx:2.10.1) with LibrarySymbolTableTransform
Transforming work-runtime-2.10.1.aar (androidx.work:work-runtime:2.10.1) with ExtractAarTransform
Transforming work-runtime-2.10.1.aar (androidx.work:work-runtime:2.10.1) with LibrarySymbolTableTransform
Transforming vectordrawable-animated-1.1.0.aar (androidx.vectordrawable:vectordrawable-animated:1.1.0) with ExtractAarTransform
Transforming vectordrawable-animated-1.1.0.aar (androidx.vectordrawable:vectordrawable-animated:1.1.0) with LibrarySymbolTableTransform
Transforming vectordrawable-1.1.0.aar (androidx.vectordrawable:vectordrawable:1.1.0) with ExtractAarTransform
Transforming vectordrawable-1.1.0.aar (androidx.vectordrawable:vectordrawable:1.1.0) with LibrarySymbolTableTransform
Transforming vectordrawable-1.1.0.aar (androidx.vectordrawable:vectordrawable:1.1.0) with ExtractAarTransform
Transforming vectordrawable-1.1.0.aar (androidx.vectordrawable:vectordrawable:1.1.0) with LibrarySymbolTableTransform
Transforming fragment-1.5.4.aar (androidx.fragment:fragment:1.5.4) with ExtractAarTransform
Transforming fragment-1.5.4.aar (androidx.fragment:fragment:1.5.4) with LibrarySymbolTableTransform
Transforming viewpager-1.0.0.aar (androidx.viewpager:viewpager:1.0.0) with ExtractAarTransform
Transforming viewpager-1.0.0.aar (androidx.viewpager:viewpager:1.0.0) with LibrarySymbolTableTransform
Transforming customview-1.0.0.aar (androidx.customview:customview:1.0.0) with ExtractAarTransform
Transforming customview-1.0.0.aar (androidx.customview:customview:1.0.0) with LibrarySymbolTableTransform
Transforming customview-1.0.0.aar (androidx.customview:customview:1.0.0) with ExtractAarTransform
Transforming customview-1.0.0.aar (androidx.customview:customview:1.0.0) with LibrarySymbolTableTransform
Transforming loader-1.0.0.aar (androidx.loader:loader:1.0.0) with ExtractAarTransform
Transforming loader-1.0.0.aar (androidx.loader:loader:1.0.0) with LibrarySymbolTableTransform
Transforming core-1.15.0.aar (androidx.core:core:1.15.0) with ExtractAarTransform
Transforming core-1.15.0.aar (androidx.core:core:1.15.0) with LibrarySymbolTableTransform
Transforming core-1.15.0.aar (androidx.core:core:1.15.0) with ExtractAarTransform
Transforming core-1.15.0.aar (androidx.core:core:1.15.0) with LibrarySymbolTableTransform
Transforming core-1.15.0.aar (androidx.core:core:1.15.0) with ExtractAarTransform
Transforming core-1.15.0.aar (androidx.core:core:1.15.0) with LibrarySymbolTableTransform
Transforming core-1.15.0.aar (androidx.core:core:1.15.0) with ExtractAarTransform
Transforming core-1.15.0.aar (androidx.core:core:1.15.0) with LibrarySymbolTableTransform
Transforming core-1.15.0.aar (androidx.core:core:1.15.0) with ExtractAarTransform
Transforming core-1.15.0.aar (androidx.core:core:1.15.0) with LibrarySymbolTableTransform
Transforming core-1.15.0.aar (androidx.core:core:1.15.0) with ExtractAarTransform
Transforming core-1.15.0.aar (androidx.core:core:1.15.0) with LibrarySymbolTableTransform
Transforming activity-ktx-1.10.0.aar (androidx.activity:activity-ktx:1.10.0) with ExtractAarTransform
Transforming activity-ktx-1.10.0.aar (androidx.activity:activity-ktx:1.10.0) with LibrarySymbolTableTransform
Transforming activity-1.10.0.aar (androidx.activity:activity:1.10.0) with ExtractAarTransform
Transforming activity-1.10.0.aar (androidx.activity:activity:1.10.0) with LibrarySymbolTableTransform
Transforming savedstate-ktx-1.2.1.aar (androidx.savedstate:savedstate-ktx:1.2.1) with ExtractAarTransform
Transforming savedstate-ktx-1.2.1.aar (androidx.savedstate:savedstate-ktx:1.2.1) with LibrarySymbolTableTransform
Transforming savedstate-1.2.1.aar (androidx.savedstate:savedstate:1.2.1) with ExtractAarTransform
Transforming savedstate-1.2.1.aar (androidx.savedstate:savedstate:1.2.1) with LibrarySymbolTableTransform
Transforming lifecycle-viewmodel-ktx-2.6.2.aar (androidx.lifecycle:lifecycle-viewmodel-ktx:2.6.2) with ExtractAarTransform
Transforming lifecycle-viewmodel-ktx-2.6.2.aar (androidx.lifecycle:lifecycle-viewmodel-ktx:2.6.2) with LibrarySymbolTableTransform
Transforming lifecycle-viewmodel-2.6.2.aar (androidx.lifecycle:lifecycle-viewmodel:2.6.2) with ExtractAarTransform
Transforming lifecycle-viewmodel-2.6.2.aar (androidx.lifecycle:lifecycle-viewmodel:2.6.2) with LibrarySymbolTableTransform
Transforming lifecycle-viewmodel-2.6.2.aar (androidx.lifecycle:lifecycle-viewmodel:2.6.2) with ExtractAarTransform
Transforming lifecycle-viewmodel-2.6.2.aar (androidx.lifecycle:lifecycle-viewmodel:2.6.2) with LibrarySymbolTableTransform
Transforming lifecycle-runtime-ktx-2.6.2.aar (androidx.lifecycle:lifecycle-runtime-ktx:2.6.2) with ExtractAarTransform
Transforming lifecycle-runtime-ktx-2.6.2.aar (androidx.lifecycle:lifecycle-runtime-ktx:2.6.2) with LibrarySymbolTableTransform
Transforming lifecycle-process-2.6.2.aar (androidx.lifecycle:lifecycle-process:2.6.2) with ExtractAarTransform
Transforming lifecycle-process-2.6.2.aar (androidx.lifecycle:lifecycle-process:2.6.2) with LibrarySymbolTableTransform
Transforming lifecycle-livedata-core-2.6.2.aar (androidx.lifecycle:lifecycle-livedata-core:2.6.2) with ExtractAarTransform
Transforming lifecycle-livedata-core-2.6.2.aar (androidx.lifecycle:lifecycle-livedata-core:2.6.2) with LibrarySymbolTableTransform
Transforming lifecycle-service-2.6.2.aar (androidx.lifecycle:lifecycle-service:2.6.2) with ExtractAarTransform
Transforming lifecycle-service-2.6.2.aar (androidx.lifecycle:lifecycle-service:2.6.2) with LibrarySymbolTableTransform
Transforming lifecycle-livedata-2.6.2.aar (androidx.lifecycle:lifecycle-livedata:2.6.2) with ExtractAarTransform
Transforming lifecycle-livedata-2.6.2.aar (androidx.lifecycle:lifecycle-livedata:2.6.2) with LibrarySymbolTableTransform
Transforming lifecycle-livedata-2.6.2.aar (androidx.lifecycle:lifecycle-livedata:2.6.2) with ExtractAarTransform
Transforming lifecycle-livedata-2.6.2.aar (androidx.lifecycle:lifecycle-livedata:2.6.2) with LibrarySymbolTableTransform
Transforming lifecycle-runtime-2.6.2.aar (androidx.lifecycle:lifecycle-runtime:2.6.2) with ExtractAarTransform
Transforming lifecycle-runtime-2.6.2.aar (androidx.lifecycle:lifecycle-runtime:2.6.2) with LibrarySymbolTableTransform
Transforming lifecycle-viewmodel-savedstate-2.6.2.aar (androidx.lifecycle:lifecycle-viewmodel-savedstate:2.6.2) with ExtractAarTransform
Transforming lifecycle-viewmodel-savedstate-2.6.2.aar (androidx.lifecycle:lifecycle-viewmodel-savedstate:2.6.2) with LibrarySymbolTableTransform
Transforming core-ktx-1.15.0.aar (androidx.core:core-ktx:1.15.0) with ExtractAarTransform
Transforming core-ktx-1.15.0.aar (androidx.core:core-ktx:1.15.0) with LibrarySymbolTableTransform
Transforming room-ktx-2.6.1.aar (androidx.room:room-ktx:2.6.1) with ExtractAarTransform
Transforming room-ktx-2.6.1.aar (androidx.room:room-ktx:2.6.1) with LibrarySymbolTableTransform
Transforming room-runtime-2.6.1.aar (androidx.room:room-runtime:2.6.1) with ExtractAarTransform
Transforming room-runtime-2.6.1.aar (androidx.room:room-runtime:2.6.1) with LibrarySymbolTableTransform
Transforming annotation-experimental-1.4.1.aar (androidx.annotation:annotation-experimental:1.4.1) with ExtractAarTransform
Transforming annotation-experimental-1.4.1.aar (androidx.annotation:annotation-experimental:1.4.1) with LibrarySymbolTableTransform
Transforming cursoradapter-1.0.0.aar (androidx.cursoradapter:cursoradapter:1.0.0) with ExtractAarTransform
Transforming cursoradapter-1.0.0.aar (androidx.cursoradapter:cursoradapter:1.0.0) with LibrarySymbolTableTransform
Transforming interpolator-1.0.0.aar (androidx.interpolator:interpolator:1.0.0) with ExtractAarTransform
Transforming interpolator-1.0.0.aar (androidx.interpolator:interpolator:1.0.0) with LibrarySymbolTableTransform
Transforming interpolator-1.0.0.aar (androidx.interpolator:interpolator:1.0.0) with ExtractAarTransform
Transforming interpolator-1.0.0.aar (androidx.interpolator:interpolator:1.0.0) with LibrarySymbolTableTransform
Transforming profileinstaller-1.4.0.aar (androidx.profileinstaller:profileinstaller:1.4.0) with ExtractAarTransform
Transforming profileinstaller-1.4.0.aar (androidx.profileinstaller:profileinstaller:1.4.0) with LibrarySymbolTableTransform
Transforming startup-runtime-1.1.1.aar (androidx.startup:startup-runtime:1.1.1) with ExtractAarTransform
Transforming startup-runtime-1.1.1.aar (androidx.startup:startup-runtime:1.1.1) with LibrarySymbolTableTransform
Transforming tracing-ktx-1.2.0.aar (androidx.tracing:tracing-ktx:1.2.0) with ExtractAarTransform
Transforming tracing-ktx-1.2.0.aar (androidx.tracing:tracing-ktx:1.2.0) with LibrarySymbolTableTransform
Transforming tracing-1.2.0.aar (androidx.tracing:tracing:1.2.0) with ExtractAarTransform
Transforming tracing-1.2.0.aar (androidx.tracing:tracing:1.2.0) with LibrarySymbolTableTransform
Transforming versionedparcelable-1.1.1.aar (androidx.versionedparcelable:versionedparcelable:1.1.1) with ExtractAarTransform
Transforming versionedparcelable-1.1.1.aar (androidx.versionedparcelable:versionedparcelable:1.1.1) with LibrarySymbolTableTransform
Transforming core-runtime-2.2.0.aar (androidx.arch.core:core-runtime:2.2.0) with ExtractAarTransform
Transforming core-runtime-2.2.0.aar (androidx.arch.core:core-runtime:2.2.0) with LibrarySymbolTableTransform
Transforming sqlite-framework-2.4.0.aar (androidx.sqlite:sqlite-framework:2.4.0) with ExtractAarTransform
Transforming sqlite-framework-2.4.0.aar (androidx.sqlite:sqlite-framework:2.4.0) with LibrarySymbolTableTransform
Transforming sqlite-2.4.0.aar (androidx.sqlite:sqlite:2.4.0) with ExtractAarTransform
Transforming sqlite-2.4.0.aar (androidx.sqlite:sqlite:2.4.0) with LibrarySymbolTableTransform
Caching disabled for task ':app:processDebugResources' because:
  Build cache is disabled
Task ':app:processDebugResources' is not up-to-date because:
  No history is available.
The input changes require a full rebuild for incremental task ':app:processDebugResources'.
AAPT2 aapt2-8.7.3-12006047-linux Daemon #0: starting
Aapt output file /home/runner/work/atrangi-document-workspace/atrangi-document-workspace/app/build/intermediates/linked_resources_binary_format/debug/processDebugResources/linked-resources-binary-format-debug.ap_

> Task :app:validateSigningDebug
Caching disabled for task ':app:validateSigningDebug' because:
  Build cache is disabled
  Caching has been disabled for the task
Task ':app:validateSigningDebug' is not up-to-date because:
  Task.upToDateWhen is false.
Creating default debug keystore at /home/runner/.config/.android/debug.keystore
Resolve mutations for :app:compileDebugKotlin (Thread[Execution worker Thread 3,5,main]) started.
:app:compileDebugKotlin (Thread[Execution worker Thread 3,5,main]) started.

> Task :app:mergeExtDexDebug
Transforming appcompat-resources-1.7.0.aar (androidx.appcompat:appcompat-resources:1.7.0) with AarToClassTransform
Transforming appcompat-resources-1.7.0.aar (androidx.appcompat:appcompat-resources:1.7.0) with IdentityTransform
Transforming appcompat-1.7.0.aar (androidx.appcompat:appcompat:1.7.0) with AarToClassTransform
Transforming appcompat-1.7.0.aar (androidx.appcompat:appcompat:1.7.0) with IdentityTransform
Transforming webkit-1.12.1.aar (androidx.webkit:webkit:1.12.1) with AarToClassTransform
Transforming webkit-1.12.1.aar (androidx.webkit:webkit:1.12.1) with IdentityTransform
Transforming drawerlayout-1.0.0.aar (androidx.drawerlayout:drawerlayout:1.0.0) with AarToClassTransform
Transforming drawerlayout-1.0.0.aar (androidx.drawerlayout:drawerlayout:1.0.0) with IdentityTransform
Transforming emoji2-views-helper-1.3.0.aar (androidx.emoji2:emoji2-views-helper:1.3.0) with AarToClassTransform
Transforming appcompat-resources-1.7.0.aar (androidx.appcompat:appcompat-resources:1.7.0) with DexingNoClasspathTransform
Transforming emoji2-views-helper-1.3.0.aar (androidx.emoji2:emoji2-views-helper:1.3.0) with IdentityTransform
Transforming emoji2-1.3.0.aar (androidx.emoji2:emoji2:1.3.0) with AarToClassTransform
Transforming emoji2-1.3.0.aar (androidx.emoji2:emoji2:1.3.0) with IdentityTransform
Transforming work-runtime-ktx-2.10.1.aar (androidx.work:work-runtime-ktx:2.10.1) with AarToClassTransform
Transforming work-runtime-ktx-2.10.1.aar (androidx.work:work-runtime-ktx:2.10.1) with IdentityTransform
Transforming work-runtime-2.10.1.aar (androidx.work:work-runtime:2.10.1) with AarToClassTransform
Transforming work-runtime-2.10.1.aar (androidx.work:work-runtime:2.10.1) with IdentityTransform
Transforming appcompat-1.7.0.aar (androidx.appcompat:appcompat:1.7.0) with DexingNoClasspathTransform
Transforming vectordrawable-animated-1.1.0.aar (androidx.vectordrawable:vectordrawable-animated:1.1.0) with AarToClassTransform
Transforming vectordrawable-animated-1.1.0.aar (androidx.vectordrawable:vectordrawable-animated:1.1.0) with IdentityTransform
Transforming vectordrawable-1.1.0.aar (androidx.vectordrawable:vectordrawable:1.1.0) with AarToClassTransform
Transforming vectordrawable-1.1.0.aar (androidx.vectordrawable:vectordrawable:1.1.0) with IdentityTransform
Transforming vectordrawable-1.1.0.aar (androidx.vectordrawable:vectordrawable:1.1.0) with AarToClassTransform
Transforming vectordrawable-1.1.0.aar (androidx.vectordrawable:vectordrawable:1.1.0) with IdentityTransform
Transforming fragment-1.5.4.aar (androidx.fragment:fragment:1.5.4) with AarToClassTransform
Transforming fragment-1.5.4.aar (androidx.fragment:fragment:1.5.4) with IdentityTransform
Transforming viewpager-1.0.0.aar (androidx.viewpager:viewpager:1.0.0) with AarToClassTransform
Transforming viewpager-1.0.0.aar (androidx.viewpager:viewpager:1.0.0) with IdentityTransform
Transforming customview-1.0.0.aar (androidx.customview:customview:1.0.0) with AarToClassTransform
Transforming customview-1.0.0.aar (androidx.customview:customview:1.0.0) with IdentityTransform
Transforming customview-1.0.0.aar (androidx.customview:customview:1.0.0) with AarToClassTransform
Transforming customview-1.0.0.aar (androidx.customview:customview:1.0.0) with IdentityTransform
Transforming loader-1.0.0.aar (androidx.loader:loader:1.0.0) with AarToClassTransform
Transforming loader-1.0.0.aar (androidx.loader:loader:1.0.0) with IdentityTransform
Transforming core-1.15.0.aar (androidx.core:core:1.15.0) with AarToClassTransform
Transforming core-1.15.0.aar (androidx.core:core:1.15.0) with IdentityTransform
Transforming core-1.15.0.aar (androidx.core:core:1.15.0) with AarToClassTransform
Transforming core-1.15.0.aar (androidx.core:core:1.15.0) with IdentityTransform
Transforming core-1.15.0.aar (androidx.core:core:1.15.0) with AarToClassTransform
Transforming core-1.15.0.aar (androidx.core:core:1.15.0) with IdentityTransform
Transforming core-1.15.0.aar (androidx.core:core:1.15.0) with AarToClassTransform
Transforming core-1.15.0.aar (androidx.core:core:1.15.0) with IdentityTransform
Transforming core-1.15.0.aar (androidx.core:core:1.15.0) with AarToClassTransform
Transforming core-1.15.0.aar (androidx.core:core:1.15.0) with IdentityTransform
Transforming appcompat-resources-1.7.0.aar (androidx.appcompat:appcompat-resources:1.7.0) with DexingOutputSplitTransform
Transforming appcompat-1.7.0.aar (androidx.appcompat:appcompat:1.7.0) with DexingOutputSplitTransform
Transforming core-1.15.0.aar (androidx.core:core:1.15.0) with AarToClassTransform
Transforming core-1.15.0.aar (androidx.core:core:1.15.0) with IdentityTransform
Transforming activity-ktx-1.10.0.aar (androidx.activity:activity-ktx:1.10.0) with AarToClassTransform
Transforming activity-ktx-1.10.0.aar (androidx.activity:activity-ktx:1.10.0) with IdentityTransform
Transforming activity-1.10.0.aar (androidx.activity:activity:1.10.0) with AarToClassTransform
Transforming activity-1.10.0.aar (androidx.activity:activity:1.10.0) with IdentityTransform
Transforming savedstate-ktx-1.2.1.aar (androidx.savedstate:savedstate-ktx:1.2.1) with AarToClassTransform
Transforming savedstate-ktx-1.2.1.aar (androidx.savedstate:savedstate-ktx:1.2.1) with IdentityTransform
Transforming savedstate-1.2.1.aar (androidx.savedstate:savedstate:1.2.1) with AarToClassTransform
Transforming savedstate-1.2.1.aar (androidx.savedstate:savedstate:1.2.1) with IdentityTransform
Transforming emoji2-views-helper-1.3.0.aar (androidx.emoji2:emoji2-views-helper:1.3.0) with DexingNoClasspathTransform
Transforming drawerlayout-1.0.0.aar (androidx.drawerlayout:drawerlayout:1.0.0) with DexingNoClasspathTransform
Transforming lifecycle-viewmodel-ktx-2.6.2.aar (androidx.lifecycle:lifecycle-viewmodel-ktx:2.6.2) with AarToClassTransform
Transforming lifecycle-viewmodel-ktx-2.6.2.aar (androidx.lifecycle:lifecycle-viewmodel-ktx:2.6.2) with IdentityTransform
Transforming emoji2-views-helper-1.3.0.aar (androidx.emoji2:emoji2-views-helper:1.3.0) with DexingOutputSplitTransform
Transforming lifecycle-viewmodel-2.6.2.aar (androidx.lifecycle:lifecycle-viewmodel:2.6.2) with AarToClassTransform
Transforming lifecycle-viewmodel-2.6.2.aar (androidx.lifecycle:lifecycle-viewmodel:2.6.2) with IdentityTransform
Transforming lifecycle-viewmodel-2.6.2.aar (androidx.lifecycle:lifecycle-viewmodel:2.6.2) with AarToClassTransform
Transforming lifecycle-viewmodel-2.6.2.aar (androidx.lifecycle:lifecycle-viewmodel:2.6.2) with IdentityTransform
Transforming drawerlayout-1.0.0.aar (androidx.drawerlayout:drawerlayout:1.0.0) with DexingOutputSplitTransform
Transforming lifecycle-runtime-ktx-2.6.2.aar (androidx.lifecycle:lifecycle-runtime-ktx:2.6.2) with AarToClassTransform
Transforming lifecycle-runtime-ktx-2.6.2.aar (androidx.lifecycle:lifecycle-runtime-ktx:2.6.2) with IdentityTransform
Transforming lifecycle-process-2.6.2.aar (androidx.lifecycle:lifecycle-process:2.6.2) with AarToClassTransform
Transforming lifecycle-process-2.6.2.aar (androidx.lifecycle:lifecycle-process:2.6.2) with IdentityTransform
Transforming lifecycle-livedata-core-2.6.2.aar (androidx.lifecycle:lifecycle-livedata-core:2.6.2) with AarToClassTransform
Transforming lifecycle-livedata-core-2.6.2.aar (androidx.lifecycle:lifecycle-livedata-core:2.6.2) with IdentityTransform
Transforming lifecycle-common-2.6.2.jar (androidx.lifecycle:lifecycle-common:2.6.2) with IdentityTransform
Transforming lifecycle-common-2.6.2.jar (androidx.lifecycle:lifecycle-common:2.6.2) with IdentityTransform
Transforming emoji2-1.3.0.aar (androidx.emoji2:emoji2:1.3.0) with DexingNoClasspathTransform
Transforming lifecycle-common-2.6.2.jar (androidx.lifecycle:lifecycle-common:2.6.2) with DexingNoClasspathTransform
Transforming lifecycle-service-2.6.2.aar (androidx.lifecycle:lifecycle-service:2.6.2) with AarToClassTransform
Transforming lifecycle-service-2.6.2.aar (androidx.lifecycle:lifecycle-service:2.6.2) with IdentityTransform
Transforming lifecycle-livedata-2.6.2.aar (androidx.lifecycle:lifecycle-livedata:2.6.2) with AarToClassTransform
Transforming lifecycle-livedata-2.6.2.aar (androidx.lifecycle:lifecycle-livedata:2.6.2) with IdentityTransform
Transforming lifecycle-livedata-2.6.2.aar (androidx.lifecycle:lifecycle-livedata:2.6.2) with AarToClassTransform
Transforming lifecycle-livedata-2.6.2.aar (androidx.lifecycle:lifecycle-livedata:2.6.2) with IdentityTransform
Transforming lifecycle-runtime-2.6.2.aar (androidx.lifecycle:lifecycle-runtime:2.6.2) with AarToClassTransform
Transforming lifecycle-runtime-2.6.2.aar (androidx.lifecycle:lifecycle-runtime:2.6.2) with IdentityTransform
Transforming lifecycle-viewmodel-savedstate-2.6.2.aar (androidx.lifecycle:lifecycle-viewmodel-savedstate:2.6.2) with AarToClassTransform
Transforming lifecycle-viewmodel-savedstate-2.6.2.aar (androidx.lifecycle:lifecycle-viewmodel-savedstate:2.6.2) with IdentityTransform
Transforming core-ktx-1.15.0.aar (androidx.core:core-ktx:1.15.0) with AarToClassTransform
Transforming core-ktx-1.15.0.aar (androidx.core:core-ktx:1.15.0) with IdentityTransform
Transforming room-common-2.6.1.jar (androidx.room:room-common:2.6.1) with IdentityTransform
Transforming room-common-2.6.1.jar (androidx.room:room-common:2.6.1) with IdentityTransform
Transforming room-common-2.6.1.jar (androidx.room:room-common:2.6.1) with DexingNoClasspathTransform
Transforming room-ktx-2.6.1.aar (androidx.room:room-ktx:2.6.1) with AarToClassTransform
Transforming room-ktx-2.6.1.aar (androidx.room:room-ktx:2.6.1) with IdentityTransform
Transforming room-runtime-2.6.1.aar (androidx.room:room-runtime:2.6.1) with AarToClassTransform
Transforming room-runtime-2.6.1.aar (androidx.room:room-runtime:2.6.1) with IdentityTransform
Transforming annotation-experimental-1.4.1.aar (androidx.annotation:annotation-experimental:1.4.1) with AarToClassTransform
Transforming annotation-experimental-1.4.1.aar (androidx.annotation:annotation-experimental:1.4.1) with IdentityTransform
Transforming cursoradapter-1.0.0.aar (androidx.cursoradapter:cursoradapter:1.0.0) with AarToClassTransform
Transforming cursoradapter-1.0.0.aar (androidx.cursoradapter:cursoradapter:1.0.0) with IdentityTransform
Transforming resourceinspection-annotation-1.0.1.jar (androidx.resourceinspection:resourceinspection-annotation:1.0.1) with IdentityTransform
Transforming resourceinspection-annotation-1.0.1.jar (androidx.resourceinspection:resourceinspection-annotation:1.0.1) with IdentityTransform
Transforming resourceinspection-annotation-1.0.1.jar (androidx.resourceinspection:resourceinspection-annotation:1.0.1) with DexingNoClasspathTransform
Transforming interpolator-1.0.0.aar (androidx.interpolator:interpolator:1.0.0) with AarToClassTransform
Transforming emoji2-1.3.0.aar (androidx.emoji2:emoji2:1.3.0) with DexingOutputSplitTransform
Transforming interpolator-1.0.0.aar (androidx.interpolator:interpolator:1.0.0) with IdentityTransform
Transforming interpolator-1.0.0.aar (androidx.interpolator:interpolator:1.0.0) with AarToClassTransform
Transforming interpolator-1.0.0.aar (androidx.interpolator:interpolator:1.0.0) with IdentityTransform
Transforming profileinstaller-1.4.0.aar (androidx.profileinstaller:profileinstaller:1.4.0) with AarToClassTransform
Transforming profileinstaller-1.4.0.aar (androidx.profileinstaller:profileinstaller:1.4.0) with IdentityTransform
Transforming startup-runtime-1.1.1.aar (androidx.startup:startup-runtime:1.1.1) with AarToClassTransform
Transforming startup-runtime-1.1.1.aar (androidx.startup:startup-runtime:1.1.1) with IdentityTransform
Transforming work-runtime-ktx-2.10.1.aar (androidx.work:work-runtime-ktx:2.10.1) with DexingNoClasspathTransform
Transforming tracing-ktx-1.2.0.aar (androidx.tracing:tracing-ktx:1.2.0) with AarToClassTransform
Transforming tracing-ktx-1.2.0.aar (androidx.tracing:tracing-ktx:1.2.0) with IdentityTransform
Transforming tracing-1.2.0.aar (androidx.tracing:tracing:1.2.0) with AarToClassTransform
Transforming work-runtime-ktx-2.10.1.aar (androidx.work:work-runtime-ktx:2.10.1) with DexingOutputSplitTransform
Transforming tracing-1.2.0.aar (androidx.tracing:tracing:1.2.0) with IdentityTransform
Transforming versionedparcelable-1.1.1.aar (androidx.versionedparcelable:versionedparcelable:1.1.1) with AarToClassTransform
Transforming versionedparcelable-1.1.1.aar (androidx.versionedparcelable:versionedparcelable:1.1.1) with IdentityTransform
Transforming work-runtime-2.10.1.aar (androidx.work:work-runtime:2.10.1) with DexingNoClasspathTransform
Transforming collection-jvm-1.4.2.jar (androidx.collection:collection-jvm:1.4.2) with IdentityTransform
Transforming collection-jvm-1.4.2.jar (androidx.collection:collection-jvm:1.4.2) with IdentityTransform
Transforming collection-jvm-1.4.2.jar (androidx.collection:collection-jvm:1.4.2) with DexingNoClasspathTransform
Transforming core-runtime-2.2.0.aar (androidx.arch.core:core-runtime:2.2.0) with AarToClassTransform
Transforming core-runtime-2.2.0.aar (androidx.arch.core:core-runtime:2.2.0) with IdentityTransform
Transforming core-common-2.2.0.jar (androidx.arch.core:core-common:2.2.0) with IdentityTransform
Transforming vectordrawable-animated-1.1.0.aar (androidx.vectordrawable:vectordrawable-animated:1.1.0) with DexingNoClasspathTransform
Transforming core-common-2.2.0.jar (androidx.arch.core:core-common:2.2.0) with IdentityTransform
Transforming core-common-2.2.0.jar (androidx.arch.core:core-common:2.2.0) with DexingNoClasspathTransform
Transforming concurrent-futures-ktx-1.1.0.jar (androidx.concurrent:concurrent-futures-ktx:1.1.0) with IdentityTransform
Transforming concurrent-futures-ktx-1.1.0.jar (androidx.concurrent:concurrent-futures-ktx:1.1.0) with IdentityTransform
Transforming work-runtime-2.10.1.aar (androidx.work:work-runtime:2.10.1) with DexingOutputSplitTransform
Transforming concurrent-futures-ktx-1.1.0.jar (androidx.concurrent:concurrent-futures-ktx:1.1.0) with DexingNoClasspathTransform
Transforming concurrent-futures-1.1.0.jar (androidx.concurrent:concurrent-futures:1.1.0) with IdentityTransform
Transforming concurrent-futures-1.1.0.jar (androidx.concurrent:concurrent-futures:1.1.0) with IdentityTransform
Transforming concurrent-futures-1.1.0.jar (androidx.concurrent:concurrent-futures:1.1.0) with DexingNoClasspathTransform
Transforming sqlite-framework-2.4.0.aar (androidx.sqlite:sqlite-framework:2.4.0) with AarToClassTransform
Transforming sqlite-framework-2.4.0.aar (androidx.sqlite:sqlite-framework:2.4.0) with IdentityTransform
Transforming sqlite-2.4.0.aar (androidx.sqlite:sqlite:2.4.0) with AarToClassTransform
Transforming sqlite-2.4.0.aar (androidx.sqlite:sqlite:2.4.0) with IdentityTransform
Transforming annotation-jvm-1.8.1.jar (androidx.annotation:annotation-jvm:1.8.1) with IdentityTransform
Transforming annotation-jvm-1.8.1.jar (androidx.annotation:annotation-jvm:1.8.1) with IdentityTransform
Transforming vectordrawable-animated-1.1.0.aar (androidx.vectordrawable:vectordrawable-animated:1.1.0) with DexingOutputSplitTransform
Transforming annotation-jvm-1.8.1.jar (androidx.annotation:annotation-jvm:1.8.1) with DexingNoClasspathTransform
Transforming kotlinx-coroutines-android-1.7.3.jar (org.jetbrains.kotlinx:kotlinx-coroutines-android:1.7.3) with IdentityTransform
Transforming kotlinx-coroutines-android-1.7.3.jar (org.jetbrains.kotlinx:kotlinx-coroutines-android:1.7.3) with IdentityTransform
Transforming vectordrawable-1.1.0.aar (androidx.vectordrawable:vectordrawable:1.1.0) with DexingNoClasspathTransform
Transforming kotlinx-coroutines-android-1.7.3.jar (org.jetbrains.kotlinx:kotlinx-coroutines-android:1.7.3) with DexingNoClasspathTransform
Transforming kotlinx-coroutines-core-jvm-1.7.3.jar (org.jetbrains.kotlinx:kotlinx-coroutines-core-jvm:1.7.3) with IdentityTransform
Transforming kotlinx-coroutines-core-jvm-1.7.3.jar (org.jetbrains.kotlinx:kotlinx-coroutines-core-jvm:1.7.3) with IdentityTransform
Transforming kotlinx-coroutines-core-jvm-1.7.3.jar (org.jetbrains.kotlinx:kotlinx-coroutines-core-jvm:1.7.3) with DexingNoClasspathTransform
Transforming vectordrawable-1.1.0.aar (androidx.vectordrawable:vectordrawable:1.1.0) with DexingNoClasspathTransform
Transforming kotlin-stdlib-jdk8-1.8.22.jar (org.jetbrains.kotlin:kotlin-stdlib-jdk8:1.8.22) with IdentityTransform
Transforming kotlin-stdlib-jdk8-1.8.22.jar (org.jetbrains.kotlin:kotlin-stdlib-jdk8:1.8.22) with IdentityTransform
Transforming vectordrawable-1.1.0.aar (androidx.vectordrawable:vectordrawable:1.1.0) with DexingOutputSplitTransform
Transforming kotlin-stdlib-jdk8-1.8.22.jar (org.jetbrains.kotlin:kotlin-stdlib-jdk8:1.8.22) with DexingNoClasspathTransform
Transforming kotlin-stdlib-jdk7-1.8.22.jar (org.jetbrains.kotlin:kotlin-stdlib-jdk7:1.8.22) with IdentityTransform
Transforming vectordrawable-1.1.0.aar (androidx.vectordrawable:vectordrawable:1.1.0) with DexingOutputSplitTransform
Transforming kotlin-stdlib-jdk7-1.8.22.jar (org.jetbrains.kotlin:kotlin-stdlib-jdk7:1.8.22) with IdentityTransform
Transforming kotlin-stdlib-jdk7-1.8.22.jar (org.jetbrains.kotlin:kotlin-stdlib-jdk7:1.8.22) with DexingNoClasspathTransform
Transforming kotlin-stdlib-2.0.21.jar (org.jetbrains.kotlin:kotlin-stdlib:2.0.21) with IdentityTransform
Transforming kotlin-stdlib-2.0.21.jar (org.jetbrains.kotlin:kotlin-stdlib:2.0.21) with IdentityTransform
Transforming kotlin-stdlib-2.0.21.jar (org.jetbrains.kotlin:kotlin-stdlib:2.0.21) with DexingNoClasspathTransform
Transforming annotations-23.0.0.jar (org.jetbrains:annotations:23.0.0) with IdentityTransform
Transforming fragment-1.5.4.aar (androidx.fragment:fragment:1.5.4) with DexingNoClasspathTransform
Transforming fragment-1.5.4.aar (androidx.fragment:fragment:1.5.4) with DexingOutputSplitTransform
Transforming customview-1.0.0.aar (androidx.customview:customview:1.0.0) with DexingNoClasspathTransform
Transforming customview-1.0.0.aar (androidx.customview:customview:1.0.0) with DexingOutputSplitTransform
Transforming viewpager-1.0.0.aar (androidx.viewpager:viewpager:1.0.0) with DexingNoClasspathTransform
Transforming annotations-23.0.0.jar (org.jetbrains:annotations:23.0.0) with IdentityTransform
Transforming annotations-23.0.0.jar (org.jetbrains:annotations:23.0.0) with DexingNoClasspathTransform
Transforming listenablefuture-1.0.jar (com.google.guava:listenablefuture:1.0) with IdentityTransform
Transforming listenablefuture-1.0.jar (com.google.guava:listenablefuture:1.0) with IdentityTransform
Transforming listenablefuture-1.0.jar (com.google.guava:listenablefuture:1.0) with DexingNoClasspathTransform
Transforming viewpager-1.0.0.aar (androidx.viewpager:viewpager:1.0.0) with DexingOutputSplitTransform
Transforming loader-1.0.0.aar (androidx.loader:loader:1.0.0) with DexingNoClasspathTransform
Transforming loader-1.0.0.aar (androidx.loader:loader:1.0.0) with DexingOutputSplitTransform
Transforming core-1.15.0.aar (androidx.core:core:1.15.0) with DexingNoClasspathTransform
Transforming core-1.15.0.aar (androidx.core:core:1.15.0) with DexingNoClasspathTransform
Transforming core-1.15.0.aar (androidx.core:core:1.15.0) with DexingOutputSplitTransform
Transforming core-1.15.0.aar (androidx.core:core:1.15.0) with DexingOutputSplitTransform
Transforming activity-1.10.0.aar (androidx.activity:activity:1.10.0) with DexingNoClasspathTransform
Transforming activity-ktx-1.10.0.aar (androidx.activity:activity-ktx:1.10.0) with DexingNoClasspathTransform
Transforming savedstate-ktx-1.2.1.aar (androidx.savedstate:savedstate-ktx:1.2.1) with DexingNoClasspathTransform
Transforming activity-1.10.0.aar (androidx.activity:activity:1.10.0) with DexingOutputSplitTransform
Transforming savedstate-ktx-1.2.1.aar (androidx.savedstate:savedstate-ktx:1.2.1) with DexingOutputSplitTransform
Transforming savedstate-1.2.1.aar (androidx.savedstate:savedstate:1.2.1) with DexingNoClasspathTransform
Transforming lifecycle-viewmodel-ktx-2.6.2.aar (androidx.lifecycle:lifecycle-viewmodel-ktx:2.6.2) with DexingNoClasspathTransform
Transforming savedstate-1.2.1.aar (androidx.savedstate:savedstate:1.2.1) with DexingOutputSplitTransform
Transforming activity-ktx-1.10.0.aar (androidx.activity:activity-ktx:1.10.0) with DexingOutputSplitTransform
Transforming lifecycle-viewmodel-ktx-2.6.2.aar (androidx.lifecycle:lifecycle-viewmodel-ktx:2.6.2) with DexingOutputSplitTransform
Transforming lifecycle-viewmodel-2.6.2.aar (androidx.lifecycle:lifecycle-viewmodel:2.6.2) with DexingNoClasspathTransform
Transforming lifecycle-viewmodel-2.6.2.aar (androidx.lifecycle:lifecycle-viewmodel:2.6.2) with DexingNoClasspathTransform
Transforming lifecycle-runtime-ktx-2.6.2.aar (androidx.lifecycle:lifecycle-runtime-ktx:2.6.2) with DexingNoClasspathTransform
Transforming lifecycle-viewmodel-2.6.2.aar (androidx.lifecycle:lifecycle-viewmodel:2.6.2) with DexingOutputSplitTransform
Transforming lifecycle-viewmodel-2.6.2.aar (androidx.lifecycle:lifecycle-viewmodel:2.6.2) with DexingOutputSplitTransform
Transforming lifecycle-runtime-ktx-2.6.2.aar (androidx.lifecycle:lifecycle-runtime-ktx:2.6.2) with DexingOutputSplitTransform
Transforming lifecycle-livedata-core-2.6.2.aar (androidx.lifecycle:lifecycle-livedata-core:2.6.2) with DexingNoClasspathTransform
Transforming lifecycle-process-2.6.2.aar (androidx.lifecycle:lifecycle-process:2.6.2) with DexingNoClasspathTransform
Transforming lifecycle-common-2.6.2.jar (androidx.lifecycle:lifecycle-common:2.6.2) with DexingOutputSplitTransform
Transforming lifecycle-process-2.6.2.aar (androidx.lifecycle:lifecycle-process:2.6.2) with DexingOutputSplitTransform
Transforming lifecycle-livedata-core-2.6.2.aar (androidx.lifecycle:lifecycle-livedata-core:2.6.2) with DexingOutputSplitTransform
Transforming lifecycle-livedata-2.6.2.aar (androidx.lifecycle:lifecycle-livedata:2.6.2) with DexingNoClasspathTransform
Transforming lifecycle-service-2.6.2.aar (androidx.lifecycle:lifecycle-service:2.6.2) with DexingNoClasspathTransform
Transforming lifecycle-livedata-2.6.2.aar (androidx.lifecycle:lifecycle-livedata:2.6.2) with DexingNoClasspathTransform
Transforming lifecycle-livedata-2.6.2.aar (androidx.lifecycle:lifecycle-livedata:2.6.2) with DexingOutputSplitTransform
Transforming lifecycle-service-2.6.2.aar (androidx.lifecycle:lifecycle-service:2.6.2) with DexingOutputSplitTransform
Transforming lifecycle-livedata-2.6.2.aar (androidx.lifecycle:lifecycle-livedata:2.6.2) with DexingOutputSplitTransform
Transforming lifecycle-runtime-2.6.2.aar (androidx.lifecycle:lifecycle-runtime:2.6.2) with DexingNoClasspathTransform
Transforming lifecycle-viewmodel-savedstate-2.6.2.aar (androidx.lifecycle:lifecycle-viewmodel-savedstate:2.6.2) with DexingNoClasspathTransform
Transforming core-ktx-1.15.0.aar (androidx.core:core-ktx:1.15.0) with DexingNoClasspathTransform
Transforming lifecycle-viewmodel-savedstate-2.6.2.aar (androidx.lifecycle:lifecycle-viewmodel-savedstate:2.6.2) with DexingOutputSplitTransform
Transforming lifecycle-runtime-2.6.2.aar (androidx.lifecycle:lifecycle-runtime:2.6.2) with DexingOutputSplitTransform
Transforming core-ktx-1.15.0.aar (androidx.core:core-ktx:1.15.0) with DexingOutputSplitTransform
Transforming room-ktx-2.6.1.aar (androidx.room:room-ktx:2.6.1) with DexingNoClasspathTransform
Transforming room-common-2.6.1.jar (androidx.room:room-common:2.6.1) with DexingOutputSplitTransform
Transforming room-runtime-2.6.1.aar (androidx.room:room-runtime:2.6.1) with DexingNoClasspathTransform
Transforming room-ktx-2.6.1.aar (androidx.room:room-ktx:2.6.1) with DexingOutputSplitTransform
Transforming room-runtime-2.6.1.aar (androidx.room:room-runtime:2.6.1) with DexingOutputSplitTransform
Transforming annotation-experimental-1.4.1.aar (androidx.annotation:annotation-experimental:1.4.1) with DexingNoClasspathTransform
Transforming cursoradapter-1.0.0.aar (androidx.cursoradapter:cursoradapter:1.0.0) with DexingNoClasspathTransform
Transforming annotation-experimental-1.4.1.aar (androidx.annotation:annotation-experimental:1.4.1) with DexingOutputSplitTransform
Transforming cursoradapter-1.0.0.aar (androidx.cursoradapter:cursoradapter:1.0.0) with DexingOutputSplitTransform
Transforming resourceinspection-annotation-1.0.1.jar (androidx.resourceinspection:resourceinspection-annotation:1.0.1) with DexingOutputSplitTransform
Transforming interpolator-1.0.0.aar (androidx.interpolator:interpolator:1.0.0) with DexingNoClasspathTransform
Transforming interpolator-1.0.0.aar (androidx.interpolator:interpolator:1.0.0) with DexingNoClasspathTransform
Transforming profileinstaller-1.4.0.aar (androidx.profileinstaller:profileinstaller:1.4.0) with DexingNoClasspathTransform
Transforming interpolator-1.0.0.aar (androidx.interpolator:interpolator:1.0.0) with DexingOutputSplitTransform
Transforming interpolator-1.0.0.aar (androidx.interpolator:interpolator:1.0.0) with DexingOutputSplitTransform
Transforming profileinstaller-1.4.0.aar (androidx.profileinstaller:profileinstaller:1.4.0) with DexingOutputSplitTransform
Transforming tracing-ktx-1.2.0.aar (androidx.tracing:tracing-ktx:1.2.0) with DexingNoClasspathTransform
Transforming startup-runtime-1.1.1.aar (androidx.startup:startup-runtime:1.1.1) with DexingNoClasspathTransform
Transforming tracing-ktx-1.2.0.aar (androidx.tracing:tracing-ktx:1.2.0) with DexingOutputSplitTransform
Transforming startup-runtime-1.1.1.aar (androidx.startup:startup-runtime:1.1.1) with DexingOutputSplitTransform
Transforming tracing-1.2.0.aar (androidx.tracing:tracing:1.2.0) with DexingNoClasspathTransform
Transforming versionedparcelable-1.1.1.aar (androidx.versionedparcelable:versionedparcelable:1.1.1) with DexingNoClasspathTransform
Transforming collection-jvm-1.4.2.jar (androidx.collection:collection-jvm:1.4.2) with DexingOutputSplitTransform
Transforming tracing-1.2.0.aar (androidx.tracing:tracing:1.2.0) with DexingOutputSplitTransform
Transforming versionedparcelable-1.1.1.aar (androidx.versionedparcelable:versionedparcelable:1.1.1) with DexingOutputSplitTransform
Transforming core-runtime-2.2.0.aar (androidx.arch.core:core-runtime:2.2.0) with DexingNoClasspathTransform
Transforming core-runtime-2.2.0.aar (androidx.arch.core:core-runtime:2.2.0) with DexingOutputSplitTransform
Transforming core-common-2.2.0.jar (androidx.arch.core:core-common:2.2.0) with DexingOutputSplitTransform
Transforming concurrent-futures-ktx-1.1.0.jar (androidx.concurrent:concurrent-futures-ktx:1.1.0) with DexingOutputSplitTransform
Transforming concurrent-futures-1.1.0.jar (androidx.concurrent:concurrent-futures:1.1.0) with DexingOutputSplitTransform
Transforming sqlite-framework-2.4.0.aar (androidx.sqlite:sqlite-framework:2.4.0) with DexingNoClasspathTransform
Transforming sqlite-2.4.0.aar (androidx.sqlite:sqlite:2.4.0) with DexingNoClasspathTransform
Transforming sqlite-2.4.0.aar (androidx.sqlite:sqlite:2.4.0) with DexingOutputSplitTransform
Transforming sqlite-framework-2.4.0.aar (androidx.sqlite:sqlite-framework:2.4.0) with DexingOutputSplitTransform
Transforming annotation-jvm-1.8.1.jar (androidx.annotation:annotation-jvm:1.8.1) with DexingOutputSplitTransform
Transforming kotlinx-coroutines-android-1.7.3.jar (org.jetbrains.kotlinx:kotlinx-coroutines-android:1.7.3) with DexingOutputSplitTransform
Transforming kotlinx-coroutines-core-jvm-1.7.3.jar (org.jetbrains.kotlinx:kotlinx-coroutines-core-jvm:1.7.3) with DexingOutputSplitTransform
Transforming kotlin-stdlib-jdk7-1.8.22.jar (org.jetbrains.kotlin:kotlin-stdlib-jdk7:1.8.22) with DexingOutputSplitTransform
Transforming kotlin-stdlib-jdk8-1.8.22.jar (org.jetbrains.kotlin:kotlin-stdlib-jdk8:1.8.22) with DexingOutputSplitTransform
Transforming kotlin-stdlib-2.0.21.jar (org.jetbrains.kotlin:kotlin-stdlib:2.0.21) with DexingOutputSplitTransform
Transforming listenablefuture-1.0.jar (com.google.guava:listenablefuture:1.0) with DexingOutputSplitTransform
Transforming annotations-23.0.0.jar (org.jetbrains:annotations:23.0.0) with DexingOutputSplitTransform
Transforming webkit-1.12.1.aar (androidx.webkit:webkit:1.12.1) with DexingNoClasspathTransform
Transforming webkit-1.12.1.aar (androidx.webkit:webkit:1.12.1) with DexingOutputSplitTransform
Caching disabled for task ':app:mergeExtDexDebug' because:
  Build cache is disabled
Task ':app:mergeExtDexDebug' is not up-to-date because:
  No history is available.
The input changes require a full rebuild for incremental task ':app:mergeExtDexDebug'.
Merging to '/home/runner/work/atrangi-document-workspace/atrangi-document-workspace/app/build/intermediates/dex/debug/mergeExtDexDebug' with D8 from all or a subset of dex files in /home/runner/.gradle/caches/8.9/transforms/f30da9781ec110a897004b156100f416/transformed/appcompat-resources-1.7.0-runtime/appcompat-resources-1.7.0-runtime_dex, /home/runner/.gradle/caches/8.9/transforms/654790567d6cc8e0e449c5a2961de9ce/transformed/appcompat-1.7.0-runtime/appcompat-1.7.0-runtime_dex, /home/runner/.gradle/caches/8.9/transforms/685ebd619cac7a9060fe3bdc7efb642d/transformed/webkit-1.12.1-runtime/webkit-1.12.1-runtime_dex, /home/runner/.gradle/caches/8.9/transforms/35d681f3c59b10d4ca40574c65349ee1/transformed/drawerlayout-1.0.0-runtime/drawerlayout-1.0.0-runtime_dex, /home/runner/.gradle/caches/8.9/transforms/9e997ca9228b5e057df7770a6336f654/transformed/emoji2-views-helper-1.3.0-runtime/emoji2-views-helper-1.3.0-runtime_dex, /home/runner/.gradle/caches/8.9/transforms/b328dcfcfbb2d144d5f14a4c395ff449/transformed/emoji2-1.3.0-runtime/emoji2-1.3.0-runtime_dex, /home/runner/.gradle/caches/8.9/transforms/f539b87bdb73bb25ba7cdc0cd9b34e17/transformed/work-runtime-2.10.1-runtime/work-runtime-2.10.1-runtime_dex, /home/runner/.gradle/caches/8.9/transforms/f6cbf52040703248c581c03ba300739c/transformed/vectordrawable-animated-1.1.0-runtime/vectordrawable-animated-1.1.0-runtime_dex, /home/runner/.gradle/caches/8.9/transforms/33ffadcc92eff79f26a94d6ff6e2b5d5/transformed/vectordrawable-1.1.0-runtime/vectordrawable-1.1.0-runtime_dex, /home/runner/.gradle/caches/8.9/transforms/355c05e2949b9fe3f96853c64132547e/transformed/fragment-1.5.4-runtime/fragment-1.5.4-runtime_dex, /home/runner/.gradle/caches/8.9/transforms/0108f2d989739940e7c284c9ce813134/transformed/viewpager-1.0.0-runtime/viewpager-1.0.0-runtime_dex, /home/runner/.gradle/caches/8.9/transforms/780138c802fcbf5e08e84144eb1b548d/transformed/customview-1.0.0-runtime/customview-1.0.0-runtime_dex, /home/runner/.gradle/caches/8.9/transforms/9243b2236c2838a3f6a4d3e2cba2a37a/transformed/loader-1.0.0-runtime/loader-1.0.0-runtime_dex, /home/runner/.gradle/caches/8.9/transforms/40383732571091660527f36d8292af59/transformed/core-1.15.0-runtime/core-1.15.0-runtime_dex, /home/runner/.gradle/caches/8.9/transforms/942443293acab4d64e5f6afd47ce00ab/transformed/activity-1.10.0-runtime/activity-1.10.0-runtime_dex, /home/runner/.gradle/caches/8.9/transforms/02e8c050a29ecdebddca9ee5aae9ef02/transformed/savedstate-ktx-1.2.1-runtime/savedstate-ktx-1.2.1-runtime_dex, /home/runner/.gradle/caches/8.9/transforms/12ffa944554a6d70ebbaaa497de1745c/transformed/savedstate-1.2.1-runtime/savedstate-1.2.1-runtime_dex, /home/runner/.gradle/caches/8.9/transforms/bda431a3174e313a02c6e12fe93b031c/transformed/lifecycle-viewmodel-ktx-2.6.2-runtime/lifecycle-viewmodel-ktx-2.6.2-runtime_dex, /home/runner/.gradle/caches/8.9/transforms/c55dbd64ca94f09fbe028801ac2fbfdc/transformed/lifecycle-viewmodel-2.6.2-runtime/lifecycle-viewmodel-2.6.2-runtime_dex, /home/runner/.gradle/caches/8.9/transforms/2a6b0b851605d24b4f2b03c30f5bd46d/transformed/lifecycle-runtime-ktx-2.6.2-runtime/lifecycle-runtime-ktx-2.6.2-runtime_dex, /home/runner/.gradle/caches/8.9/transforms/303fefd6be369fd926b21da328c241e4/transformed/lifecycle-process-2.6.2-runtime/lifecycle-process-2.6.2-runtime_dex, /home/runner/.gradle/caches/8.9/transforms/67d9ccad6c7528f5194f375969da379a/transformed/lifecycle-livedata-core-2.6.2-runtime/lifecycle-livedata-core-2.6.2-runtime_dex, /home/runner/.gradle/caches/8.9/transforms/635e292949ebfcdc8e1c46c3c2e23f29/transformed/lifecycle-common-2.6.2/lifecycle-common-2.6.2_dex, /home/runner/.gradle/caches/8.9/transforms/b8fa42be2c0263e8d81e3fc5e24d71a8/transformed/lifecycle-service-2.6.2-runtime/lifecycle-service-2.6.2-runtime_dex, /home/runner/.gradle/caches/8.9/transforms/a8495fd3cd3bd917be0d5a0362068d22/transformed/lifecycle-livedata-2.6.2-runtime/lifecycle-livedata-2.6.2-runtime_dex, /home/runner/.gradle/caches/8.9/transforms/5a4d9684861f7d1121e044f3c341044f/transformed/lifecycle-runtime-2.6.2-runtime/lifecycle-runtime-2.6.2-runtime_dex, /home/runner/.gradle/caches/8.9/transforms/e154d089ce21b1d214d329b127b49452/transformed/lifecycle-viewmodel-savedstate-2.6.2-runtime/lifecycle-viewmodel-savedstate-2.6.2-runtime_dex, /home/runner/.gradle/caches/8.9/transforms/ea3a38f99e32c6eb7b0aaec838cbd4d6/transformed/core-ktx-1.15.0-runtime/core-ktx-1.15.0-runtime_dex, /home/runner/.gradle/caches/8.9/transforms/a1961bf60844c3ac6dc01c7059245da2/transformed/room-common-2.6.1/room-common-2.6.1_dex, /home/runner/.gradle/caches/8.9/transforms/1333c0427cc1d2ef47e1527649aab64a/transformed/room-ktx-2.6.1-runtime/room-ktx-2.6.1-runtime_dex, /home/runner/.gradle/caches/8.9/transforms/894cf378d9ad286bd36d8efff722bf92/transformed/room-runtime-2.6.1-runtime/room-runtime-2.6.1-runtime_dex, /home/runner/.gradle/caches/8.9/transforms/dff1cba986c0b6076e6c411def3a8cec/transformed/annotation-experimental-1.4.1-runtime/annotation-experimental-1.4.1-runtime_dex, /home/runner/.gradle/caches/8.9/transforms/7b677fbee190c285ef64f8b74b302699/transformed/cursoradapter-1.0.0-runtime/cursoradapter-1.0.0-runtime_dex, /home/runner/.gradle/caches/8.9/transforms/0b69a21a026ccc3ce798f470afee8863/transformed/resourceinspection-annotation-1.0.1/resourceinspection-annotation-1.0.1_dex, /home/runner/.gradle/caches/8.9/transforms/36094ebaeef13688ffe6db06c4c88876/transformed/interpolator-1.0.0-runtime/interpolator-1.0.0-runtime_dex, /home/runner/.gradle/caches/8.9/transforms/9a10ddaf7749e8675d46274c44fdafae/transformed/profileinstaller-1.4.0-runtime/profileinstaller-1.4.0-runtime_dex, /home/runner/.gradle/caches/8.9/transforms/e43db934d96c8f19ad19be78847fa602/transformed/startup-runtime-1.1.1-runtime/startup-runtime-1.1.1-runtime_dex, /home/runner/.gradle/caches/8.9/transforms/b8377a0c313c9eadf00709828da10c0e/transformed/tracing-ktx-1.2.0-runtime/tracing-ktx-1.2.0-runtime_dex, /home/runner/.gradle/caches/8.9/transforms/86f1a1ce64e275c90a69fe20ef406072/transformed/tracing-1.2.0-runtime/tracing-1.2.0-runtime_dex, /home/runner/.gradle/caches/8.9/transforms/573ed5ef8f378ab086354bed5392d0b1/transformed/versionedparcelable-1.1.1-runtime/versionedparcelable-1.1.1-runtime_dex, /home/runner/.gradle/caches/8.9/transforms/007c46b8b9751a9b77f413969b23f48e/transformed/collection-jvm-1.4.2/collection-jvm-1.4.2_dex, /home/runner/.gradle/caches/8.9/transforms/a0ce38d61faebe895a795c6fc564ff61/transformed/core-runtime-2.2.0-runtime/core-runtime-2.2.0-runtime_dex, /home/runner/.gradle/caches/8.9/transforms/7fbd8a29943b74243ac82f4230b76471/transformed/core-common-2.2.0/core-common-2.2.0_dex, /home/runner/.gradle/caches/8.9/transforms/847b771057c6797e83063e88c9467dd8/transformed/concurrent-futures-ktx-1.1.0/concurrent-futures-ktx-1.1.0_dex, /home/runner/.gradle/caches/8.9/transforms/ebc6208ef779cd18e673bf29fb23c562/transformed/concurrent-futures-1.1.0/concurrent-futures-1.1.0_dex, /home/runner/.gradle/caches/8.9/transforms/caab82cacb71e9fb865b0b555dcf1b3c/transformed/sqlite-framework-2.4.0-runtime/sqlite-framework-2.4.0-runtime_dex, /home/runner/.gradle/caches/8.9/transforms/66abc8fbe75fc254026e42f9f7a2bad4/transformed/sqlite-2.4.0-runtime/sqlite-2.4.0-runtime_dex, /home/runner/.gradle/caches/8.9/transforms/e970ae39c55d793f9f3a5c55a0ad97dd/transformed/annotation-jvm-1.8.1/annotation-jvm-1.8.1_dex, /home/runner/.gradle/caches/8.9/transforms/9ffbd39e10b413fcbc6631939a3d831f/transformed/kotlinx-coroutines-android-1.7.3/kotlinx-coroutines-android-1.7.3_dex, /home/runner/.gradle/caches/8.9/transforms/950fa89c5291d5b0a19aa2b1ed9797e3/transformed/kotlinx-coroutines-core-jvm-1.7.3/kotlinx-coroutines-core-jvm-1.7.3_dex, /home/runner/.gradle/caches/8.9/transforms/6d4d891350b115d65d0c4450d87985c0/transformed/kotlin-stdlib-2.0.21/kotlin-stdlib-2.0.21_dex, /home/runner/.gradle/caches/8.9/transforms/4c16bcc42594f1cd60dbab370b34de81/transformed/annotations-23.0.0/annotations-23.0.0_dex, /home/runner/.gradle/caches/8.9/transforms/acf7d88cbbfff6afea2dba7c62752bee/transformed/listenablefuture-1.0/listenablefuture-1.0_dex, and from all global synthetics files in 

Resolve mutations for :app:writeDebugAppMetadata (Thread[Execution worker,5,main]) started.
:app:writeDebugAppMetadata (Thread[Execution worker,5,main]) started.

> Task :app:writeDebugAppMetadata
Caching disabled for task ':app:writeDebugAppMetadata' because:
  Build cache is disabled
  Caching has been disabled for the task
Task ':app:writeDebugAppMetadata' is not up-to-date because:
  No history is available.
Resolve mutations for :app:writeDebugSigningConfigVersions (Thread[Execution worker,5,main]) started.
:app:writeDebugSigningConfigVersions (Thread[Execution worker,5,main]) started.

> Task :app:writeDebugSigningConfigVersions
Caching disabled for task ':app:writeDebugSigningConfigVersions' because:
  Build cache is disabled
  Caching has been disabled for the task
Task ':app:writeDebugSigningConfigVersions' is not up-to-date because:
  No history is available.

> Task :app:compileDebugKotlin
Transforming appcompat-resources-1.7.0.aar (androidx.appcompat:appcompat-resources:1.7.0) with AarToClassTransform
Transforming appcompat-1.7.0.aar (androidx.appcompat:appcompat:1.7.0) with AarToClassTransform
Transforming activity-ktx-1.10.0.aar (androidx.activity:activity-ktx:1.10.0) with AarToClassTransform
Transforming fragment-1.5.4.aar (androidx.fragment:fragment:1.5.4) with AarToClassTransform
Transforming activity-1.10.0.aar (androidx.activity:activity:1.10.0) with AarToClassTransform
Transforming webkit-1.12.1.aar (androidx.webkit:webkit:1.12.1) with AarToClassTransform
Transforming drawerlayout-1.0.0.aar (androidx.drawerlayout:drawerlayout:1.0.0) with AarToClassTransform
Transforming work-runtime-ktx-2.10.1.aar (androidx.work:work-runtime-ktx:2.10.1) with AarToClassTransform
Transforming work-runtime-2.10.1.aar (androidx.work:work-runtime:2.10.1) with AarToClassTransform
Transforming vectordrawable-animated-1.1.0.aar (androidx.vectordrawable:vectordrawable-animated:1.1.0) with AarToClassTransform
Transforming vectordrawable-1.1.0.aar (androidx.vectordrawable:vectordrawable:1.1.0) with AarToClassTransform
Transforming vectordrawable-1.1.0.aar (androidx.vectordrawable:vectordrawable:1.1.0) with AarToClassTransform
Transforming viewpager-1.0.0.aar (androidx.viewpager:viewpager:1.0.0) with AarToClassTransform
Transforming customview-1.0.0.aar (androidx.customview:customview:1.0.0) with AarToClassTransform
Transforming customview-1.0.0.aar (androidx.customview:customview:1.0.0) with AarToClassTransform
Transforming loader-1.0.0.aar (androidx.loader:loader:1.0.0) with AarToClassTransform
Transforming core-1.15.0.aar (androidx.core:core:1.15.0) with AarToClassTransform
Transforming core-1.15.0.aar (androidx.core:core:1.15.0) with AarToClassTransform
Transforming core-1.15.0.aar (androidx.core:core:1.15.0) with AarToClassTransform
Transforming core-1.15.0.aar (androidx.core:core:1.15.0) with AarToClassTransform
Transforming core-1.15.0.aar (androidx.core:core:1.15.0) with AarToClassTransform
Transforming core-1.15.0.aar (androidx.core:core:1.15.0) with AarToClassTransform
Transforming lifecycle-livedata-2.6.2.aar (androidx.lifecycle:lifecycle-livedata:2.6.2) with AarToClassTransform
Transforming lifecycle-livedata-2.6.2.aar (androidx.lifecycle:lifecycle-livedata:2.6.2) with AarToClassTransform
Transforming lifecycle-livedata-core-2.6.2.aar (androidx.lifecycle:lifecycle-livedata-core:2.6.2) with AarToClassTransform
Transforming lifecycle-viewmodel-2.6.2.aar (androidx.lifecycle:lifecycle-viewmodel:2.6.2) with AarToClassTransform
Transforming lifecycle-viewmodel-2.6.2.aar (androidx.lifecycle:lifecycle-viewmodel:2.6.2) with AarToClassTransform
Transforming lifecycle-common-2.6.2.jar (androidx.lifecycle:lifecycle-common:2.6.2) with IdentityTransform
Transforming lifecycle-runtime-2.6.2.aar (androidx.lifecycle:lifecycle-runtime:2.6.2) with AarToClassTransform
Transforming lifecycle-viewmodel-ktx-2.6.2.aar (androidx.lifecycle:lifecycle-viewmodel-ktx:2.6.2) with AarToClassTransform
Transforming lifecycle-runtime-ktx-2.6.2.aar (androidx.lifecycle:lifecycle-runtime-ktx:2.6.2) with AarToClassTransform
Transforming lifecycle-viewmodel-savedstate-2.6.2.aar (androidx.lifecycle:lifecycle-viewmodel-savedstate:2.6.2) with AarToClassTransform
Transforming core-ktx-1.15.0.aar (androidx.core:core-ktx:1.15.0) with AarToClassTransform
Transforming savedstate-ktx-1.2.1.aar (androidx.savedstate:savedstate-ktx:1.2.1) with AarToClassTransform
Transforming savedstate-1.2.1.aar (androidx.savedstate:savedstate:1.2.1) with AarToClassTransform
Transforming annotation-experimental-1.4.1.aar (androidx.annotation:annotation-experimental:1.4.1) with AarToClassTransform
Transforming cursoradapter-1.0.0.aar (androidx.cursoradapter:cursoradapter:1.0.0) with AarToClassTransform
Transforming versionedparcelable-1.1.1.aar (androidx.versionedparcelable:versionedparcelable:1.1.1) with AarToClassTransform
Transforming core-runtime-2.2.0.aar (androidx.arch.core:core-runtime:2.2.0) with AarToClassTransform
Transforming core-common-2.2.0.jar (androidx.arch.core:core-common:2.2.0) with IdentityTransform
Transforming interpolator-1.0.0.aar (androidx.interpolator:interpolator:1.0.0) with AarToClassTransform
Transforming collection-jvm-1.4.2.jar (androidx.collection:collection-jvm:1.4.2) with IdentityTransform
Transforming annotation-jvm-1.8.1.jar (androidx.annotation:annotation-jvm:1.8.1) with IdentityTransform
Transforming kotlinx-coroutines-core-jvm-1.7.3.jar (org.jetbrains.kotlinx:kotlinx-coroutines-core-jvm:1.7.3) with IdentityTransform
Transforming kotlinx-coroutines-android-1.7.3.jar (org.jetbrains.kotlinx:kotlinx-coroutines-android:1.7.3) with IdentityTransform
Transforming kotlin-stdlib-jdk8-1.8.22.jar (org.jetbrains.kotlin:kotlin-stdlib-jdk8:1.8.22) with IdentityTransform
Transforming kotlin-stdlib-jdk7-1.8.22.jar (org.jetbrains.kotlin:kotlin-stdlib-jdk7:1.8.22) with IdentityTransform
Transforming kotlin-stdlib-2.0.21.jar (org.jetbrains.kotlin:kotlin-stdlib:2.0.21) with IdentityTransform
Transforming annotations-23.0.0.jar (org.jetbrains:annotations:23.0.0) with IdentityTransform
Transforming listenablefuture-1.0.jar (com.google.guava:listenablefuture:1.0) with IdentityTransform
Transforming startup-runtime-1.1.1.aar (androidx.startup:startup-runtime:1.1.1) with AarToClassTransform
Transforming R.jar with BuildToolsApiClasspathEntrySnapshotTransform
Transforming appcompat-resources-1.7.0-api.jar with BuildToolsApiClasspathEntrySnapshotTransform
Transforming appcompat-1.7.0-api.jar with BuildToolsApiClasspathEntrySnapshotTransform
Transforming activity-ktx-1.10.0-api.jar with BuildToolsApiClasspathEntrySnapshotTransform
Transforming fragment-1.5.4-api.jar with BuildToolsApiClasspathEntrySnapshotTransform
Transforming activity-1.10.0-api.jar with BuildToolsApiClasspathEntrySnapshotTransform
Transforming webkit-1.12.1-api.jar with BuildToolsApiClasspathEntrySnapshotTransform
Transforming drawerlayout-1.0.0-api.jar with BuildToolsApiClasspathEntrySnapshotTransform
Transforming work-runtime-ktx-2.10.1-api.jar with BuildToolsApiClasspathEntrySnapshotTransform
Transforming work-runtime-2.10.1-api.jar with BuildToolsApiClasspathEntrySnapshotTransform
Transforming vectordrawable-animated-1.1.0-api.jar with BuildToolsApiClasspathEntrySnapshotTransform
Transforming vectordrawable-1.1.0-api.jar with BuildToolsApiClasspathEntrySnapshotTransform
Transforming viewpager-1.0.0-api.jar with BuildToolsApiClasspathEntrySnapshotTransform
Transforming customview-1.0.0-api.jar with BuildToolsApiClasspathEntrySnapshotTransform
Transforming loader-1.0.0-api.jar with BuildToolsApiClasspathEntrySnapshotTransform
Transforming core-1.15.0-api.jar with BuildToolsApiClasspathEntrySnapshotTransform
Transforming lifecycle-livedata-2.6.2-api.jar with BuildToolsApiClasspathEntrySnapshotTransform
Transforming lifecycle-livedata-core-2.6.2-api.jar with BuildToolsApiClasspathEntrySnapshotTransform
Transforming lifecycle-viewmodel-2.6.2-api.jar with BuildToolsApiClasspathEntrySnapshotTransform
Transforming lifecycle-common-2.6.2.jar with BuildToolsApiClasspathEntrySnapshotTransform
Transforming lifecycle-runtime-2.6.2-api.jar with BuildToolsApiClasspathEntrySnapshotTransform
Transforming lifecycle-viewmodel-ktx-2.6.2-api.jar with BuildToolsApiClasspathEntrySnapshotTransform
Transforming lifecycle-runtime-ktx-2.6.2-api.jar with BuildToolsApiClasspathEntrySnapshotTransform
Transforming lifecycle-viewmodel-savedstate-2.6.2-api.jar with BuildToolsApiClasspathEntrySnapshotTransform
Transforming core-ktx-1.15.0-api.jar with BuildToolsApiClasspathEntrySnapshotTransform
Transforming savedstate-ktx-1.2.1-api.jar with BuildToolsApiClasspathEntrySnapshotTransform
Transforming savedstate-1.2.1-api.jar with BuildToolsApiClasspathEntrySnapshotTransform
Transforming annotation-experimental-1.4.1-api.jar with BuildToolsApiClasspathEntrySnapshotTransform
Transforming cursoradapter-1.0.0-api.jar with BuildToolsApiClasspathEntrySnapshotTransform
Transforming versionedparcelable-1.1.1-api.jar with BuildToolsApiClasspathEntrySnapshotTransform
Transforming core-runtime-2.2.0-api.jar with BuildToolsApiClasspathEntrySnapshotTransform
Transforming core-common-2.2.0.jar with BuildToolsApiClasspathEntrySnapshotTransform
Transforming interpolator-1.0.0-api.jar with BuildToolsApiClasspathEntrySnapshotTransform
Transforming collection-jvm-1.4.2.jar with BuildToolsApiClasspathEntrySnapshotTransform
Transforming annotation-jvm-1.8.1.jar with BuildToolsApiClasspathEntrySnapshotTransform
Transforming kotlinx-coroutines-core-jvm-1.7.3.jar with BuildToolsApiClasspathEntrySnapshotTransform
Transforming kotlinx-coroutines-android-1.7.3.jar with BuildToolsApiClasspathEntrySnapshotTransform
Transforming kotlin-stdlib-jdk8-1.8.22.jar with BuildToolsApiClasspathEntrySnapshotTransform
Transforming kotlin-stdlib-jdk7-1.8.22.jar with BuildToolsApiClasspathEntrySnapshotTransform
Transforming kotlin-stdlib-2.0.21.jar with BuildToolsApiClasspathEntrySnapshotTransform
Transforming annotations-23.0.0.jar with BuildToolsApiClasspathEntrySnapshotTransform
Transforming listenablefuture-1.0.jar with BuildToolsApiClasspathEntrySnapshotTransform
Transforming startup-runtime-1.1.1-api.jar with BuildToolsApiClasspathEntrySnapshotTransform
Transforming android.jar with BuildToolsApiClasspathEntrySnapshotTransform
Transforming core-lambda-stubs.jar with BuildToolsApiClasspathEntrySnapshotTransform
Caching disabled for task ':app:compileDebugKotlin' because:
  Build cache is disabled
Task ':app:compileDebugKotlin' is not up-to-date because:
  No history is available.
The input changes require a full rebuild for incremental task ':app:compileDebugKotlin'.
file or directory '/home/runner/work/atrangi-document-workspace/atrangi-document-workspace/app/src/debug/kotlin', not found
file or directory '/home/runner/work/atrangi-document-workspace/atrangi-document-workspace/app/src/debug/java', not found
file or directory '/home/runner/work/atrangi-document-workspace/atrangi-document-workspace/app/src/debug/kotlin', not found
file or directory '/home/runner/work/atrangi-document-workspace/atrangi-document-workspace/app/src/debug/kotlin', not found
file or directory '/home/runner/work/atrangi-document-workspace/atrangi-document-workspace/app/src/debug/java', not found
file or directory '/home/runner/work/atrangi-document-workspace/atrangi-document-workspace/app/src/main/kotlin', not found
file or directory '/home/runner/work/atrangi-document-workspace/atrangi-document-workspace/app/src/main/kotlin', not found
file or directory '/home/runner/work/atrangi-document-workspace/atrangi-document-workspace/app/src/main/kotlin', not found
file or directory '/home/runner/work/atrangi-document-workspace/atrangi-document-workspace/app/src/debug/java', not found
file or directory '/home/runner/work/atrangi-document-workspace/atrangi-document-workspace/app/src/debug/kotlin', not found
file or directory '/home/runner/work/atrangi-document-workspace/atrangi-document-workspace/app/src/debug/java', not found
file or directory '/home/runner/work/atrangi-document-workspace/atrangi-document-workspace/app/src/debug/kotlin', not found
file or directory '/home/runner/work/atrangi-document-workspace/atrangi-document-workspace/app/src/debug/kotlin', not found
file or directory '/home/runner/work/atrangi-document-workspace/atrangi-document-workspace/app/src/debug/java', not found
file or directory '/home/runner/work/atrangi-document-workspace/atrangi-document-workspace/app/src/main/kotlin', not found
file or directory '/home/runner/work/atrangi-document-workspace/atrangi-document-workspace/app/src/debug/kotlin', not found
file or directory '/home/runner/work/atrangi-document-workspace/atrangi-document-workspace/app/src/debug/java', not found
file or directory '/home/runner/work/atrangi-document-workspace/atrangi-document-workspace/app/src/debug/kotlin', not found
file or directory '/home/runner/work/atrangi-document-workspace/atrangi-document-workspace/app/src/debug/kotlin', not found
file or directory '/home/runner/work/atrangi-document-workspace/atrangi-document-workspace/app/src/debug/java', not found
file or directory '/home/runner/work/atrangi-document-workspace/atrangi-document-workspace/app/src/main/kotlin', not found
file or directory '/home/runner/work/atrangi-document-workspace/atrangi-document-workspace/app/src/main/kotlin', not found
file or directory '/home/runner/work/atrangi-document-workspace/atrangi-document-workspace/app/src/main/kotlin', not found
file or directory '/home/runner/work/atrangi-document-workspace/atrangi-document-workspace/app/src/debug/java', not found
file or directory '/home/runner/work/atrangi-document-workspace/atrangi-document-workspace/app/src/debug/kotlin', not found
file or directory '/home/runner/work/atrangi-document-workspace/atrangi-document-workspace/app/src/debug/java', not found
file or directory '/home/runner/work/atrangi-document-workspace/atrangi-document-workspace/app/src/debug/kotlin', not found
file or directory '/home/runner/work/atrangi-document-workspace/atrangi-document-workspace/app/src/debug/kotlin', not found
file or directory '/home/runner/work/atrangi-document-workspace/atrangi-document-workspace/app/src/debug/java', not found
file or directory '/home/runner/work/atrangi-document-workspace/atrangi-document-workspace/app/src/main/kotlin', not found
file or directory '/home/runner/work/atrangi-document-workspace/atrangi-document-workspace/app/src/main/kotlin', not found
file or directory '/home/runner/work/atrangi-document-workspace/atrangi-document-workspace/app/src/main/kotlin', not found
file or directory '/home/runner/work/atrangi-document-workspace/atrangi-document-workspace/app/src/debug/java', not found
file or directory '/home/runner/work/atrangi-document-workspace/atrangi-document-workspace/app/src/debug/kotlin', not found
file or directory '/home/runner/work/atrangi-document-workspace/atrangi-document-workspace/app/src/debug/java', not found
file or directory '/home/runner/work/atrangi-document-workspace/atrangi-document-workspace/app/src/debug/kotlin', not found
file or directory '/home/runner/work/atrangi-document-workspace/atrangi-document-workspace/app/src/debug/kotlin', not found
file or directory '/home/runner/work/atrangi-document-workspace/atrangi-document-workspace/app/src/debug/java', not found
file or directory '/home/runner/work/atrangi-document-workspace/atrangi-document-workspace/app/src/main/kotlin', not found
file or directory '/home/runner/work/atrangi-document-workspace/atrangi-document-workspace/app/src/main/kotlin', not found
file or directory '/home/runner/work/atrangi-document-workspace/atrangi-document-workspace/app/src/main/kotlin', not found
file or directory '/home/runner/work/atrangi-document-workspace/atrangi-document-workspace/app/src/debug/java', not found
Kotlin source files: /home/runner/work/atrangi-document-workspace/atrangi-document-workspace/app/src/main/java/com/atrangi/documentworkspace/UpdateActivity.kt, /home/runner/work/atrangi-document-workspace/atrangi-document-workspace/app/src/main/java/com/atrangi/documentworkspace/UpdateManager.kt, /home/runner/work/atrangi-document-workspace/atrangi-document-workspace/app/src/main/java/com/atrangi/documentworkspace/MainActivity.kt, /home/runner/work/atrangi-document-workspace/atrangi-document-workspace/app/src/main/java/com/atrangi/documentworkspace/UpdateWorker.kt
Java source files: 
Script source files: 
Script file extensions: 
Using Kotlin/JVM incremental compilation
[KOTLIN] Kotlin compilation 'jdkHome' argument: null
i: starting the daemon as: /usr/lib/jvm/temurin-17-jdk-amd64/bin/java -cp /home/runner/.gradle/caches/modules-2/files-2.1/org.jetbrains.kotlin/kotlin-compiler-embeddable/2.0.21/79346ed53db48b18312a472602eb5c057070c54d/kotlin-compiler-embeddable-2.0.21.jar:/home/runner/.gradle/caches/modules-2/files-2.1/org.jetbrains.kotlin/kotlin-stdlib/2.0.21/618b539767b4899b4660a83006e052b63f1db551/kotlin-stdlib-2.0.21.jar:/home/runner/.gradle/caches/modules-2/files-2.1/org.jetbrains.kotlin/kotlin-script-runtime/2.0.21/c9b044380ad41f89aa89aa896c2d32a8c0b2129d/kotlin-script-runtime-2.0.21.jar:/home/runner/.gradle/caches/modules-2/files-2.1/org.jetbrains.kotlin/kotlin-reflect/1.6.10/1cbe9c92c12a94eea200d23c2bbaedaf3daf5132/kotlin-reflect-1.6.10.jar:/home/runner/.gradle/caches/modules-2/files-2.1/org.jetbrains.kotlin/kotlin-daemon-embeddable/2.0.21/c9e933b23287de9b5a17e2116b4657bb91aea72c/kotlin-daemon-embeddable-2.0.21.jar:/home/runner/.gradle/caches/modules-2/files-2.1/org.jetbrains.intellij.deps/trove4j/1.0.20200330/3afb14d5f9ceb459d724e907a21145e8ff394f02/trove4j-1.0.20200330.jar:/home/runner/.gradle/caches/modules-2/files-2.1/org.jetbrains.kotlinx/kotlinx-coroutines-core-jvm/1.6.4/2c997cd1c0ef33f3e751d3831929aeff1390cb30/kotlinx-coroutines-core-jvm-1.6.4.jar:/home/runner/.gradle/caches/modules-2/files-2.1/org.jetbrains/annotations/13.0/919f0dfe192fb4e063e7dacadee7f8bb9a2672a9/annotations-13.0.jar -Djava.awt.headless=true -Djava.rmi.server.hostname=127.0.0.1 -Xmx3g -XX:ReservedCodeCacheSize=320m -Dkotlin.environment.keepalive -ea -XX:+UseCodeCacheFlushing -XX:+UseParallelGC --add-exports java.base/sun.nio.ch=ALL-UNNAMED org.jetbrains.kotlin.daemon.KotlinCompileDaemon --daemon-runFilesPath /home/runner/.kotlin/daemon --daemon-autoshutdownIdleSeconds=7200 --daemon-compilerClasspath /home/runner/.gradle/caches/modules-2/files-2.1/org.jetbrains.kotlin/kotlin-compiler-embeddable/2.0.21/79346ed53db48b18312a472602eb5c057070c54d/kotlin-compiler-embeddable-2.0.21.jar:/home/runner/.gradle/caches/modules-2/files-2.1/org.jetbrains.kotlin/kotlin-stdlib/2.0.21/618b539767b4899b4660a83006e052b63f1db551/kotlin-stdlib-2.0.21.jar:/home/runner/.gradle/caches/modules-2/files-2.1/org.jetbrains.kotlin/kotlin-script-runtime/2.0.21/c9b044380ad41f89aa89aa896c2d32a8c0b2129d/kotlin-script-runtime-2.0.21.jar:/home/runner/.gradle/caches/modules-2/files-2.1/org.jetbrains.kotlin/kotlin-reflect/1.6.10/1cbe9c92c12a94eea200d23c2bbaedaf3daf5132/kotlin-reflect-1.6.10.jar:/home/runner/.gradle/caches/modules-2/files-2.1/org.jetbrains.kotlin/kotlin-daemon-embeddable/2.0.21/c9e933b23287de9b5a17e2116b4657bb91aea72c/kotlin-daemon-embeddable-2.0.21.jar:/home/runner/.gradle/caches/modules-2/files-2.1/org.jetbrains.intellij.deps/trove4j/1.0.20200330/3afb14d5f9ceb459d724e907a21145e8ff394f02/trove4j-1.0.20200330.jar:/home/runner/.gradle/caches/modules-2/files-2.1/org.jetbrains.kotlinx/kotlinx-coroutines-core-jvm/1.6.4/2c997cd1c0ef33f3e751d3831929aeff1390cb30/kotlinx-coroutines-core-jvm-1.6.4.jar:/home/runner/.gradle/caches/modules-2/files-2.1/org.jetbrains/annotations/13.0/919f0dfe192fb4e063e7dacadee7f8bb9a2672a9/annotations-13.0.jar
i: #1 retrying connecting to the daemon 
Options for KOTLIN DAEMON: IncrementalCompilationOptions(super=CompilationOptions(compilerMode=INCREMENTAL_COMPILER, targetPlatform=JVM, reportCategories=[0, 3], reportSeverity=2, requestedCompilationResults=[0], kotlinScriptExtensions=[]), areFileChangesKnown=false, modifiedFiles=null, deletedFiles=null, classpathChanges=NotAvailableForNonIncrementalRun, workingDir=/home/runner/work/atrangi-document-workspace/atrangi-document-workspace/app/build/kotlin/compileDebugKotlin/cacheable, multiModuleICSettings=MultiModuleICSettings(buildHistoryFile=/home/runner/work/atrangi-document-workspace/atrangi-document-workspace/app/build/kotlin/compileDebugKotlin/local-state/build-history.bin, useModuleDetection=true), usePreciseJavaTracking=true, icFeatures=IncrementalCompilationFeatures(withAbiSnapshot=false, preciseCompilationResultsBackup=true, keepIncrementalCompilationCachesInMemory=true, enableUnsafeIncrementalCompilationForMultiplatform=false), outputFiles=[/home/runner/work/atrangi-document-workspace/atrangi-document-workspace/app/build/tmp/kotlin-classes/debug, /home/runner/work/atrangi-document-workspace/atrangi-document-workspace/app/build/kotlin/compileDebugKotlin/cacheable, /home/runner/work/atrangi-document-workspace/atrangi-document-workspace/app/build/kotlin/compileDebugKotlin/local-state])
e: file:///home/runner/work/atrangi-document-workspace/atrangi-document-workspace/app/src/main/java/com/atrangi/documentworkspace/UpdateActivity.kt:18:16 Unresolved reference 'BuildConfig'.
e: file:///home/runner/work/atrangi-document-workspace/atrangi-document-workspace/app/src/main/java/com/atrangi/documentworkspace/UpdateManager.kt:83:49 Unresolved reference 'BuildConfig'.
e: file:///home/runner/work/atrangi-document-workspace/atrangi-document-workspace/app/src/main/java/com/atrangi/documentworkspace/UpdateManager.kt:84:16 Unresolved reference 'BuildConfig'.
e: file:///home/runner/work/atrangi-document-workspace/atrangi-document-workspace/app/src/main/java/com/atrangi/documentworkspace/UpdateManager.kt:123:59 Unresolved reference 'BuildConfig'.
e: file:///home/runner/work/atrangi-document-workspace/atrangi-document-workspace/app/src/main/java/com/atrangi/documentworkspace/UpdateManager.kt:124:70 Unresolved reference 'BuildConfig'.
e: file:///home/runner/work/atrangi-document-workspace/atrangi-document-workspace/app/src/main/java/com/atrangi/documentworkspace/UpdateManager.kt:125:73 Unresolved reference 'BuildConfig'.
e: file:///home/runner/work/atrangi-document-workspace/atrangi-document-workspace/app/src/main/java/com/atrangi/documentworkspace/UpdateManager.kt:138:56 Unresolved reference 'BuildConfig'.
Finished executing kotlin compiler using DAEMON strategy

> Task :app:compileDebugKotlin FAILED
AAPT2 aapt2-8.7.3-12006047-linux Daemon #0: shutdown
gradle/actions: Writing build results to /home/runner/work/_temp/.gradle-actions/build-results/gradle_build-1785260497987.json

FAILURE: Build failed with an exception.

* What went wrong:
Execution failed for task ':app:compileDebugKotlin'.
> A failure occurred while executing org.jetbrains.kotlin.compilerRunner.GradleCompilerRunnerWithWorkers$GradleKotlinCompilerWorkAction
   > Compilation error. See log for more details

* Try:
> Run with --debug option to get more log output.
> Run with --scan to get full insights.
> Get more help at https://help.gradle.org.

* Exception is:
org.gradle.api.tasks.TaskExecutionException: Execution failed for task ':app:compileDebugKotlin'.
	at org.gradle.api.internal.tasks.execution.ExecuteActionsTaskExecuter.lambda$executeIfValid$1(ExecuteActionsTaskExecuter.java:130)
	at org.gradle.internal.Try$Failure.ifSuccessfulOrElse(Try.java:293)
	at org.gradle.api.internal.tasks.execution.ExecuteActionsTaskExecuter.executeIfValid(ExecuteActionsTaskExecuter.java:128)
	at org.gradle.api.internal.tasks.execution.ExecuteActionsTaskExecuter.execute(ExecuteActionsTaskExecuter.java:116)
	at org.gradle.api.internal.tasks.execution.FinalizePropertiesTaskExecuter.execute(FinalizePropertiesTaskExecuter.java:46)
	at org.gradle.api.internal.tasks.execution.ResolveTaskExecutionModeExecuter.execute(ResolveTaskExecutionModeExecuter.java:51)
	at org.gradle.api.internal.tasks.execution.SkipTaskWithNoActionsExecuter.execute(SkipTaskWithNoActionsExecuter.java:57)
	at org.gradle.api.internal.tasks.execution.SkipOnlyIfTaskExecuter.execute(SkipOnlyIfTaskExecuter.java:74)
	at org.gradle.api.internal.tasks.execution.CatchExceptionTaskExecuter.execute(CatchExceptionTaskExecuter.java:36)
	at org.gradle.api.internal.tasks.execution.EventFiringTaskExecuter$1.executeTask(EventFiringTaskExecuter.java:77)
	at org.gradle.api.internal.tasks.execution.EventFiringTaskExecuter$1.call(EventFiringTaskExecuter.java:55)
	at org.gradle.api.internal.tasks.execution.EventFiringTaskExecuter$1.call(EventFiringTaskExecuter.java:52)
	at org.gradle.internal.operations.DefaultBuildOperationRunner$CallableBuildOperationWorker.execute(DefaultBuildOperationRunner.java:209)
	at org.gradle.internal.operations.DefaultBuildOperationRunner$CallableBuildOperationWorker.execute(DefaultBuildOperationRunner.java:204)
	at org.gradle.internal.operations.DefaultBuildOperationRunner$2.execute(DefaultBuildOperationRunner.java:66)
	at org.gradle.internal.operations.DefaultBuildOperationRunner$2.execute(DefaultBuildOperationRunner.java:59)
	at org.gradle.internal.operations.DefaultBuildOperationRunner.execute(DefaultBuildOperationRunner.java:166)
	at org.gradle.internal.operations.DefaultBuildOperationRunner.execute(DefaultBuildOperationRunner.java:59)
	at org.gradle.internal.operations.DefaultBuildOperationRunner.call(DefaultBuildOperationRunner.java:53)
	at org.gradle.api.internal.tasks.execution.EventFiringTaskExecuter.execute(EventFiringTaskExecuter.java:52)
	at org.gradle.execution.plan.LocalTaskNodeExecutor.execute(LocalTaskNodeExecutor.java:42)
	at org.gradle.execution.taskgraph.DefaultTaskExecutionGraph$InvokeNodeExecutorsAction.execute(DefaultTaskExecutionGraph.java:331)
	at org.gradle.execution.taskgraph.DefaultTaskExecutionGraph$InvokeNodeExecutorsAction.execute(DefaultTaskExecutionGraph.java:318)
	at org.gradle.execution.taskgraph.DefaultTaskExecutionGraph$BuildOperationAwareExecutionAction.lambda$execute$0(DefaultTaskExecutionGraph.java:314)
	at org.gradle.internal.operations.CurrentBuildOperationRef.with(CurrentBuildOperationRef.java:85)
	at org.gradle.execution.taskgraph.DefaultTaskExecutionGraph$BuildOperationAwareExecutionAction.execute(DefaultTaskExecutionGraph.java:314)
	at org.gradle.execution.taskgraph.DefaultTaskExecutionGraph$BuildOperationAwareExecutionAction.execute(DefaultTaskExecutionGraph.java:303)
	at org.gradle.execution.plan.DefaultPlanExecutor$ExecutorWorker.execute(DefaultPlanExecutor.java:459)
	at org.gradle.execution.plan.DefaultPlanExecutor$ExecutorWorker.run(DefaultPlanExecutor.java:376)
	at org.gradle.internal.concurrent.ExecutorPolicy$CatchAndRecordFailures.onExecute(ExecutorPolicy.java:64)
	at org.gradle.internal.concurrent.AbstractManagedExecutor$1.run(AbstractManagedExecutor.java:48)
Caused by: org.gradle.workers.internal.DefaultWorkerExecutor$WorkExecutionException: A failure occurred while executing org.jetbrains.kotlin.compilerRunner.GradleCompilerRunnerWithWorkers$GradleKotlinCompilerWorkAction
	at org.gradle.workers.internal.DefaultWorkerExecutor$WorkItemExecution.waitForCompletion(DefaultWorkerExecutor.java:287)
	at org.gradle.internal.work.DefaultAsyncWorkTracker.lambda$waitForItemsAndGatherFailures$2(DefaultAsyncWorkTracker.java:130)
	at org.gradle.internal.Factories$1.create(Factories.java:31)
	at org.gradle.internal.work.DefaultWorkerLeaseService.withoutLocks(DefaultWorkerLeaseService.java:339)
	at org.gradle.internal.work.DefaultWorkerLeaseService.withoutLocks(DefaultWorkerLeaseService.java:322)
	at org.gradle.internal.work.DefaultWorkerLeaseService.withoutLock(DefaultWorkerLeaseService.java:327)
	at org.gradle.internal.work.DefaultAsyncWorkTracker.waitForItemsAndGatherFailures(DefaultAsyncWorkTracker.java:126)
	at org.gradle.internal.work.DefaultAsyncWorkTracker.waitForItemsAndGatherFailures(DefaultAsyncWorkTracker.java:92)
	at org.gradle.internal.work.DefaultAsyncWorkTracker.waitForAll(DefaultAsyncWorkTracker.java:78)
	at org.gradle.internal.work.DefaultAsyncWorkTracker.waitForCompletion(DefaultAsyncWorkTracker.java:66)
	at org.gradle.api.internal.tasks.execution.TaskExecution$3.run(TaskExecution.java:252)
	at org.gradle.internal.operations.DefaultBuildOperationRunner$1.execute(DefaultBuildOperationRunner.java:29)
	at org.gradle.internal.operations.DefaultBuildOperationRunner$1.execute(DefaultBuildOperationRunner.java:26)
	at org.gradle.internal.operations.DefaultBuildOperationRunner$2.execute(DefaultBuildOperationRunner.java:66)
	at org.gradle.internal.operations.DefaultBuildOperationRunner$2.execute(DefaultBuildOperationRunner.java:59)
	at org.gradle.internal.operations.DefaultBuildOperationRunner.execute(DefaultBuildOperationRunner.java:166)
	at org.gradle.internal.operations.DefaultBuildOperationRunner.execute(DefaultBuildOperationRunner.java:59)
	at org.gradle.internal.operations.DefaultBuildOperationRunner.run(DefaultBuildOperationRunner.java:47)
	at org.gradle.api.internal.tasks.execution.TaskExecution.executeAction(TaskExecution.java:229)
	at org.gradle.api.internal.tasks.execution.TaskExecution.executeActions(TaskExecution.java:212)
	at org.gradle.api.internal.tasks.execution.TaskExecution.executeWithPreviousOutputFiles(TaskExecution.java:195)
	at org.gradle.api.internal.tasks.execution.TaskExecution.execute(TaskExecution.java:162)
	at org.gradle.internal.execution.steps.ExecuteStep.executeInternal(ExecuteStep.java:105)
	at org.gradle.internal.execution.steps.ExecuteStep.access$000(ExecuteStep.java:44)
	at org.gradle.internal.execution.steps.ExecuteStep$1.call(ExecuteStep.java:59)
	at org.gradle.internal.execution.steps.ExecuteStep$1.call(ExecuteStep.java:56)
	at org.gradle.internal.operations.DefaultBuildOperationRunner$CallableBuildOperationWorker.execute(DefaultBuildOperationRunner.java:209)
	at org.gradle.internal.operations.DefaultBuildOperationRunner$CallableBuildOperationWorker.execute(DefaultBuildOperationRunner.java:204)
	at org.gradle.internal.operations.DefaultBuildOperationRunner$2.execute(DefaultBuildOperationRunner.java:66)
	at org.gradle.internal.operations.DefaultBuildOperationRunner$2.execute(DefaultBuildOperationRunner.java:59)
	at org.gradle.internal.operations.DefaultBuildOperationRunner.execute(DefaultBuildOperationRunner.java:166)
	at org.gradle.internal.operations.DefaultBuildOperationRunner.execute(DefaultBuildOperationRunner.java:59)
	at org.gradle.internal.operations.DefaultBuildOperationRunner.call(DefaultBuildOperationRunner.java:53)
	at org.gradle.internal.execution.steps.ExecuteStep.execute(ExecuteStep.java:56)
	at org.gradle.internal.execution.steps.ExecuteStep.execute(ExecuteStep.java:44)
	at org.gradle.internal.execution.steps.CancelExecutionStep.execute(CancelExecutionStep.java:42)
	at org.gradle.internal.execution.steps.TimeoutStep.executeWithoutTimeout(TimeoutStep.java:75)
	at org.gradle.internal.execution.steps.TimeoutStep.execute(TimeoutStep.java:55)
	at org.gradle.internal.execution.steps.PreCreateOutputParentsStep.execute(PreCreateOutputParentsStep.java:50)
	at org.gradle.internal.execution.steps.PreCreateOutputParentsStep.execute(PreCreateOutputParentsStep.java:28)
	at org.gradle.internal.execution.steps.RemovePreviousOutputsStep.execute(RemovePreviousOutputsStep.java:67)
	at org.gradle.internal.execution.steps.RemovePreviousOutputsStep.execute(RemovePreviousOutputsStep.java:37)
	at org.gradle.internal.execution.steps.BroadcastChangingOutputsStep.execute(BroadcastChangingOutputsStep.java:61)
	at org.gradle.internal.execution.steps.BroadcastChangingOutputsStep.execute(BroadcastChangingOutputsStep.java:26)
	at org.gradle.internal.execution.steps.CaptureOutputsAfterExecutionStep.execute(CaptureOutputsAfterExecutionStep.java:69)
	at org.gradle.internal.execution.steps.CaptureOutputsAfterExecutionStep.execute(CaptureOutputsAfterExecutionStep.java:46)
	at org.gradle.internal.execution.steps.ResolveInputChangesStep.execute(ResolveInputChangesStep.java:40)
	at org.gradle.internal.execution.steps.ResolveInputChangesStep.execute(ResolveInputChangesStep.java:29)
	at org.gradle.internal.execution.steps.BuildCacheStep.executeWithoutCache(BuildCacheStep.java:189)
	at org.gradle.internal.execution.steps.BuildCacheStep.lambda$execute$1(BuildCacheStep.java:75)
	at org.gradle.internal.Either$Right.fold(Either.java:175)
	at org.gradle.internal.execution.caching.CachingState.fold(CachingState.java:62)
	at org.gradle.internal.execution.steps.BuildCacheStep.execute(BuildCacheStep.java:73)
	at org.gradle.internal.execution.steps.BuildCacheStep.execute(BuildCacheStep.java:48)
	at org.gradle.internal.execution.steps.StoreExecutionStateStep.execute(StoreExecutionStateStep.java:46)
	at org.gradle.internal.execution.steps.StoreExecutionStateStep.execute(StoreExecutionStateStep.java:35)
	at org.gradle.internal.execution.steps.SkipUpToDateStep.executeBecause(SkipUpToDateStep.java:75)
	at org.gradle.internal.execution.steps.SkipUpToDateStep.lambda$execute$2(SkipUpToDateStep.java:53)
	at org.gradle.internal.execution.steps.SkipUpToDateStep.execute(SkipUpToDateStep.java:53)
	at org.gradle.internal.execution.steps.SkipUpToDateStep.execute(SkipUpToDateStep.java:35)
	at org.gradle.internal.execution.steps.legacy.MarkSnapshottingInputsFinishedStep.execute(MarkSnapshottingInputsFinishedStep.java:37)
	at org.gradle.internal.execution.steps.legacy.MarkSnapshottingInputsFinishedStep.execute(MarkSnapshottingInputsFinishedStep.java:27)
	at org.gradle.internal.execution.steps.ResolveIncrementalCachingStateStep.executeDelegate(ResolveIncrementalCachingStateStep.java:49)
	at org.gradle.internal.execution.steps.ResolveIncrementalCachingStateStep.executeDelegate(ResolveIncrementalCachingStateStep.java:27)
	at org.gradle.internal.execution.steps.AbstractResolveCachingStateStep.execute(AbstractResolveCachingStateStep.java:71)
	at org.gradle.internal.execution.steps.AbstractResolveCachingStateStep.execute(AbstractResolveCachingStateStep.java:39)
	at org.gradle.internal.execution.steps.ResolveChangesStep.execute(ResolveChangesStep.java:65)
	at org.gradle.internal.execution.steps.ResolveChangesStep.execute(ResolveChangesStep.java:36)
	at org.gradle.internal.execution.steps.ValidateStep.execute(ValidateStep.java:105)
	at org.gradle.internal.execution.steps.ValidateStep.execute(ValidateStep.java:54)
	at org.gradle.internal.execution.steps.AbstractCaptureStateBeforeExecutionStep.execute(AbstractCaptureStateBeforeExecutionStep.java:64)
	at org.gradle.internal.execution.steps.AbstractCaptureStateBeforeExecutionStep.execute(AbstractCaptureStateBeforeExecutionStep.java:43)
	at org.gradle.internal.execution.steps.AbstractSkipEmptyWorkStep.executeWithNonEmptySources(AbstractSkipEmptyWorkStep.java:125)
	at org.gradle.internal.execution.steps.AbstractSkipEmptyWorkStep.execute(AbstractSkipEmptyWorkStep.java:61)
	at org.gradle.internal.execution.steps.AbstractSkipEmptyWorkStep.execute(AbstractSkipEmptyWorkStep.java:36)
	at org.gradle.internal.execution.steps.legacy.MarkSnapshottingInputsStartedStep.execute(MarkSnapshottingInputsStartedStep.java:38)
	at org.gradle.internal.execution.steps.LoadPreviousExecutionStateStep.execute(LoadPreviousExecutionStateStep.java:36)
	at org.gradle.internal.execution.steps.LoadPreviousExecutionStateStep.execute(LoadPreviousExecutionStateStep.java:23)
	at org.gradle.internal.execution.steps.HandleStaleOutputsStep.execute(HandleStaleOutputsStep.java:75)
	at org.gradle.internal.execution.steps.HandleStaleOutputsStep.execute(HandleStaleOutputsStep.java:41)
	at org.gradle.internal.execution.steps.AssignMutableWorkspaceStep.lambda$execute$0(AssignMutableWorkspaceStep.java:35)
	at org.gradle.api.internal.tasks.execution.TaskExecution$4.withWorkspace(TaskExecution.java:289)
	at org.gradle.internal.execution.steps.AssignMutableWorkspaceStep.execute(AssignMutableWorkspaceStep.java:31)
	at org.gradle.internal.execution.steps.AssignMutableWorkspaceStep.execute(AssignMutableWorkspaceStep.java:22)
	at org.gradle.internal.execution.steps.ChoosePipelineStep.execute(ChoosePipelineStep.java:40)
	at org.gradle.internal.execution.steps.ChoosePipelineStep.execute(ChoosePipelineStep.java:23)
	at org.gradle.internal.execution.steps.ExecuteWorkBuildOperationFiringStep.lambda$execute$2(ExecuteWorkBuildOperationFiringStep.java:67)
	at org.gradle.internal.execution.steps.ExecuteWorkBuildOperationFiringStep.execute(ExecuteWorkBuildOperationFiringStep.java:67)
	at org.gradle.internal.execution.steps.ExecuteWorkBuildOperationFiringStep.execute(ExecuteWorkBuildOperationFiringStep.java:39)
	at org.gradle.internal.execution.steps.IdentityCacheStep.execute(IdentityCacheStep.java:46)
	at org.gradle.internal.execution.steps.IdentityCacheStep.execute(IdentityCacheStep.java:34)
	at org.gradle.internal.execution.steps.IdentifyStep.execute(IdentifyStep.java:48)
	at org.gradle.internal.execution.steps.IdentifyStep.execute(IdentifyStep.java:35)
	at org.gradle.internal.execution.impl.DefaultExecutionEngine$1.execute(DefaultExecutionEngine.java:61)
	at org.gradle.api.internal.tasks.execution.ExecuteActionsTaskExecuter.executeIfValid(ExecuteActionsTaskExecuter.java:127)
	at org.gradle.api.internal.tasks.execution.ExecuteActionsTaskExecuter.execute(ExecuteActionsTaskExecuter.java:116)
	at org.gradle.api.internal.tasks.execution.FinalizePropertiesTaskExecuter.execute(FinalizePropertiesTaskExecuter.java:46)
	at org.gradle.api.internal.tasks.execution.ResolveTaskExecutionModeExecuter.execute(ResolveTaskExecutionModeExecuter.java:51)
	at org.gradle.api.internal.tasks.execution.SkipTaskWithNoActionsExecuter.execute(SkipTaskWithNoActionsExecuter.java:57)
	at org.gradle.api.internal.tasks.execution.SkipOnlyIfTaskExecuter.execute(SkipOnlyIfTaskExecuter.java:74)
	at org.gradle.api.internal.tasks.execution.CatchExceptionTaskExecuter.execute(CatchExceptionTaskExecuter.java:36)
	at org.gradle.api.internal.tasks.execution.EventFiringTaskExecuter$1.executeTask(EventFiringTaskExecuter.java:77)
	at org.gradle.api.internal.tasks.execution.EventFiringTaskExecuter$1.call(EventFiringTaskExecuter.java:55)
	at org.gradle.api.internal.tasks.execution.EventFiringTaskExecuter$1.call(EventFiringTaskExecuter.java:52)
	at org.gradle.internal.operations.DefaultBuildOperationRunner$CallableBuildOperationWorker.execute(DefaultBuildOperationRunner.java:209)
	at org.gradle.internal.operations.DefaultBuildOperationRunner$CallableBuildOperationWorker.execute(DefaultBuildOperationRunner.java:204)
	at org.gradle.internal.operations.DefaultBuildOperationRunner$2.execute(DefaultBuildOperationRunner.java:66)
	at org.gradle.internal.operations.DefaultBuildOperationRunner$2.execute(DefaultBuildOperationRunner.java:59)
	at org.gradle.internal.operations.DefaultBuildOperationRunner.execute(DefaultBuildOperationRunner.java:166)
	at org.gradle.internal.operations.DefaultBuildOperationRunner.execute(DefaultBuildOperationRunner.java:59)
	at org.gradle.internal.operations.DefaultBuildOperationRunner.call(DefaultBuildOperationRunner.java:53)
	at org.gradle.api.internal.tasks.execution.EventFiringTaskExecuter.execute(EventFiringTaskExecuter.java:52)
	at org.gradle.execution.plan.LocalTaskNodeExecutor.execute(LocalTaskNodeExecutor.java:42)
	at org.gradle.execution.taskgraph.DefaultTaskExecutionGraph$InvokeNodeExecutorsAction.execute(DefaultTaskExecutionGraph.java:331)
	at org.gradle.execution.taskgraph.DefaultTaskExecutionGraph$InvokeNodeExecutorsAction.execute(DefaultTaskExecutionGraph.java:318)
	at org.gradle.execution.taskgraph.DefaultTaskExecutionGraph$BuildOperationAwareExecutionAction.lambda$execute$0(DefaultTaskExecutionGraph.java:314)
	at org.gradle.internal.operations.CurrentBuildOperationRef.with(CurrentBuildOperationRef.java:85)
	at org.gradle.execution.taskgraph.DefaultTaskExecutionGraph$BuildOperationAwareExecutionAction.execute(DefaultTaskExecutionGraph.java:314)
	at org.gradle.execution.taskgraph.DefaultTaskExecutionGraph$BuildOperationAwareExecutionAction.execute(DefaultTaskExecutionGraph.java:303)
	at org.gradle.execution.plan.DefaultPlanExecutor$ExecutorWorker.execute(DefaultPlanExecutor.java:459)
	at org.gradle.execution.plan.DefaultPlanExecutor$ExecutorWorker.run(DefaultPlanExecutor.java:376)
	at org.gradle.internal.concurrent.ExecutorPolicy$CatchAndRecordFailures.onExecute(ExecutorPolicy.java:64)
	at org.gradle.internal.concurrent.AbstractManagedExecutor$1.run(AbstractManagedExecutor.java:48)
Caused by: org.jetbrains.kotlin.gradle.tasks.CompilationErrorException: Compilation error. See log for more details
	at org.jetbrains.kotlin.gradle.tasks.TasksUtilsKt.throwExceptionIfCompilationFailed(tasksUtils.kt:21)
	at org.jetbrains.kotlin.compilerRunner.GradleKotlinCompilerWork.run(GradleKotlinCompilerWork.kt:119)
	at org.jetbrains.kotlin.compilerRunner.GradleCompilerRunnerWithWorkers$GradleKotlinCompilerWorkAction.execute(GradleCompilerRunnerWithWorkers.kt:76)
	at org.gradle.workers.internal.DefaultWorkerServer.execute(DefaultWorkerServer.java:63)
	at org.gradle.workers.internal.NoIsolationWorkerFactory$1$1.create(NoIsolationWorkerFactory.java:66)
	at org.gradle.workers.internal.NoIsolationWorkerFactory$1$1.create(NoIsolationWorkerFactory.java:62)
	at org.gradle.internal.classloader.ClassLoaderUtils.executeInClassloader(ClassLoaderUtils.java:100)
	at org.gradle.workers.internal.NoIsolationWorkerFactory$1.lambda$execute$0(NoIsolationWorkerFactory.java:62)
	at org.gradle.workers.internal.AbstractWorker$1.call(AbstractWorker.java:44)
	at org.gradle.workers.internal.AbstractWorker$1.call(AbstractWorker.java:41)
	at org.gradle.internal.operations.DefaultBuildOperationRunner$CallableBuildOperationWorker.execute(DefaultBuildOperationRunner.java:209)
	at org.gradle.internal.operations.DefaultBuildOperationRunner$CallableBuildOperationWorker.execute(DefaultBuildOperationRunner.java:204)
	at org.gradle.internal.operations.DefaultBuildOperationRunner$2.execute(DefaultBuildOperationRunner.java:66)
	at org.gradle.internal.operations.DefaultBuildOperationRunner$2.execute(DefaultBuildOperationRunner.java:59)
	at org.gradle.internal.operations.DefaultBuildOperationRunner.execute(DefaultBuildOperationRunner.java:166)
	at org.gradle.internal.operations.DefaultBuildOperationRunner.execute(DefaultBuildOperationRunner.java:59)
	at org.gradle.internal.operations.DefaultBuildOperationRunner.call(DefaultBuildOperationRunner.java:53)
	at org.gradle.workers.internal.AbstractWorker.executeWrappedInBuildOperation(AbstractWorker.java:41)
	at org.gradle.workers.internal.NoIsolationWorkerFactory$1.execute(NoIsolationWorkerFactory.java:59)
	at org.gradle.workers.internal.DefaultWorkerExecutor.lambda$submitWork$0(DefaultWorkerExecutor.java:174)
	at org.gradle.internal.work.DefaultConditionalExecutionQueue$ExecutionRunner.runExecution(DefaultConditionalExecutionQueue.java:195)
	at org.gradle.internal.work.DefaultConditionalExecutionQueue$ExecutionRunner.access$700(DefaultConditionalExecutionQueue.java:128)
	at org.gradle.internal.work.DefaultConditionalExecutionQueue$ExecutionRunner$1.run(DefaultConditionalExecutionQueue.java:170)
	at org.gradle.internal.Factories$1.create(Factories.java:31)
	at org.gradle.internal.work.DefaultWorkerLeaseService.withLocks(DefaultWorkerLeaseService.java:267)
	at org.gradle.internal.work.DefaultWorkerLeaseService.runAsWorkerThread(DefaultWorkerLeaseService.java:131)
	at org.gradle.internal.work.DefaultWorkerLeaseService.runAsWorkerThread(DefaultWorkerLeaseService.java:136)
	at org.gradle.internal.work.DefaultConditionalExecutionQueue$ExecutionRunner.runBatch(DefaultConditionalExecutionQueue.java:165)
	at org.gradle.internal.work.DefaultConditionalExecutionQueue$ExecutionRunner.run(DefaultConditionalExecutionQueue.java:134)
	... 2 more


BUILD FAILED in 22s
26 actionable tasks: 26 executed
